DL_Track apo=data/external/dl_track/v0.3.1/models_v0.3.0/model-apo-VGG16_DiceBCE_512_300.h5
DL_Track fasc=data/external/dl_track/v0.3.1/models_v0.3.0/model-fasc-VGG16_DiceBCE_200_512.h5
WARNING: All log messages before absl::InitializeLog() is called are written to STDERR
I0000 00:00:1788933662.353049    3313 cpu_feature_guard.cc:227] This TensorFlow binary is optimized to use available CPU instructions in performance-critical operations.
To enable the following instructions: AVX2 FMA, in other operations, rebuild TensorFlow with the appropriate compiler flags.
I0000 00:00:1788933677.522985    3313 gpu_device.cc:2043] Created device /job:localhost/replica:0/task:0/device:GPU:0 with 14784 MB memory:  -> device: 0, name: Tesla T4, pci bus id: 0001:00:00.0, compute capability: 7.5
I0000 00:00:1788933677.525429    3313 gpu_device.cc:2043] Created device /job:localhost/replica:0/task:0/device:GPU:1 with 14784 MB memory:  -> device: 1, name: Tesla T4, pci bus id: 0002:00:00.0, compute capability: 7.5
I0000 00:00:1788933677.527737    3313 gpu_device.cc:2043] Created device /job:localhost/replica:0/task:0/device:GPU:2 with 14784 MB memory:  -> device: 2, name: Tesla T4, pci bus id: 0003:00:00.0, compute capability: 7.5
I0000 00:00:1788933677.530044    3313 gpu_device.cc:2043] Created device /job:localhost/replica:0/task:0/device:GPU:3 with 14784 MB memory:  -> device: 3, name: Tesla T4, pci bus id: 0004:00:00.0, compute capability: 7.5
Loaded DL_Track from data/external/dl_track
[ WARN:0@39.873] global grfmt_tiff.cpp:123 TIFF_Warning TIFFReadDirectory: Unknown field with tag 50838 (0xc696) encountered
[ WARN:0@39.873] global grfmt_tiff.cpp:123 TIFF_Warning TIFFReadDirectory: Unknown field with tag 50839 (0xc697) encountered
[ WARN:0@40.038] global grfmt_tiff.cpp:123 TIFF_Warning TIFFReadDirectory: Unknown field with tag 50838 (0xc696) encountered
[ WARN:0@40.038] global grfmt_tiff.cpp:123 TIFF_Warning TIFFReadDirectory: Unknown field with tag 50839 (0xc697) encountered
[ WARN:0@40.040] global grfmt_tiff.cpp:123 TIFF_Warning TIFFReadDirectory: Unknown field with tag 50838 (0xc696) encountered
[ WARN:0@40.040] global grfmt_tiff.cpp:123 TIFF_Warning TIFFReadDirectory: Unknown field with tag 50839 (0xc697) encountered
[ WARN:0@40.041] global grfmt_tiff.cpp:123 TIFF_Warning TIFFReadDirectory: Unknown field with tag 50838 (0xc696) encountered
[ WARN:0@40.041] global grfmt_tiff.cpp:123 TIFF_Warning TIFFReadDirectory: Unknown field with tag 50839 (0xc697) encountered
[ WARN:0@40.042] global grfmt_tiff.cpp:123 TIFF_Warning TIFFReadDirectory: Unknown field with tag 50838 (0xc696) encountered
[ WARN:0@40.042] global grfmt_tiff.cpp:123 TIFF_Warning TIFFReadDirectory: Unknown field with tag 50839 (0xc697) encountered
[ WARN:0@40.044] global grfmt_tiff.cpp:123 TIFF_Warning TIFFReadDirectory: Unknown field with tag 50838 (0xc696) encountered
[ WARN:0@40.044] global grfmt_tiff.cpp:123 TIFF_Warning TIFFReadDirectory: Unknown field with tag 50839 (0xc697) encountered
[ WARN:0@40.045] global grfmt_tiff.cpp:123 TIFF_Warning TIFFReadDirectory: Unknown field with tag 50838 (0xc696) encountered
[ WARN:0@40.045] global grfmt_tiff.cpp:123 TIFF_Warning TIFFReadDirectory: Unknown field with tag 50839 (0xc697) encountered
[ WARN:0@40.058] global grfmt_tiff.cpp:123 TIFF_Warning TIFFReadDirectory: Unknown field with tag 50838 (0xc696) encountered
[ WARN:0@40.058] global grfmt_tiff.cpp:123 TIFF_Warning TIFFReadDirectory: Unknown field with tag 50839 (0xc697) encountered
[ WARN:0@40.060] global grfmt_tiff.cpp:123 TIFF_Warning TIFFReadDirectory: Unknown field with tag 50838 (0xc696) encountered
[ WARN:0@40.060] global grfmt_tiff.cpp:123 TIFF_Warning TIFFReadDirectory: Unknown field with tag 50839 (0xc697) encountered
[ WARN:0@40.062] global grfmt_tiff.cpp:123 TIFF_Warning TIFFReadDirectory: Unknown field with tag 50838 (0xc696) encountered
[ WARN:0@40.062] global grfmt_tiff.cpp:123 TIFF_Warning TIFFReadDirectory: Unknown field with tag 50839 (0xc697) encountered
[ WARN:0@40.097] global grfmt_tiff.cpp:123 TIFF_Warning TIFFReadDirectory: Unknown field with tag 50838 (0xc696) encountered
[ WARN:0@40.097] global grfmt_tiff.cpp:123 TIFF_Warning TIFFReadDirectory: Unknown field with tag 50839 (0xc697) encountered
[ WARN:0@40.121] global grfmt_tiff.cpp:123 TIFF_Warning TIFFReadDirectory: Unknown field with tag 50838 (0xc696) encountered
[ WARN:0@40.121] global grfmt_tiff.cpp:123 TIFF_Warning TIFFReadDirectory: Unknown field with tag 50839 (0xc697) encountered
[ WARN:0@40.174] global grfmt_tiff.cpp:123 TIFF_Warning TIFFReadDirectory: Unknown field with tag 50838 (0xc696) encountered
[ WARN:0@40.174] global grfmt_tiff.cpp:123 TIFF_Warning TIFFReadDirectory: Unknown field with tag 50839 (0xc697) encountered
[ WARN:0@40.203] global grfmt_tiff.cpp:123 TIFF_Warning TIFFReadDirectory: Unknown field with tag 50838 (0xc696) encountered
[ WARN:0@40.203] global grfmt_tiff.cpp:123 TIFF_Warning TIFFReadDirectory: Unknown field with tag 50839 (0xc697) encountered
[ WARN:0@40.227] global grfmt_tiff.cpp:123 TIFF_Warning TIFFReadDirectory: Unknown field with tag 50838 (0xc696) encountered
[ WARN:0@40.227] global grfmt_tiff.cpp:123 TIFF_Warning TIFFReadDirectory: Unknown field with tag 50839 (0xc697) encountered
[ WARN:0@40.306] global grfmt_tiff.cpp:123 TIFF_Warning TIFFReadDirectory: Unknown field with tag 50838 (0xc696) encountered
[ WARN:0@40.306] global grfmt_tiff.cpp:123 TIFF_Warning TIFFReadDirectory: Unknown field with tag 50839 (0xc697) encountered
[ WARN:0@40.336] global grfmt_tiff.cpp:123 TIFF_Warning TIFFReadDirectory: Unknown field with tag 50838 (0xc696) encountered
[ WARN:0@40.336] global grfmt_tiff.cpp:123 TIFF_Warning TIFFReadDirectory: Unknown field with tag 50839 (0xc697) encountered
[ WARN:0@40.400] global grfmt_tiff.cpp:123 TIFF_Warning TIFFReadDirectory: Unknown field with tag 50838 (0xc696) encountered
[ WARN:0@40.401] global grfmt_tiff.cpp:123 TIFF_Warning TIFFReadDirectory: Unknown field with tag 50839 (0xc697) encountered
[ WARN:0@40.424] global grfmt_tiff.cpp:123 TIFF_Warning TIFFReadDirectory: Unknown field with tag 50838 (0xc696) encountered
[ WARN:0@40.424] global grfmt_tiff.cpp:123 TIFF_Warning TIFFReadDirectory: Unknown field with tag 50839 (0xc697) encountered
[ WARN:0@40.503] global grfmt_tiff.cpp:123 TIFF_Warning TIFFReadDirectory: Unknown field with tag 50838 (0xc696) encountered
[ WARN:0@40.503] global grfmt_tiff.cpp:123 TIFF_Warning TIFFReadDirectory: Unknown field with tag 50839 (0xc697) encountered
[ WARN:0@40.551] global grfmt_tiff.cpp:123 TIFF_Warning TIFFReadDirectory: Unknown field with tag 50838 (0xc696) encountered
[ WARN:0@40.551] global grfmt_tiff.cpp:123 TIFF_Warning TIFFReadDirectory: Unknown field with tag 50839 (0xc697) encountered
[ WARN:0@40.601] global grfmt_tiff.cpp:123 TIFF_Warning TIFFReadDirectory: Unknown field with tag 50838 (0xc696) encountered
[ WARN:0@40.601] global grfmt_tiff.cpp:123 TIFF_Warning TIFFReadDirectory: Unknown field with tag 50839 (0xc697) encountered
[ WARN:0@40.623] global grfmt_tiff.cpp:123 TIFF_Warning TIFFReadDirectory: Unknown field with tag 50838 (0xc696) encountered
[ WARN:0@40.623] global grfmt_tiff.cpp:123 TIFF_Warning TIFFReadDirectory: Unknown field with tag 50839 (0xc697) encountered
[ WARN:0@40.675] global grfmt_tiff.cpp:123 TIFF_Warning TIFFReadDirectory: Unknown field with tag 50838 (0xc696) encountered
[ WARN:0@40.675] global grfmt_tiff.cpp:123 TIFF_Warning TIFFReadDirectory: Unknown field with tag 50839 (0xc697) encountered
[ WARN:0@40.699] global grfmt_tiff.cpp:123 TIFF_Warning TIFFReadDirectory: Unknown field with tag 50838 (0xc696) encountered
[ WARN:0@40.699] global grfmt_tiff.cpp:123 TIFF_Warning TIFFReadDirectory: Unknown field with tag 50839 (0xc697) encountered
[ WARN:0@40.721] global grfmt_tiff.cpp:123 TIFF_Warning TIFFReadDirectory: Unknown field with tag 50838 (0xc696) encountered
[ WARN:0@40.721] global grfmt_tiff.cpp:123 TIFF_Warning TIFFReadDirectory: Unknown field with tag 50839 (0xc697) encountered
[ WARN:0@40.742] global grfmt_tiff.cpp:123 TIFF_Warning TIFFReadDirectory: Unknown field with tag 50838 (0xc696) encountered
[ WARN:0@40.742] global grfmt_tiff.cpp:123 TIFF_Warning TIFFReadDirectory: Unknown field with tag 50839 (0xc697) encountered
[ WARN:0@40.743] global grfmt_tiff.cpp:123 TIFF_Warning TIFFReadDirectory: Unknown field with tag 50838 (0xc696) encountered
[ WARN:0@40.743] global grfmt_tiff.cpp:123 TIFF_Warning TIFFReadDirectory: Unknown field with tag 50839 (0xc697) encountered
[ WARN:0@40.744] global grfmt_tiff.cpp:123 TIFF_Warning TIFFReadDirectory: Unknown field with tag 50838 (0xc696) encountered
[ WARN:0@40.744] global grfmt_tiff.cpp:123 TIFF_Warning TIFFReadDirectory: Unknown field with tag 50839 (0xc697) encountered
[ WARN:0@40.745] global grfmt_tiff.cpp:123 TIFF_Warning TIFFReadDirectory: Unknown field with tag 50838 (0xc696) encountered
[ WARN:0@40.745] global grfmt_tiff.cpp:123 TIFF_Warning TIFFReadDirectory: Unknown field with tag 50839 (0xc697) encountered
[ WARN:0@40.747] global grfmt_tiff.cpp:123 TIFF_Warning TIFFReadDirectory: Unknown field with tag 50838 (0xc696) encountered
[ WARN:0@40.748] global grfmt_tiff.cpp:123 TIFF_Warning TIFFReadDirectory: Unknown field with tag 50839 (0xc697) encountered
[ WARN:0@40.749] global grfmt_tiff.cpp:123 TIFF_Warning TIFFReadDirectory: Unknown field with tag 50838 (0xc696) encountered
[ WARN:0@40.749] global grfmt_tiff.cpp:123 TIFF_Warning TIFFReadDirectory: Unknown field with tag 50839 (0xc697) encountered
[ WARN:0@40.751] global grfmt_tiff.cpp:123 TIFF_Warning TIFFReadDirectory: Unknown field with tag 50838 (0xc696) encountered
[ WARN:0@40.751] global grfmt_tiff.cpp:123 TIFF_Warning TIFFReadDirectory: Unknown field with tag 50839 (0xc697) encountered
[ WARN:0@40.752] global grfmt_tiff.cpp:123 TIFF_Warning TIFFReadDirectory: Unknown field with tag 50838 (0xc696) encountered
[ WARN:0@40.752] global grfmt_tiff.cpp:123 TIFF_Warning TIFFReadDirectory: Unknown field with tag 50839 (0xc697) encountered
[ WARN:0@40.754] global grfmt_tiff.cpp:123 TIFF_Warning TIFFReadDirectory: Unknown field with tag 50838 (0xc696) encountered
[ WARN:0@40.754] global grfmt_tiff.cpp:123 TIFF_Warning TIFFReadDirectory: Unknown field with tag 50839 (0xc697) encountered
[ WARN:0@40.757] global grfmt_tiff.cpp:123 TIFF_Warning TIFFReadDirectory: Unknown field with tag 50838 (0xc696) encountered
[ WARN:0@40.757] global grfmt_tiff.cpp:123 TIFF_Warning TIFFReadDirectory: Unknown field with tag 50839 (0xc697) encountered
[ WARN:0@40.758] global grfmt_tiff.cpp:123 TIFF_Warning TIFFReadDirectory: Unknown field with tag 50838 (0xc696) encountered
[ WARN:0@40.758] global grfmt_tiff.cpp:123 TIFF_Warning TIFFReadDirectory: Unknown field with tag 50839 (0xc697) encountered
[ WARN:0@40.760] global grfmt_tiff.cpp:123 TIFF_Warning TIFFReadDirectory: Unknown field with tag 50838 (0xc696) encountered
[ WARN:0@40.760] global grfmt_tiff.cpp:123 TIFF_Warning TIFFReadDirectory: Unknown field with tag 50839 (0xc697) encountered
[ WARN:0@40.762] global grfmt_tiff.cpp:123 TIFF_Warning TIFFReadDirectory: Unknown field with tag 50838 (0xc696) encountered
[ WARN:0@40.762] global grfmt_tiff.cpp:123 TIFF_Warning TIFFReadDirectory: Unknown field with tag 50839 (0xc697) encountered
[ WARN:0@40.763] global grfmt_tiff.cpp:123 TIFF_Warning TIFFReadDirectory: Unknown field with tag 50838 (0xc696) encountered
[ WARN:0@40.763] global grfmt_tiff.cpp:123 TIFF_Warning TIFFReadDirectory: Unknown field with tag 50839 (0xc697) encountered
[ WARN:0@40.766] global grfmt_tiff.cpp:123 TIFF_Warning TIFFReadDirectory: Unknown field with tag 50838 (0xc696) encountered
[ WARN:0@40.766] global grfmt_tiff.cpp:123 TIFF_Warning TIFFReadDirectory: Unknown field with tag 50839 (0xc697) encountered
[ WARN:0@40.767] global grfmt_tiff.cpp:123 TIFF_Warning TIFFReadDirectory: Unknown field with tag 50838 (0xc696) encountered
[ WARN:0@40.767] global grfmt_tiff.cpp:123 TIFF_Warning TIFFReadDirectory: Unknown field with tag 50839 (0xc697) encountered
[ WARN:0@40.769] global grfmt_tiff.cpp:123 TIFF_Warning TIFFReadDirectory: Unknown field with tag 50838 (0xc696) encountered
[ WARN:0@40.769] global grfmt_tiff.cpp:123 TIFF_Warning TIFFReadDirectory: Unknown field with tag 50839 (0xc697) encountered
[ WARN:0@40.770] global grfmt_tiff.cpp:123 TIFF_Warning TIFFReadDirectory: Unknown field with tag 50838 (0xc696) encountered
[ WARN:0@40.770] global grfmt_tiff.cpp:123 TIFF_Warning TIFFReadDirectory: Unknown field with tag 50839 (0xc697) encountered
[ WARN:0@40.773] global grfmt_tiff.cpp:123 TIFF_Warning TIFFReadDirectory: Unknown field with tag 50838 (0xc696) encountered
[ WARN:0@40.773] global grfmt_tiff.cpp:123 TIFF_Warning TIFFReadDirectory: Unknown field with tag 50839 (0xc697) encountered
[ WARN:0@40.775] global grfmt_tiff.cpp:123 TIFF_Warning TIFFReadDirectory: Unknown field with tag 50838 (0xc696) encountered
[ WARN:0@40.775] global grfmt_tiff.cpp:123 TIFF_Warning TIFFReadDirectory: Unknown field with tag 50839 (0xc697) encountered
[ WARN:0@40.777] global grfmt_tiff.cpp:123 TIFF_Warning TIFFReadDirectory: Unknown field with tag 50838 (0xc696) encountered
[ WARN:0@40.777] global grfmt_tiff.cpp:123 TIFF_Warning TIFFReadDirectory: Unknown field with tag 50839 (0xc697) encountered
[ WARN:0@40.778] global grfmt_tiff.cpp:123 TIFF_Warning TIFFReadDirectory: Unknown field with tag 50838 (0xc696) encountered
[ WARN:0@40.778] global grfmt_tiff.cpp:123 TIFF_Warning TIFFReadDirectory: Unknown field with tag 50839 (0xc697) encountered
[ WARN:0@40.780] global grfmt_tiff.cpp:123 TIFF_Warning TIFFReadDirectory: Unknown field with tag 50838 (0xc696) encountered
[ WARN:0@40.780] global grfmt_tiff.cpp:123 TIFF_Warning TIFFReadDirectory: Unknown field with tag 50839 (0xc697) encountered
[ WARN:0@40.781] global grfmt_tiff.cpp:123 TIFF_Warning TIFFReadDirectory: Unknown field with tag 50838 (0xc696) encountered
[ WARN:0@40.781] global grfmt_tiff.cpp:123 TIFF_Warning TIFFReadDirectory: Unknown field with tag 50839 (0xc697) encountered
[ WARN:0@40.782] global grfmt_tiff.cpp:123 TIFF_Warning TIFFReadDirectory: Unknown field with tag 50838 (0xc696) encountered
[ WARN:0@40.782] global grfmt_tiff.cpp:123 TIFF_Warning TIFFReadDirectory: Unknown field with tag 50839 (0xc697) encountered
I0000 00:00:1788933682.245412    3674 cuda_dnn.cc:461] Loaded cuDNN version 92501
[ WARN:0@50.220] global grfmt_tiff.cpp:123 TIFF_Warning TIFFReadDirectory: Unknown field with tag 50838 (0xc696) encountered
[ WARN:0@50.220] global grfmt_tiff.cpp:123 TIFF_Warning TIFFReadDirectory: Unknown field with tag 50839 (0xc697) encountered
[ WARN:0@50.374] global grfmt_tiff.cpp:123 TIFF_Warning TIFFReadDirectory: Unknown field with tag 50838 (0xc696) encountered
[ WARN:0@50.374] global grfmt_tiff.cpp:123 TIFF_Warning TIFFReadDirectory: Unknown field with tag 50839 (0xc697) encountered
[ WARN:0@50.376] global grfmt_tiff.cpp:123 TIFF_Warning TIFFReadDirectory: Unknown field with tag 50838 (0xc696) encountered
[ WARN:0@50.376] global grfmt_tiff.cpp:123 TIFF_Warning TIFFReadDirectory: Unknown field with tag 50839 (0xc697) encountered
[ WARN:0@50.377] global grfmt_tiff.cpp:123 TIFF_Warning TIFFReadDirectory: Unknown field with tag 50838 (0xc696) encountered
[ WARN:0@50.377] global grfmt_tiff.cpp:123 TIFF_Warning TIFFReadDirectory: Unknown field with tag 50839 (0xc697) encountered
[ WARN:0@50.378] global grfmt_tiff.cpp:123 TIFF_Warning TIFFReadDirectory: Unknown field with tag 50838 (0xc696) encountered
[ WARN:0@50.378] global grfmt_tiff.cpp:123 TIFF_Warning TIFFReadDirectory: Unknown field with tag 50839 (0xc697) encountered
[ WARN:0@50.381] global grfmt_tiff.cpp:123 TIFF_Warning TIFFReadDirectory: Unknown field with tag 50838 (0xc696) encountered
[ WARN:0@50.381] global grfmt_tiff.cpp:123 TIFF_Warning TIFFReadDirectory: Unknown field with tag 50839 (0xc697) encountered
[ WARN:0@50.382] global grfmt_tiff.cpp:123 TIFF_Warning TIFFReadDirectory: Unknown field with tag 50838 (0xc696) encountered
[ WARN:0@50.382] global grfmt_tiff.cpp:123 TIFF_Warning TIFFReadDirectory: Unknown field with tag 50839 (0xc697) encountered
[ WARN:0@50.384] global grfmt_tiff.cpp:123 TIFF_Warning TIFFReadDirectory: Unknown field with tag 50838 (0xc696) encountered
[ WARN:0@50.384] global grfmt_tiff.cpp:123 TIFF_Warning TIFFReadDirectory: Unknown field with tag 50839 (0xc697) encountered
[ WARN:0@50.386] global grfmt_tiff.cpp:123 TIFF_Warning TIFFReadDirectory: Unknown field with tag 50838 (0xc696) encountered
[ WARN:0@50.386] global grfmt_tiff.cpp:123 TIFF_Warning TIFFReadDirectory: Unknown field with tag 50839 (0xc697) encountered
[ WARN:0@50.388] global grfmt_tiff.cpp:123 TIFF_Warning TIFFReadDirectory: Unknown field with tag 50838 (0xc696) encountered
[ WARN:0@50.388] global grfmt_tiff.cpp:123 TIFF_Warning TIFFReadDirectory: Unknown field with tag 50839 (0xc697) encountered
[ WARN:0@50.392] global grfmt_tiff.cpp:123 TIFF_Warning TIFFReadDirectory: Unknown field with tag 50838 (0xc696) encountered
[ WARN:0@50.392] global grfmt_tiff.cpp:123 TIFF_Warning TIFFReadDirectory: Unknown field with tag 50839 (0xc697) encountered
[ WARN:0@50.393] global grfmt_tiff.cpp:123 TIFF_Warning TIFFReadDirectory: Unknown field with tag 50838 (0xc696) encountered
[ WARN:0@50.393] global grfmt_tiff.cpp:123 TIFF_Warning TIFFReadDirectory: Unknown field with tag 50839 (0xc697) encountered
[ WARN:0@50.395] global grfmt_tiff.cpp:123 TIFF_Warning TIFFReadDirectory: Unknown field with tag 50838 (0xc696) encountered
[ WARN:0@50.395] global grfmt_tiff.cpp:123 TIFF_Warning TIFFReadDirectory: Unknown field with tag 50839 (0xc697) encountered
[ WARN:0@50.396] global grfmt_tiff.cpp:123 TIFF_Warning TIFFReadDirectory: Unknown field with tag 50838 (0xc696) encountered
[ WARN:0@50.396] global grfmt_tiff.cpp:123 TIFF_Warning TIFFReadDirectory: Unknown field with tag 50839 (0xc697) encountered
[ WARN:0@50.397] global grfmt_tiff.cpp:123 TIFF_Warning TIFFReadDirectory: Unknown field with tag 50838 (0xc696) encountered
[ WARN:0@50.397] global grfmt_tiff.cpp:123 TIFF_Warning TIFFReadDirectory: Unknown field with tag 50839 (0xc697) encountered
[ WARN:0@50.400] global grfmt_tiff.cpp:123 TIFF_Warning TIFFReadDirectory: Unknown field with tag 50838 (0xc696) encountered
[ WARN:0@50.400] global grfmt_tiff.cpp:123 TIFF_Warning TIFFReadDirectory: Unknown field with tag 50839 (0xc697) encountered
[ WARN:0@50.401] global grfmt_tiff.cpp:123 TIFF_Warning TIFFReadDirectory: Unknown field with tag 50838 (0xc696) encountered
[ WARN:0@50.401] global grfmt_tiff.cpp:123 TIFF_Warning TIFFReadDirectory: Unknown field with tag 50839 (0xc697) encountered
[ WARN:0@50.403] global grfmt_tiff.cpp:123 TIFF_Warning TIFFReadDirectory: Unknown field with tag 50838 (0xc696) encountered
[ WARN:0@50.403] global grfmt_tiff.cpp:123 TIFF_Warning TIFFReadDirectory: Unknown field with tag 50839 (0xc697) encountered
[ WARN:0@50.404] global grfmt_tiff.cpp:123 TIFF_Warning TIFFReadDirectory: Unknown field with tag 50838 (0xc696) encountered
[ WARN:0@50.404] global grfmt_tiff.cpp:123 TIFF_Warning TIFFReadDirectory: Unknown field with tag 50839 (0xc697) encountered
[ WARN:0@50.407] global grfmt_tiff.cpp:123 TIFF_Warning TIFFReadDirectory: Unknown field with tag 50838 (0xc696) encountered
[ WARN:0@50.407] global grfmt_tiff.cpp:123 TIFF_Warning TIFFReadDirectory: Unknown field with tag 50839 (0xc697) encountered
[ WARN:0@50.409] global grfmt_tiff.cpp:123 TIFF_Warning TIFFReadDirectory: Unknown field with tag 50838 (0xc696) encountered
[ WARN:0@50.409] global grfmt_tiff.cpp:123 TIFF_Warning TIFFReadDirectory: Unknown field with tag 50839 (0xc697) encountered
[ WARN:0@50.411] global grfmt_tiff.cpp:123 TIFF_Warning TIFFReadDirectory: Unknown field with tag 50838 (0xc696) encountered
[ WARN:0@50.411] global grfmt_tiff.cpp:123 TIFF_Warning TIFFReadDirectory: Unknown field with tag 50839 (0xc697) encountered
[ WARN:0@50.412] global grfmt_tiff.cpp:123 TIFF_Warning TIFFReadDirectory: Unknown field with tag 50838 (0xc696) encountered
[ WARN:0@50.412] global grfmt_tiff.cpp:123 TIFF_Warning TIFFReadDirectory: Unknown field with tag 50839 (0xc697) encountered
[ WARN:0@50.414] global grfmt_tiff.cpp:123 TIFF_Warning TIFFReadDirectory: Unknown field with tag 50838 (0xc696) encountered
[ WARN:0@50.414] global grfmt_tiff.cpp:123 TIFF_Warning TIFFReadDirectory: Unknown field with tag 50839 (0xc697) encountered
[ WARN:0@50.415] global grfmt_tiff.cpp:123 TIFF_Warning TIFFReadDirectory: Unknown field with tag 50838 (0xc696) encountered
[ WARN:0@50.415] global grfmt_tiff.cpp:123 TIFF_Warning TIFFReadDirectory: Unknown field with tag 50839 (0xc697) encountered
[ WARN:0@50.416] global grfmt_tiff.cpp:123 TIFF_Warning TIFFReadDirectory: Unknown field with tag 50838 (0xc696) encountered
[ WARN:0@50.416] global grfmt_tiff.cpp:123 TIFF_Warning TIFFReadDirectory: Unknown field with tag 50839 (0xc697) encountered
[ WARN:0@50.419] global grfmt_tiff.cpp:123 TIFF_Warning TIFFReadDirectory: Unknown field with tag 50838 (0xc696) encountered
[ WARN:0@50.419] global grfmt_tiff.cpp:123 TIFF_Warning TIFFReadDirectory: Unknown field with tag 50839 (0xc697) encountered
[ WARN:0@50.420] global grfmt_tiff.cpp:123 TIFF_Warning TIFFReadDirectory: Unknown field with tag 50838 (0xc696) encountered
[ WARN:0@50.420] global grfmt_tiff.cpp:123 TIFF_Warning TIFFReadDirectory: Unknown field with tag 50839 (0xc697) encountered
[ WARN:0@50.421] global grfmt_tiff.cpp:123 TIFF_Warning TIFFReadDirectory: Unknown field with tag 50838 (0xc696) encountered
[ WARN:0@50.421] global grfmt_tiff.cpp:123 TIFF_Warning TIFFReadDirectory: Unknown field with tag 50839 (0xc697) encountered
[ WARN:0@50.422] global grfmt_tiff.cpp:123 TIFF_Warning TIFFReadDirectory: Unknown field with tag 50838 (0xc696) encountered
[ WARN:0@50.422] global grfmt_tiff.cpp:123 TIFF_Warning TIFFReadDirectory: Unknown field with tag 50839 (0xc697) encountered
[ WARN:0@50.424] global grfmt_tiff.cpp:123 TIFF_Warning TIFFReadDirectory: Unknown field with tag 50838 (0xc696) encountered
[ WARN:0@50.424] global grfmt_tiff.cpp:123 TIFF_Warning TIFFReadDirectory: Unknown field with tag 50839 (0xc697) encountered
[ WARN:0@50.425] global grfmt_tiff.cpp:123 TIFF_Warning TIFFReadDirectory: Unknown field with tag 50838 (0xc696) encountered
[ WARN:0@50.425] global grfmt_tiff.cpp:123 TIFF_Warning TIFFReadDirectory: Unknown field with tag 50839 (0xc697) encountered
[ WARN:0@50.427] global grfmt_tiff.cpp:123 TIFF_Warning TIFFReadDirectory: Unknown field with tag 50838 (0xc696) encountered
[ WARN:0@50.427] global grfmt_tiff.cpp:123 TIFF_Warning TIFFReadDirectory: Unknown field with tag 50839 (0xc697) encountered
[ WARN:0@50.428] global grfmt_tiff.cpp:123 TIFF_Warning TIFFReadDirectory: Unknown field with tag 50838 (0xc696) encountered
[ WARN:0@50.428] global grfmt_tiff.cpp:123 TIFF_Warning TIFFReadDirectory: Unknown field with tag 50839 (0xc697) encountered
[ WARN:0@50.430] global grfmt_tiff.cpp:123 TIFF_Warning TIFFReadDirectory: Unknown field with tag 50838 (0xc696) encountered
[ WARN:0@50.430] global grfmt_tiff.cpp:123 TIFF_Warning TIFFReadDirectory: Unknown field with tag 50839 (0xc697) encountered
[ WARN:0@50.434] global grfmt_tiff.cpp:123 TIFF_Warning TIFFReadDirectory: Unknown field with tag 50838 (0xc696) encountered
[ WARN:0@50.434] global grfmt_tiff.cpp:123 TIFF_Warning TIFFReadDirectory: Unknown field with tag 50839 (0xc697) encountered
[ WARN:0@50.435] global grfmt_tiff.cpp:123 TIFF_Warning TIFFReadDirectory: Unknown field with tag 50838 (0xc696) encountered
[ WARN:0@50.435] global grfmt_tiff.cpp:123 TIFF_Warning TIFFReadDirectory: Unknown field with tag 50839 (0xc697) encountered
[ WARN:0@50.437] global grfmt_tiff.cpp:123 TIFF_Warning TIFFReadDirectory: Unknown field with tag 50838 (0xc696) encountered
[ WARN:0@50.437] global grfmt_tiff.cpp:123 TIFF_Warning TIFFReadDirectory: Unknown field with tag 50839 (0xc697) encountered
[ WARN:0@50.438] global grfmt_tiff.cpp:123 TIFF_Warning TIFFReadDirectory: Unknown field with tag 50838 (0xc696) encountered
[ WARN:0@50.438] global grfmt_tiff.cpp:123 TIFF_Warning TIFFReadDirectory: Unknown field with tag 50839 (0xc697) encountered
[ WARN:0@50.439] global grfmt_tiff.cpp:123 TIFF_Warning TIFFReadDirectory: Unknown field with tag 50838 (0xc696) encountered
[ WARN:0@50.439] global grfmt_tiff.cpp:123 TIFF_Warning TIFFReadDirectory: Unknown field with tag 50839 (0xc697) encountered
[ WARN:0@50.442] global grfmt_tiff.cpp:123 TIFF_Warning TIFFReadDirectory: Unknown field with tag 50838 (0xc696) encountered
[ WARN:0@50.442] global grfmt_tiff.cpp:123 TIFF_Warning TIFFReadDirectory: Unknown field with tag 50839 (0xc697) encountered
[ WARN:0@50.443] global grfmt_tiff.cpp:123 TIFF_Warning TIFFReadDirectory: Unknown field with tag 50838 (0xc696) encountered
[ WARN:0@50.443] global grfmt_tiff.cpp:123 TIFF_Warning TIFFReadDirectory: Unknown field with tag 50839 (0xc697) encountered
[ WARN:0@50.445] global grfmt_tiff.cpp:123 TIFF_Warning TIFFReadDirectory: Unknown field with tag 50838 (0xc696) encountered
[ WARN:0@50.445] global grfmt_tiff.cpp:123 TIFF_Warning TIFFReadDirectory: Unknown field with tag 50839 (0xc697) encountered
[ WARN:0@50.446] global grfmt_tiff.cpp:123 TIFF_Warning TIFFReadDirectory: Unknown field with tag 50838 (0xc696) encountered
[ WARN:0@50.446] global grfmt_tiff.cpp:123 TIFF_Warning TIFFReadDirectory: Unknown field with tag 50839 (0xc697) encountered
[ WARN:0@50.449] global grfmt_tiff.cpp:123 TIFF_Warning TIFFReadDirectory: Unknown field with tag 50838 (0xc696) encountered
[ WARN:0@50.449] global grfmt_tiff.cpp:123 TIFF_Warning TIFFReadDirectory: Unknown field with tag 50839 (0xc697) encountered
[ WARN:0@50.451] global grfmt_tiff.cpp:123 TIFF_Warning TIFFReadDirectory: Unknown field with tag 50838 (0xc696) encountered
[ WARN:0@50.451] global grfmt_tiff.cpp:123 TIFF_Warning TIFFReadDirectory: Unknown field with tag 50839 (0xc697) encountered
[ WARN:0@50.454] global grfmt_tiff.cpp:123 TIFF_Warning TIFFReadDirectory: Unknown field with tag 50838 (0xc696) encountered
[ WARN:0@50.454] global grfmt_tiff.cpp:123 TIFF_Warning TIFFReadDirectory: Unknown field with tag 50839 (0xc697) encountered
[ WARN:0@50.454] global grfmt_tiff.cpp:123 TIFF_Warning TIFFReadDirectory: Unknown field with tag 50838 (0xc696) encountered
[ WARN:0@50.454] global grfmt_tiff.cpp:123 TIFF_Warning TIFFReadDirectory: Unknown field with tag 50839 (0xc697) encountered
[ WARN:0@50.456] global grfmt_tiff.cpp:123 TIFF_Warning TIFFReadDirectory: Unknown field with tag 50838 (0xc696) encountered
[ WARN:0@50.456] global grfmt_tiff.cpp:123 TIFF_Warning TIFFReadDirectory: Unknown field with tag 50839 (0xc697) encountered
[ WARN:0@50.457] global grfmt_tiff.cpp:123 TIFF_Warning TIFFReadDirectory: Unknown field with tag 50838 (0xc696) encountered
[ WARN:0@50.457] global grfmt_tiff.cpp:123 TIFF_Warning TIFFReadDirectory: Unknown field with tag 50839 (0xc697) encountered
[ WARN:0@50.458] global grfmt_tiff.cpp:123 TIFF_Warning TIFFReadDirectory: Unknown field with tag 50838 (0xc696) encountered
[ WARN:0@50.458] global grfmt_tiff.cpp:123 TIFF_Warning TIFFReadDirectory: Unknown field with tag 50839 (0xc697) encountered
[ WARN:0@51.109] global grfmt_tiff.cpp:123 TIFF_Warning TIFFReadDirectory: Unknown field with tag 50838 (0xc696) encountered
[ WARN:0@51.109] global grfmt_tiff.cpp:123 TIFF_Warning TIFFReadDirectory: Unknown field with tag 50839 (0xc697) encountered
[ WARN:0@51.262] global grfmt_tiff.cpp:123 TIFF_Warning TIFFReadDirectory: Unknown field with tag 50838 (0xc696) encountered
[ WARN:0@51.262] global grfmt_tiff.cpp:123 TIFF_Warning TIFFReadDirectory: Unknown field with tag 50839 (0xc697) encountered
[ WARN:0@51.264] global grfmt_tiff.cpp:123 TIFF_Warning TIFFReadDirectory: Unknown field with tag 50838 (0xc696) encountered
[ WARN:0@51.264] global grfmt_tiff.cpp:123 TIFF_Warning TIFFReadDirectory: Unknown field with tag 50839 (0xc697) encountered
[ WARN:0@51.265] global grfmt_tiff.cpp:123 TIFF_Warning TIFFReadDirectory: Unknown field with tag 50838 (0xc696) encountered
[ WARN:0@51.265] global grfmt_tiff.cpp:123 TIFF_Warning TIFFReadDirectory: Unknown field with tag 50839 (0xc697) encountered
[ WARN:0@51.266] global grfmt_tiff.cpp:123 TIFF_Warning TIFFReadDirectory: Unknown field with tag 50838 (0xc696) encountered
[ WARN:0@51.266] global grfmt_tiff.cpp:123 TIFF_Warning TIFFReadDirectory: Unknown field with tag 50839 (0xc697) encountered
[ WARN:0@51.268] global grfmt_tiff.cpp:123 TIFF_Warning TIFFReadDirectory: Unknown field with tag 50838 (0xc696) encountered
[ WARN:0@51.268] global grfmt_tiff.cpp:123 TIFF_Warning TIFFReadDirectory: Unknown field with tag 50839 (0xc697) encountered
[ WARN:0@51.269] global grfmt_tiff.cpp:123 TIFF_Warning TIFFReadDirectory: Unknown field with tag 50838 (0xc696) encountered
[ WARN:0@51.270] global grfmt_tiff.cpp:123 TIFF_Warning TIFFReadDirectory: Unknown field with tag 50839 (0xc697) encountered
[ WARN:0@51.272] global grfmt_tiff.cpp:123 TIFF_Warning TIFFReadDirectory: Unknown field with tag 50838 (0xc696) encountered
[ WARN:0@51.272] global grfmt_tiff.cpp:123 TIFF_Warning TIFFReadDirectory: Unknown field with tag 50839 (0xc697) encountered
[ WARN:0@51.273] global grfmt_tiff.cpp:123 TIFF_Warning TIFFReadDirectory: Unknown field with tag 50838 (0xc696) encountered
[ WARN:0@51.273] global grfmt_tiff.cpp:123 TIFF_Warning TIFFReadDirectory: Unknown field with tag 50839 (0xc697) encountered
[ WARN:0@51.276] global grfmt_tiff.cpp:123 TIFF_Warning TIFFReadDirectory: Unknown field with tag 50838 (0xc696) encountered
[ WARN:0@51.276] global grfmt_tiff.cpp:123 TIFF_Warning TIFFReadDirectory: Unknown field with tag 50839 (0xc697) encountered
[ WARN:0@51.279] global grfmt_tiff.cpp:123 TIFF_Warning TIFFReadDirectory: Unknown field with tag 50838 (0xc696) encountered
[ WARN:0@51.279] global grfmt_tiff.cpp:123 TIFF_Warning TIFFReadDirectory: Unknown field with tag 50839 (0xc697) encountered
[ WARN:0@51.280] global grfmt_tiff.cpp:123 TIFF_Warning TIFFReadDirectory: Unknown field with tag 50838 (0xc696) encountered
[ WARN:0@51.280] global grfmt_tiff.cpp:123 TIFF_Warning TIFFReadDirectory: Unknown field with tag 50839 (0xc697) encountered
[ WARN:0@51.282] global grfmt_tiff.cpp:123 TIFF_Warning TIFFReadDirectory: Unknown field with tag 50838 (0xc696) encountered
[ WARN:0@51.282] global grfmt_tiff.cpp:123 TIFF_Warning TIFFReadDirectory: Unknown field with tag 50839 (0xc697) encountered
[ WARN:0@51.283] global grfmt_tiff.cpp:123 TIFF_Warning TIFFReadDirectory: Unknown field with tag 50838 (0xc696) encountered
[ WARN:0@51.283] global grfmt_tiff.cpp:123 TIFF_Warning TIFFReadDirectory: Unknown field with tag 50839 (0xc697) encountered
[ WARN:0@51.284] global grfmt_tiff.cpp:123 TIFF_Warning TIFFReadDirectory: Unknown field with tag 50838 (0xc696) encountered
[ WARN:0@51.284] global grfmt_tiff.cpp:123 TIFF_Warning TIFFReadDirectory: Unknown field with tag 50839 (0xc697) encountered
[ WARN:0@51.287] global grfmt_tiff.cpp:123 TIFF_Warning TIFFReadDirectory: Unknown field with tag 50838 (0xc696) encountered
[ WARN:0@51.287] global grfmt_tiff.cpp:123 TIFF_Warning TIFFReadDirectory: Unknown field with tag 50839 (0xc697) encountered
[ WARN:0@51.288] global grfmt_tiff.cpp:123 TIFF_Warning TIFFReadDirectory: Unknown field with tag 50838 (0xc696) encountered
[ WARN:0@51.288] global grfmt_tiff.cpp:123 TIFF_Warning TIFFReadDirectory: Unknown field with tag 50839 (0xc697) encountered
[ WARN:0@51.290] global grfmt_tiff.cpp:123 TIFF_Warning TIFFReadDirectory: Unknown field with tag 50838 (0xc696) encountered
[ WARN:0@51.290] global grfmt_tiff.cpp:123 TIFF_Warning TIFFReadDirectory: Unknown field with tag 50839 (0xc697) encountered
[ WARN:0@51.291] global grfmt_tiff.cpp:123 TIFF_Warning TIFFReadDirectory: Unknown field with tag 50838 (0xc696) encountered
[ WARN:0@51.291] global grfmt_tiff.cpp:123 TIFF_Warning TIFFReadDirectory: Unknown field with tag 50839 (0xc697) encountered
[ WARN:0@51.294] global grfmt_tiff.cpp:123 TIFF_Warning TIFFReadDirectory: Unknown field with tag 50838 (0xc696) encountered
[ WARN:0@51.295] global grfmt_tiff.cpp:123 TIFF_Warning TIFFReadDirectory: Unknown field with tag 50839 (0xc697) encountered
[ WARN:0@51.297] global grfmt_tiff.cpp:123 TIFF_Warning TIFFReadDirectory: Unknown field with tag 50838 (0xc696) encountered
[ WARN:0@51.297] global grfmt_tiff.cpp:123 TIFF_Warning TIFFReadDirectory: Unknown field with tag 50839 (0xc697) encountered
[ WARN:0@51.299] global grfmt_tiff.cpp:123 TIFF_Warning TIFFReadDirectory: Unknown field with tag 50838 (0xc696) encountered
[ WARN:0@51.299] global grfmt_tiff.cpp:123 TIFF_Warning TIFFReadDirectory: Unknown field with tag 50839 (0xc697) encountered
[ WARN:0@51.300] global grfmt_tiff.cpp:123 TIFF_Warning TIFFReadDirectory: Unknown field with tag 50838 (0xc696) encountered
[ WARN:0@51.300] global grfmt_tiff.cpp:123 TIFF_Warning TIFFReadDirectory: Unknown field with tag 50839 (0xc697) encountered
[ WARN:0@51.301] global grfmt_tiff.cpp:123 TIFF_Warning TIFFReadDirectory: Unknown field with tag 50838 (0xc696) encountered
[ WARN:0@51.301] global grfmt_tiff.cpp:123 TIFF_Warning TIFFReadDirectory: Unknown field with tag 50839 (0xc697) encountered
[ WARN:0@51.302] global grfmt_tiff.cpp:123 TIFF_Warning TIFFReadDirectory: Unknown field with tag 50838 (0xc696) encountered
[ WARN:0@51.302] global grfmt_tiff.cpp:123 TIFF_Warning TIFFReadDirectory: Unknown field with tag 50839 (0xc697) encountered
[ WARN:0@51.303] global grfmt_tiff.cpp:123 TIFF_Warning TIFFReadDirectory: Unknown field with tag 50838 (0xc696) encountered
[ WARN:0@51.303] global grfmt_tiff.cpp:123 TIFF_Warning TIFFReadDirectory: Unknown field with tag 50839 (0xc697) encountered
[ WARN:0@51.306] global grfmt_tiff.cpp:123 TIFF_Warning TIFFReadDirectory: Unknown field with tag 50838 (0xc696) encountered
[ WARN:0@51.306] global grfmt_tiff.cpp:123 TIFF_Warning TIFFReadDirectory: Unknown field with tag 50839 (0xc697) encountered
[ WARN:0@51.307] global grfmt_tiff.cpp:123 TIFF_Warning TIFFReadDirectory: Unknown field with tag 50838 (0xc696) encountered
[ WARN:0@51.307] global grfmt_tiff.cpp:123 TIFF_Warning TIFFReadDirectory: Unknown field with tag 50839 (0xc697) encountered
[ WARN:0@51.308] global grfmt_tiff.cpp:123 TIFF_Warning TIFFReadDirectory: Unknown field with tag 50838 (0xc696) encountered
[ WARN:0@51.308] global grfmt_tiff.cpp:123 TIFF_Warning TIFFReadDirectory: Unknown field with tag 50839 (0xc697) encountered
[ WARN:0@51.309] global grfmt_tiff.cpp:123 TIFF_Warning TIFFReadDirectory: Unknown field with tag 50838 (0xc696) encountered
[ WARN:0@51.309] global grfmt_tiff.cpp:123 TIFF_Warning TIFFReadDirectory: Unknown field with tag 50839 (0xc697) encountered
[ WARN:0@51.311] global grfmt_tiff.cpp:123 TIFF_Warning TIFFReadDirectory: Unknown field with tag 50838 (0xc696) encountered
[ WARN:0@51.311] global grfmt_tiff.cpp:123 TIFF_Warning TIFFReadDirectory: Unknown field with tag 50839 (0xc697) encountered
[ WARN:0@51.312] global grfmt_tiff.cpp:123 TIFF_Warning TIFFReadDirectory: Unknown field with tag 50838 (0xc696) encountered
[ WARN:0@51.312] global grfmt_tiff.cpp:123 TIFF_Warning TIFFReadDirectory: Unknown field with tag 50839 (0xc697) encountered
[ WARN:0@51.314] global grfmt_tiff.cpp:123 TIFF_Warning TIFFReadDirectory: Unknown field with tag 50838 (0xc696) encountered
[ WARN:0@51.314] global grfmt_tiff.cpp:123 TIFF_Warning TIFFReadDirectory: Unknown field with tag 50839 (0xc697) encountered
[ WARN:0@51.315] global grfmt_tiff.cpp:123 TIFF_Warning TIFFReadDirectory: Unknown field with tag 50838 (0xc696) encountered
[ WARN:0@51.315] global grfmt_tiff.cpp:123 TIFF_Warning TIFFReadDirectory: Unknown field with tag 50839 (0xc697) encountered
[ WARN:0@51.318] global grfmt_tiff.cpp:123 TIFF_Warning TIFFReadDirectory: Unknown field with tag 50838 (0xc696) encountered
[ WARN:0@51.318] global grfmt_tiff.cpp:123 TIFF_Warning TIFFReadDirectory: Unknown field with tag 50839 (0xc697) encountered
[ WARN:0@51.321] global grfmt_tiff.cpp:123 TIFF_Warning TIFFReadDirectory: Unknown field with tag 50838 (0xc696) encountered
[ WARN:0@51.321] global grfmt_tiff.cpp:123 TIFF_Warning TIFFReadDirectory: Unknown field with tag 50839 (0xc697) encountered
[ WARN:0@51.322] global grfmt_tiff.cpp:123 TIFF_Warning TIFFReadDirectory: Unknown field with tag 50838 (0xc696) encountered
[ WARN:0@51.322] global grfmt_tiff.cpp:123 TIFF_Warning TIFFReadDirectory: Unknown field with tag 50839 (0xc697) encountered
[ WARN:0@51.324] global grfmt_tiff.cpp:123 TIFF_Warning TIFFReadDirectory: Unknown field with tag 50838 (0xc696) encountered
[ WARN:0@51.324] global grfmt_tiff.cpp:123 TIFF_Warning TIFFReadDirectory: Unknown field with tag 50839 (0xc697) encountered
[ WARN:0@51.325] global grfmt_tiff.cpp:123 TIFF_Warning TIFFReadDirectory: Unknown field with tag 50838 (0xc696) encountered
[ WARN:0@51.325] global grfmt_tiff.cpp:123 TIFF_Warning TIFFReadDirectory: Unknown field with tag 50839 (0xc697) encountered
[ WARN:0@51.326] global grfmt_tiff.cpp:123 TIFF_Warning TIFFReadDirectory: Unknown field with tag 50838 (0xc696) encountered
[ WARN:0@51.326] global grfmt_tiff.cpp:123 TIFF_Warning TIFFReadDirectory: Unknown field with tag 50839 (0xc697) encountered
[ WARN:0@51.329] global grfmt_tiff.cpp:123 TIFF_Warning TIFFReadDirectory: Unknown field with tag 50838 (0xc696) encountered
[ WARN:0@51.329] global grfmt_tiff.cpp:123 TIFF_Warning TIFFReadDirectory: Unknown field with tag 50839 (0xc697) encountered
[ WARN:0@51.330] global grfmt_tiff.cpp:123 TIFF_Warning TIFFReadDirectory: Unknown field with tag 50838 (0xc696) encountered
[ WARN:0@51.330] global grfmt_tiff.cpp:123 TIFF_Warning TIFFReadDirectory: Unknown field with tag 50839 (0xc697) encountered
[ WARN:0@51.332] global grfmt_tiff.cpp:123 TIFF_Warning TIFFReadDirectory: Unknown field with tag 50838 (0xc696) encountered
[ WARN:0@51.332] global grfmt_tiff.cpp:123 TIFF_Warning TIFFReadDirectory: Unknown field with tag 50839 (0xc697) encountered
[ WARN:0@51.333] global grfmt_tiff.cpp:123 TIFF_Warning TIFFReadDirectory: Unknown field with tag 50838 (0xc696) encountered
[ WARN:0@51.333] global grfmt_tiff.cpp:123 TIFF_Warning TIFFReadDirectory: Unknown field with tag 50839 (0xc697) encountered
[ WARN:0@51.336] global grfmt_tiff.cpp:123 TIFF_Warning TIFFReadDirectory: Unknown field with tag 50838 (0xc696) encountered
[ WARN:0@51.336] global grfmt_tiff.cpp:123 TIFF_Warning TIFFReadDirectory: Unknown field with tag 50839 (0xc697) encountered
[ WARN:0@51.338] global grfmt_tiff.cpp:123 TIFF_Warning TIFFReadDirectory: Unknown field with tag 50838 (0xc696) encountered
[ WARN:0@51.338] global grfmt_tiff.cpp:123 TIFF_Warning TIFFReadDirectory: Unknown field with tag 50839 (0xc697) encountered
[ WARN:0@51.340] global grfmt_tiff.cpp:123 TIFF_Warning TIFFReadDirectory: Unknown field with tag 50838 (0xc696) encountered
[ WARN:0@51.340] global grfmt_tiff.cpp:123 TIFF_Warning TIFFReadDirectory: Unknown field with tag 50839 (0xc697) encountered
[ WARN:0@51.341] global grfmt_tiff.cpp:123 TIFF_Warning TIFFReadDirectory: Unknown field with tag 50838 (0xc696) encountered
[ WARN:0@51.341] global grfmt_tiff.cpp:123 TIFF_Warning TIFFReadDirectory: Unknown field with tag 50839 (0xc697) encountered
[ WARN:0@51.343] global grfmt_tiff.cpp:123 TIFF_Warning TIFFReadDirectory: Unknown field with tag 50838 (0xc696) encountered
[ WARN:0@51.343] global grfmt_tiff.cpp:123 TIFF_Warning TIFFReadDirectory: Unknown field with tag 50839 (0xc697) encountered
[ WARN:0@51.344] global grfmt_tiff.cpp:123 TIFF_Warning TIFFReadDirectory: Unknown field with tag 50838 (0xc696) encountered
[ WARN:0@51.344] global grfmt_tiff.cpp:123 TIFF_Warning TIFFReadDirectory: Unknown field with tag 50839 (0xc697) encountered
[ WARN:0@51.345] global grfmt_tiff.cpp:123 TIFF_Warning TIFFReadDirectory: Unknown field with tag 50838 (0xc696) encountered
[ WARN:0@51.345] global grfmt_tiff.cpp:123 TIFF_Warning TIFFReadDirectory: Unknown field with tag 50839 (0xc697) encountered
[ WARN:0@51.896] global grfmt_tiff.cpp:123 TIFF_Warning TIFFReadDirectory: Unknown field with tag 50838 (0xc696) encountered
[ WARN:0@51.896] global grfmt_tiff.cpp:123 TIFF_Warning TIFFReadDirectory: Unknown field with tag 50839 (0xc697) encountered
[ WARN:0@52.118] global grfmt_tiff.cpp:123 TIFF_Warning TIFFReadDirectory: Unknown field with tag 50838 (0xc696) encountered
[ WARN:0@52.118] global grfmt_tiff.cpp:123 TIFF_Warning TIFFReadDirectory: Unknown field with tag 50839 (0xc697) encountered
[ WARN:0@52.119] global grfmt_tiff.cpp:123 TIFF_Warning TIFFReadDirectory: Unknown field with tag 50838 (0xc696) encountered
[ WARN:0@52.119] global grfmt_tiff.cpp:123 TIFF_Warning TIFFReadDirectory: Unknown field with tag 50839 (0xc697) encountered
[ WARN:0@52.120] global grfmt_tiff.cpp:123 TIFF_Warning TIFFReadDirectory: Unknown field with tag 50838 (0xc696) encountered
[ WARN:0@52.120] global grfmt_tiff.cpp:123 TIFF_Warning TIFFReadDirectory: Unknown field with tag 50839 (0xc697) encountered
[ WARN:0@52.121] global grfmt_tiff.cpp:123 TIFF_Warning TIFFReadDirectory: Unknown field with tag 50838 (0xc696) encountered
[ WARN:0@52.121] global grfmt_tiff.cpp:123 TIFF_Warning TIFFReadDirectory: Unknown field with tag 50839 (0xc697) encountered
[ WARN:0@52.125] global grfmt_tiff.cpp:123 TIFF_Warning TIFFReadDirectory: Unknown field with tag 50838 (0xc696) encountered
[ WARN:0@52.125] global grfmt_tiff.cpp:123 TIFF_Warning TIFFReadDirectory: Unknown field with tag 50839 (0xc697) encountered
[ WARN:0@52.127] global grfmt_tiff.cpp:123 TIFF_Warning TIFFReadDirectory: Unknown field with tag 50838 (0xc696) encountered
[ WARN:0@52.127] global grfmt_tiff.cpp:123 TIFF_Warning TIFFReadDirectory: Unknown field with tag 50839 (0xc697) encountered
[ WARN:0@52.129] global grfmt_tiff.cpp:123 TIFF_Warning TIFFReadDirectory: Unknown field with tag 50838 (0xc696) encountered
[ WARN:0@52.129] global grfmt_tiff.cpp:123 TIFF_Warning TIFFReadDirectory: Unknown field with tag 50839 (0xc697) encountered
[ WARN:0@52.130] global grfmt_tiff.cpp:123 TIFF_Warning TIFFReadDirectory: Unknown field with tag 50838 (0xc696) encountered
[ WARN:0@52.130] global grfmt_tiff.cpp:123 TIFF_Warning TIFFReadDirectory: Unknown field with tag 50839 (0xc697) encountered
[ WARN:0@52.132] global grfmt_tiff.cpp:123 TIFF_Warning TIFFReadDirectory: Unknown field with tag 50838 (0xc696) encountered
[ WARN:0@52.132] global grfmt_tiff.cpp:123 TIFF_Warning TIFFReadDirectory: Unknown field with tag 50839 (0xc697) encountered
[ WARN:0@52.135] global grfmt_tiff.cpp:123 TIFF_Warning TIFFReadDirectory: Unknown field with tag 50838 (0xc696) encountered
[ WARN:0@52.135] global grfmt_tiff.cpp:123 TIFF_Warning TIFFReadDirectory: Unknown field with tag 50839 (0xc697) encountered
[ WARN:0@52.136] global grfmt_tiff.cpp:123 TIFF_Warning TIFFReadDirectory: Unknown field with tag 50838 (0xc696) encountered
[ WARN:0@52.136] global grfmt_tiff.cpp:123 TIFF_Warning TIFFReadDirectory: Unknown field with tag 50839 (0xc697) encountered
[ WARN:0@52.139] global grfmt_tiff.cpp:123 TIFF_Warning TIFFReadDirectory: Unknown field with tag 50838 (0xc696) encountered
[ WARN:0@52.139] global grfmt_tiff.cpp:123 TIFF_Warning TIFFReadDirectory: Unknown field with tag 50839 (0xc697) encountered
[ WARN:0@52.140] global grfmt_tiff.cpp:123 TIFF_Warning TIFFReadDirectory: Unknown field with tag 50838 (0xc696) encountered
[ WARN:0@52.140] global grfmt_tiff.cpp:123 TIFF_Warning TIFFReadDirectory: Unknown field with tag 50839 (0xc697) encountered
[ WARN:0@52.141] global grfmt_tiff.cpp:123 TIFF_Warning TIFFReadDirectory: Unknown field with tag 50838 (0xc696) encountered
[ WARN:0@52.141] global grfmt_tiff.cpp:123 TIFF_Warning TIFFReadDirectory: Unknown field with tag 50839 (0xc697) encountered
[ WARN:0@52.144] global grfmt_tiff.cpp:123 TIFF_Warning TIFFReadDirectory: Unknown field with tag 50838 (0xc696) encountered
[ WARN:0@52.144] global grfmt_tiff.cpp:123 TIFF_Warning TIFFReadDirectory: Unknown field with tag 50839 (0xc697) encountered
[ WARN:0@52.145] global grfmt_tiff.cpp:123 TIFF_Warning TIFFReadDirectory: Unknown field with tag 50838 (0xc696) encountered
[ WARN:0@52.145] global grfmt_tiff.cpp:123 TIFF_Warning TIFFReadDirectory: Unknown field with tag 50839 (0xc697) encountered
[ WARN:0@52.147] global grfmt_tiff.cpp:123 TIFF_Warning TIFFReadDirectory: Unknown field with tag 50838 (0xc696) encountered
[ WARN:0@52.147] global grfmt_tiff.cpp:123 TIFF_Warning TIFFReadDirectory: Unknown field with tag 50839 (0xc697) encountered
[ WARN:0@52.148] global grfmt_tiff.cpp:123 TIFF_Warning TIFFReadDirectory: Unknown field with tag 50838 (0xc696) encountered
[ WARN:0@52.148] global grfmt_tiff.cpp:123 TIFF_Warning TIFFReadDirectory: Unknown field with tag 50839 (0xc697) encountered
[ WARN:0@52.151] global grfmt_tiff.cpp:123 TIFF_Warning TIFFReadDirectory: Unknown field with tag 50838 (0xc696) encountered
[ WARN:0@52.151] global grfmt_tiff.cpp:123 TIFF_Warning TIFFReadDirectory: Unknown field with tag 50839 (0xc697) encountered
[ WARN:0@52.153] global grfmt_tiff.cpp:123 TIFF_Warning TIFFReadDirectory: Unknown field with tag 50838 (0xc696) encountered
[ WARN:0@52.153] global grfmt_tiff.cpp:123 TIFF_Warning TIFFReadDirectory: Unknown field with tag 50839 (0xc697) encountered
[ WARN:0@52.155] global grfmt_tiff.cpp:123 TIFF_Warning TIFFReadDirectory: Unknown field with tag 50838 (0xc696) encountered
[ WARN:0@52.155] global grfmt_tiff.cpp:123 TIFF_Warning TIFFReadDirectory: Unknown field with tag 50839 (0xc697) encountered
[ WARN:0@52.156] global grfmt_tiff.cpp:123 TIFF_Warning TIFFReadDirectory: Unknown field with tag 50838 (0xc696) encountered
[ WARN:0@52.156] global grfmt_tiff.cpp:123 TIFF_Warning TIFFReadDirectory: Unknown field with tag 50839 (0xc697) encountered
[ WARN:0@52.158] global grfmt_tiff.cpp:123 TIFF_Warning TIFFReadDirectory: Unknown field with tag 50838 (0xc696) encountered
[ WARN:0@52.158] global grfmt_tiff.cpp:123 TIFF_Warning TIFFReadDirectory: Unknown field with tag 50839 (0xc697) encountered
[ WARN:0@52.159] global grfmt_tiff.cpp:123 TIFF_Warning TIFFReadDirectory: Unknown field with tag 50838 (0xc696) encountered
[ WARN:0@52.159] global grfmt_tiff.cpp:123 TIFF_Warning TIFFReadDirectory: Unknown field with tag 50839 (0xc697) encountered
[ WARN:0@52.160] global grfmt_tiff.cpp:123 TIFF_Warning TIFFReadDirectory: Unknown field with tag 50838 (0xc696) encountered
[ WARN:0@52.160] global grfmt_tiff.cpp:123 TIFF_Warning TIFFReadDirectory: Unknown field with tag 50839 (0xc697) encountered
[ WARN:0@52.163] global grfmt_tiff.cpp:123 TIFF_Warning TIFFReadDirectory: Unknown field with tag 50838 (0xc696) encountered
[ WARN:0@52.163] global grfmt_tiff.cpp:123 TIFF_Warning TIFFReadDirectory: Unknown field with tag 50839 (0xc697) encountered
[ WARN:0@52.164] global grfmt_tiff.cpp:123 TIFF_Warning TIFFReadDirectory: Unknown field with tag 50838 (0xc696) encountered
[ WARN:0@52.164] global grfmt_tiff.cpp:123 TIFF_Warning TIFFReadDirectory: Unknown field with tag 50839 (0xc697) encountered
[ WARN:0@52.165] global grfmt_tiff.cpp:123 TIFF_Warning TIFFReadDirectory: Unknown field with tag 50838 (0xc696) encountered
[ WARN:0@52.165] global grfmt_tiff.cpp:123 TIFF_Warning TIFFReadDirectory: Unknown field with tag 50839 (0xc697) encountered
[ WARN:0@52.166] global grfmt_tiff.cpp:123 TIFF_Warning TIFFReadDirectory: Unknown field with tag 50838 (0xc696) encountered
[ WARN:0@52.166] global grfmt_tiff.cpp:123 TIFF_Warning TIFFReadDirectory: Unknown field with tag 50839 (0xc697) encountered
[ WARN:0@52.168] global grfmt_tiff.cpp:123 TIFF_Warning TIFFReadDirectory: Unknown field with tag 50838 (0xc696) encountered
[ WARN:0@52.168] global grfmt_tiff.cpp:123 TIFF_Warning TIFFReadDirectory: Unknown field with tag 50839 (0xc697) encountered
[ WARN:0@52.169] global grfmt_tiff.cpp:123 TIFF_Warning TIFFReadDirectory: Unknown field with tag 50838 (0xc696) encountered
[ WARN:0@52.169] global grfmt_tiff.cpp:123 TIFF_Warning TIFFReadDirectory: Unknown field with tag 50839 (0xc697) encountered
[ WARN:0@52.171] global grfmt_tiff.cpp:123 TIFF_Warning TIFFReadDirectory: Unknown field with tag 50838 (0xc696) encountered
[ WARN:0@52.171] global grfmt_tiff.cpp:123 TIFF_Warning TIFFReadDirectory: Unknown field with tag 50839 (0xc697) encountered
[ WARN:0@52.172] global grfmt_tiff.cpp:123 TIFF_Warning TIFFReadDirectory: Unknown field with tag 50838 (0xc696) encountered
[ WARN:0@52.172] global grfmt_tiff.cpp:123 TIFF_Warning TIFFReadDirectory: Unknown field with tag 50839 (0xc697) encountered
[ WARN:0@52.174] global grfmt_tiff.cpp:123 TIFF_Warning TIFFReadDirectory: Unknown field with tag 50838 (0xc696) encountered
[ WARN:0@52.174] global grfmt_tiff.cpp:123 TIFF_Warning TIFFReadDirectory: Unknown field with tag 50839 (0xc697) encountered
[ WARN:0@52.178] global grfmt_tiff.cpp:123 TIFF_Warning TIFFReadDirectory: Unknown field with tag 50838 (0xc696) encountered
[ WARN:0@52.178] global grfmt_tiff.cpp:123 TIFF_Warning TIFFReadDirectory: Unknown field with tag 50839 (0xc697) encountered
[ WARN:0@52.179] global grfmt_tiff.cpp:123 TIFF_Warning TIFFReadDirectory: Unknown field with tag 50838 (0xc696) encountered
[ WARN:0@52.179] global grfmt_tiff.cpp:123 TIFF_Warning TIFFReadDirectory: Unknown field with tag 50839 (0xc697) encountered
[ WARN:0@52.181] global grfmt_tiff.cpp:123 TIFF_Warning TIFFReadDirectory: Unknown field with tag 50838 (0xc696) encountered
[ WARN:0@52.181] global grfmt_tiff.cpp:123 TIFF_Warning TIFFReadDirectory: Unknown field with tag 50839 (0xc697) encountered
[ WARN:0@52.182] global grfmt_tiff.cpp:123 TIFF_Warning TIFFReadDirectory: Unknown field with tag 50838 (0xc696) encountered
[ WARN:0@52.182] global grfmt_tiff.cpp:123 TIFF_Warning TIFFReadDirectory: Unknown field with tag 50839 (0xc697) encountered
[ WARN:0@52.183] global grfmt_tiff.cpp:123 TIFF_Warning TIFFReadDirectory: Unknown field with tag 50838 (0xc696) encountered
[ WARN:0@52.183] global grfmt_tiff.cpp:123 TIFF_Warning TIFFReadDirectory: Unknown field with tag 50839 (0xc697) encountered
[ WARN:0@52.186] global grfmt_tiff.cpp:123 TIFF_Warning TIFFReadDirectory: Unknown field with tag 50838 (0xc696) encountered
[ WARN:0@52.186] global grfmt_tiff.cpp:123 TIFF_Warning TIFFReadDirectory: Unknown field with tag 50839 (0xc697) encountered
[ WARN:0@52.187] global grfmt_tiff.cpp:123 TIFF_Warning TIFFReadDirectory: Unknown field with tag 50838 (0xc696) encountered
[ WARN:0@52.187] global grfmt_tiff.cpp:123 TIFF_Warning TIFFReadDirectory: Unknown field with tag 50839 (0xc697) encountered
[ WARN:0@52.189] global grfmt_tiff.cpp:123 TIFF_Warning TIFFReadDirectory: Unknown field with tag 50838 (0xc696) encountered
[ WARN:0@52.189] global grfmt_tiff.cpp:123 TIFF_Warning TIFFReadDirectory: Unknown field with tag 50839 (0xc697) encountered
[ WARN:0@52.190] global grfmt_tiff.cpp:123 TIFF_Warning TIFFReadDirectory: Unknown field with tag 50838 (0xc696) encountered
[ WARN:0@52.190] global grfmt_tiff.cpp:123 TIFF_Warning TIFFReadDirectory: Unknown field with tag 50839 (0xc697) encountered
[ WARN:0@52.193] global grfmt_tiff.cpp:123 TIFF_Warning TIFFReadDirectory: Unknown field with tag 50838 (0xc696) encountered
[ WARN:0@52.193] global grfmt_tiff.cpp:123 TIFF_Warning TIFFReadDirectory: Unknown field with tag 50839 (0xc697) encountered
[ WARN:0@52.195] global grfmt_tiff.cpp:123 TIFF_Warning TIFFReadDirectory: Unknown field with tag 50838 (0xc696) encountered
[ WARN:0@52.195] global grfmt_tiff.cpp:123 TIFF_Warning TIFFReadDirectory: Unknown field with tag 50839 (0xc697) encountered
[ WARN:0@52.197] global grfmt_tiff.cpp:123 TIFF_Warning TIFFReadDirectory: Unknown field with tag 50838 (0xc696) encountered
[ WARN:0@52.197] global grfmt_tiff.cpp:123 TIFF_Warning TIFFReadDirectory: Unknown field with tag 50839 (0xc697) encountered
[ WARN:0@52.198] global grfmt_tiff.cpp:123 TIFF_Warning TIFFReadDirectory: Unknown field with tag 50838 (0xc696) encountered
[ WARN:0@52.198] global grfmt_tiff.cpp:123 TIFF_Warning TIFFReadDirectory: Unknown field with tag 50839 (0xc697) encountered
[ WARN:0@52.200] global grfmt_tiff.cpp:123 TIFF_Warning TIFFReadDirectory: Unknown field with tag 50838 (0xc696) encountered
[ WARN:0@52.200] global grfmt_tiff.cpp:123 TIFF_Warning TIFFReadDirectory: Unknown field with tag 50839 (0xc697) encountered
[ WARN:0@52.201] global grfmt_tiff.cpp:123 TIFF_Warning TIFFReadDirectory: Unknown field with tag 50838 (0xc696) encountered
[ WARN:0@52.201] global grfmt_tiff.cpp:123 TIFF_Warning TIFFReadDirectory: Unknown field with tag 50839 (0xc697) encountered
[ WARN:0@52.202] global grfmt_tiff.cpp:123 TIFF_Warning TIFFReadDirectory: Unknown field with tag 50838 (0xc696) encountered
[ WARN:0@52.202] global grfmt_tiff.cpp:123 TIFF_Warning TIFFReadDirectory: Unknown field with tag 50839 (0xc697) encountered
[ WARN:0@53.005] global grfmt_tiff.cpp:123 TIFF_Warning TIFFReadDirectory: Unknown field with tag 50838 (0xc696) encountered
[ WARN:0@53.005] global grfmt_tiff.cpp:123 TIFF_Warning TIFFReadDirectory: Unknown field with tag 50839 (0xc697) encountered
[ WARN:0@53.162] global grfmt_tiff.cpp:123 TIFF_Warning TIFFReadDirectory: Unknown field with tag 50838 (0xc696) encountered
[ WARN:0@53.162] global grfmt_tiff.cpp:123 TIFF_Warning TIFFReadDirectory: Unknown field with tag 50839 (0xc697) encountered
[ WARN:0@53.164] global grfmt_tiff.cpp:123 TIFF_Warning TIFFReadDirectory: Unknown field with tag 50838 (0xc696) encountered
[ WARN:0@53.164] global grfmt_tiff.cpp:123 TIFF_Warning TIFFReadDirectory: Unknown field with tag 50839 (0xc697) encountered
[ WARN:0@53.165] global grfmt_tiff.cpp:123 TIFF_Warning TIFFReadDirectory: Unknown field with tag 50838 (0xc696) encountered
[ WARN:0@53.165] global grfmt_tiff.cpp:123 TIFF_Warning TIFFReadDirectory: Unknown field with tag 50839 (0xc697) encountered
[ WARN:0@53.166] global grfmt_tiff.cpp:123 TIFF_Warning TIFFReadDirectory: Unknown field with tag 50838 (0xc696) encountered
[ WARN:0@53.166] global grfmt_tiff.cpp:123 TIFF_Warning TIFFReadDirectory: Unknown field with tag 50839 (0xc697) encountered
[ WARN:0@53.170] global grfmt_tiff.cpp:123 TIFF_Warning TIFFReadDirectory: Unknown field with tag 50838 (0xc696) encountered
[ WARN:0@53.170] global grfmt_tiff.cpp:123 TIFF_Warning TIFFReadDirectory: Unknown field with tag 50839 (0xc697) encountered
[ WARN:0@53.172] global grfmt_tiff.cpp:123 TIFF_Warning TIFFReadDirectory: Unknown field with tag 50838 (0xc696) encountered
[ WARN:0@53.172] global grfmt_tiff.cpp:123 TIFF_Warning TIFFReadDirectory: Unknown field with tag 50839 (0xc697) encountered
[ WARN:0@53.174] global grfmt_tiff.cpp:123 TIFF_Warning TIFFReadDirectory: Unknown field with tag 50838 (0xc696) encountered
[ WARN:0@53.174] global grfmt_tiff.cpp:123 TIFF_Warning TIFFReadDirectory: Unknown field with tag 50839 (0xc697) encountered
[ WARN:0@53.175] global grfmt_tiff.cpp:123 TIFF_Warning TIFFReadDirectory: Unknown field with tag 50838 (0xc696) encountered
[ WARN:0@53.175] global grfmt_tiff.cpp:123 TIFF_Warning TIFFReadDirectory: Unknown field with tag 50839 (0xc697) encountered
[ WARN:0@53.178] global grfmt_tiff.cpp:123 TIFF_Warning TIFFReadDirectory: Unknown field with tag 50838 (0xc696) encountered
[ WARN:0@53.178] global grfmt_tiff.cpp:123 TIFF_Warning TIFFReadDirectory: Unknown field with tag 50839 (0xc697) encountered
[ WARN:0@53.181] global grfmt_tiff.cpp:123 TIFF_Warning TIFFReadDirectory: Unknown field with tag 50838 (0xc696) encountered
[ WARN:0@53.181] global grfmt_tiff.cpp:123 TIFF_Warning TIFFReadDirectory: Unknown field with tag 50839 (0xc697) encountered
[ WARN:0@53.182] global grfmt_tiff.cpp:123 TIFF_Warning TIFFReadDirectory: Unknown field with tag 50838 (0xc696) encountered
[ WARN:0@53.182] global grfmt_tiff.cpp:123 TIFF_Warning TIFFReadDirectory: Unknown field with tag 50839 (0xc697) encountered
[ WARN:0@53.184] global grfmt_tiff.cpp:123 TIFF_Warning TIFFReadDirectory: Unknown field with tag 50838 (0xc696) encountered
[ WARN:0@53.184] global grfmt_tiff.cpp:123 TIFF_Warning TIFFReadDirectory: Unknown field with tag 50839 (0xc697) encountered
[ WARN:0@53.185] global grfmt_tiff.cpp:123 TIFF_Warning TIFFReadDirectory: Unknown field with tag 50838 (0xc696) encountered
[ WARN:0@53.185] global grfmt_tiff.cpp:123 TIFF_Warning TIFFReadDirectory: Unknown field with tag 50839 (0xc697) encountered
[ WARN:0@53.186] global grfmt_tiff.cpp:123 TIFF_Warning TIFFReadDirectory: Unknown field with tag 50838 (0xc696) encountered
[ WARN:0@53.186] global grfmt_tiff.cpp:123 TIFF_Warning TIFFReadDirectory: Unknown field with tag 50839 (0xc697) encountered
[ WARN:0@53.190] global grfmt_tiff.cpp:123 TIFF_Warning TIFFReadDirectory: Unknown field with tag 50838 (0xc696) encountered
[ WARN:0@53.190] global grfmt_tiff.cpp:123 TIFF_Warning TIFFReadDirectory: Unknown field with tag 50839 (0xc697) encountered
[ WARN:0@53.191] global grfmt_tiff.cpp:123 TIFF_Warning TIFFReadDirectory: Unknown field with tag 50838 (0xc696) encountered
[ WARN:0@53.191] global grfmt_tiff.cpp:123 TIFF_Warning TIFFReadDirectory: Unknown field with tag 50839 (0xc697) encountered
[ WARN:0@53.193] global grfmt_tiff.cpp:123 TIFF_Warning TIFFReadDirectory: Unknown field with tag 50838 (0xc696) encountered
[ WARN:0@53.193] global grfmt_tiff.cpp:123 TIFF_Warning TIFFReadDirectory: Unknown field with tag 50839 (0xc697) encountered
[ WARN:0@53.194] global grfmt_tiff.cpp:123 TIFF_Warning TIFFReadDirectory: Unknown field with tag 50838 (0xc696) encountered
[ WARN:0@53.194] global grfmt_tiff.cpp:123 TIFF_Warning TIFFReadDirectory: Unknown field with tag 50839 (0xc697) encountered
[ WARN:0@53.197] global grfmt_tiff.cpp:123 TIFF_Warning TIFFReadDirectory: Unknown field with tag 50838 (0xc696) encountered
[ WARN:0@53.197] global grfmt_tiff.cpp:123 TIFF_Warning TIFFReadDirectory: Unknown field with tag 50839 (0xc697) encountered
[ WARN:0@53.199] global grfmt_tiff.cpp:123 TIFF_Warning TIFFReadDirectory: Unknown field with tag 50838 (0xc696) encountered
[ WARN:0@53.199] global grfmt_tiff.cpp:123 TIFF_Warning TIFFReadDirectory: Unknown field with tag 50839 (0xc697) encountered
[ WARN:0@53.201] global grfmt_tiff.cpp:123 TIFF_Warning TIFFReadDirectory: Unknown field with tag 50838 (0xc696) encountered
[ WARN:0@53.201] global grfmt_tiff.cpp:123 TIFF_Warning TIFFReadDirectory: Unknown field with tag 50839 (0xc697) encountered
[ WARN:0@53.202] global grfmt_tiff.cpp:123 TIFF_Warning TIFFReadDirectory: Unknown field with tag 50838 (0xc696) encountered
[ WARN:0@53.202] global grfmt_tiff.cpp:123 TIFF_Warning TIFFReadDirectory: Unknown field with tag 50839 (0xc697) encountered
[ WARN:0@53.204] global grfmt_tiff.cpp:123 TIFF_Warning TIFFReadDirectory: Unknown field with tag 50838 (0xc696) encountered
[ WARN:0@53.204] global grfmt_tiff.cpp:123 TIFF_Warning TIFFReadDirectory: Unknown field with tag 50839 (0xc697) encountered
[ WARN:0@53.205] global grfmt_tiff.cpp:123 TIFF_Warning TIFFReadDirectory: Unknown field with tag 50838 (0xc696) encountered
[ WARN:0@53.205] global grfmt_tiff.cpp:123 TIFF_Warning TIFFReadDirectory: Unknown field with tag 50839 (0xc697) encountered
[ WARN:0@53.206] global grfmt_tiff.cpp:123 TIFF_Warning TIFFReadDirectory: Unknown field with tag 50838 (0xc696) encountered
[ WARN:0@53.206] global grfmt_tiff.cpp:123 TIFF_Warning TIFFReadDirectory: Unknown field with tag 50839 (0xc697) encountered
[ WARN:0@53.208] global grfmt_tiff.cpp:123 TIFF_Warning TIFFReadDirectory: Unknown field with tag 50838 (0xc696) encountered
[ WARN:0@53.208] global grfmt_tiff.cpp:123 TIFF_Warning TIFFReadDirectory: Unknown field with tag 50839 (0xc697) encountered
[ WARN:0@53.209] global grfmt_tiff.cpp:123 TIFF_Warning TIFFReadDirectory: Unknown field with tag 50838 (0xc696) encountered
[ WARN:0@53.209] global grfmt_tiff.cpp:123 TIFF_Warning TIFFReadDirectory: Unknown field with tag 50839 (0xc697) encountered
[ WARN:0@53.210] global grfmt_tiff.cpp:123 TIFF_Warning TIFFReadDirectory: Unknown field with tag 50838 (0xc696) encountered
[ WARN:0@53.210] global grfmt_tiff.cpp:123 TIFF_Warning TIFFReadDirectory: Unknown field with tag 50839 (0xc697) encountered
[ WARN:0@53.211] global grfmt_tiff.cpp:123 TIFF_Warning TIFFReadDirectory: Unknown field with tag 50838 (0xc696) encountered
[ WARN:0@53.211] global grfmt_tiff.cpp:123 TIFF_Warning TIFFReadDirectory: Unknown field with tag 50839 (0xc697) encountered
[ WARN:0@53.213] global grfmt_tiff.cpp:123 TIFF_Warning TIFFReadDirectory: Unknown field with tag 50838 (0xc696) encountered
[ WARN:0@53.213] global grfmt_tiff.cpp:123 TIFF_Warning TIFFReadDirectory: Unknown field with tag 50839 (0xc697) encountered
[ WARN:0@53.215] global grfmt_tiff.cpp:123 TIFF_Warning TIFFReadDirectory: Unknown field with tag 50838 (0xc696) encountered
[ WARN:0@53.215] global grfmt_tiff.cpp:123 TIFF_Warning TIFFReadDirectory: Unknown field with tag 50839 (0xc697) encountered
[ WARN:0@53.217] global grfmt_tiff.cpp:123 TIFF_Warning TIFFReadDirectory: Unknown field with tag 50838 (0xc696) encountered
[ WARN:0@53.217] global grfmt_tiff.cpp:123 TIFF_Warning TIFFReadDirectory: Unknown field with tag 50839 (0xc697) encountered
[ WARN:0@53.218] global grfmt_tiff.cpp:123 TIFF_Warning TIFFReadDirectory: Unknown field with tag 50838 (0xc696) encountered
[ WARN:0@53.218] global grfmt_tiff.cpp:123 TIFF_Warning TIFFReadDirectory: Unknown field with tag 50839 (0xc697) encountered
[ WARN:0@53.220] global grfmt_tiff.cpp:123 TIFF_Warning TIFFReadDirectory: Unknown field with tag 50838 (0xc696) encountered
[ WARN:0@53.220] global grfmt_tiff.cpp:123 TIFF_Warning TIFFReadDirectory: Unknown field with tag 50839 (0xc697) encountered
[ WARN:0@53.223] global grfmt_tiff.cpp:123 TIFF_Warning TIFFReadDirectory: Unknown field with tag 50838 (0xc696) encountered
[ WARN:0@53.224] global grfmt_tiff.cpp:123 TIFF_Warning TIFFReadDirectory: Unknown field with tag 50839 (0xc697) encountered
[ WARN:0@53.224] global grfmt_tiff.cpp:123 TIFF_Warning TIFFReadDirectory: Unknown field with tag 50838 (0xc696) encountered
[ WARN:0@53.224] global grfmt_tiff.cpp:123 TIFF_Warning TIFFReadDirectory: Unknown field with tag 50839 (0xc697) encountered
[ WARN:0@53.227] global grfmt_tiff.cpp:123 TIFF_Warning TIFFReadDirectory: Unknown field with tag 50838 (0xc696) encountered
[ WARN:0@53.227] global grfmt_tiff.cpp:123 TIFF_Warning TIFFReadDirectory: Unknown field with tag 50839 (0xc697) encountered
[ WARN:0@53.228] global grfmt_tiff.cpp:123 TIFF_Warning TIFFReadDirectory: Unknown field with tag 50838 (0xc696) encountered
[ WARN:0@53.228] global grfmt_tiff.cpp:123 TIFF_Warning TIFFReadDirectory: Unknown field with tag 50839 (0xc697) encountered
[ WARN:0@53.229] global grfmt_tiff.cpp:123 TIFF_Warning TIFFReadDirectory: Unknown field with tag 50838 (0xc696) encountered
[ WARN:0@53.229] global grfmt_tiff.cpp:123 TIFF_Warning TIFFReadDirectory: Unknown field with tag 50839 (0xc697) encountered
[ WARN:0@53.232] global grfmt_tiff.cpp:123 TIFF_Warning TIFFReadDirectory: Unknown field with tag 50838 (0xc696) encountered
[ WARN:0@53.232] global grfmt_tiff.cpp:123 TIFF_Warning TIFFReadDirectory: Unknown field with tag 50839 (0xc697) encountered
[ WARN:0@53.233] global grfmt_tiff.cpp:123 TIFF_Warning TIFFReadDirectory: Unknown field with tag 50838 (0xc696) encountered
[ WARN:0@53.233] global grfmt_tiff.cpp:123 TIFF_Warning TIFFReadDirectory: Unknown field with tag 50839 (0xc697) encountered
[ WARN:0@53.235] global grfmt_tiff.cpp:123 TIFF_Warning TIFFReadDirectory: Unknown field with tag 50838 (0xc696) encountered
[ WARN:0@53.235] global grfmt_tiff.cpp:123 TIFF_Warning TIFFReadDirectory: Unknown field with tag 50839 (0xc697) encountered
[ WARN:0@53.236] global grfmt_tiff.cpp:123 TIFF_Warning TIFFReadDirectory: Unknown field with tag 50838 (0xc696) encountered
[ WARN:0@53.236] global grfmt_tiff.cpp:123 TIFF_Warning TIFFReadDirectory: Unknown field with tag 50839 (0xc697) encountered
[ WARN:0@53.239] global grfmt_tiff.cpp:123 TIFF_Warning TIFFReadDirectory: Unknown field with tag 50838 (0xc696) encountered
[ WARN:0@53.239] global grfmt_tiff.cpp:123 TIFF_Warning TIFFReadDirectory: Unknown field with tag 50839 (0xc697) encountered
[ WARN:0@53.241] global grfmt_tiff.cpp:123 TIFF_Warning TIFFReadDirectory: Unknown field with tag 50838 (0xc696) encountered
[ WARN:0@53.241] global grfmt_tiff.cpp:123 TIFF_Warning TIFFReadDirectory: Unknown field with tag 50839 (0xc697) encountered
[ WARN:0@53.243] global grfmt_tiff.cpp:123 TIFF_Warning TIFFReadDirectory: Unknown field with tag 50838 (0xc696) encountered
[ WARN:0@53.243] global grfmt_tiff.cpp:123 TIFF_Warning TIFFReadDirectory: Unknown field with tag 50839 (0xc697) encountered
[ WARN:0@53.244] global grfmt_tiff.cpp:123 TIFF_Warning TIFFReadDirectory: Unknown field with tag 50838 (0xc696) encountered
[ WARN:0@53.244] global grfmt_tiff.cpp:123 TIFF_Warning TIFFReadDirectory: Unknown field with tag 50839 (0xc697) encountered
[ WARN:0@53.246] global grfmt_tiff.cpp:123 TIFF_Warning TIFFReadDirectory: Unknown field with tag 50838 (0xc696) encountered
[ WARN:0@53.246] global grfmt_tiff.cpp:123 TIFF_Warning TIFFReadDirectory: Unknown field with tag 50839 (0xc697) encountered
[ WARN:0@53.247] global grfmt_tiff.cpp:123 TIFF_Warning TIFFReadDirectory: Unknown field with tag 50838 (0xc696) encountered
[ WARN:0@53.247] global grfmt_tiff.cpp:123 TIFF_Warning TIFFReadDirectory: Unknown field with tag 50839 (0xc697) encountered
[ WARN:0@53.248] global grfmt_tiff.cpp:123 TIFF_Warning TIFFReadDirectory: Unknown field with tag 50838 (0xc696) encountered
[ WARN:0@53.248] global grfmt_tiff.cpp:123 TIFF_Warning TIFFReadDirectory: Unknown field with tag 50839 (0xc697) encountered
[ WARN:0@53.813] global grfmt_tiff.cpp:123 TIFF_Warning TIFFReadDirectory: Unknown field with tag 50838 (0xc696) encountered
[ WARN:0@53.813] global grfmt_tiff.cpp:123 TIFF_Warning TIFFReadDirectory: Unknown field with tag 50839 (0xc697) encountered
[ WARN:0@54.074] global grfmt_tiff.cpp:123 TIFF_Warning TIFFReadDirectory: Unknown field with tag 50838 (0xc696) encountered
[ WARN:0@54.074] global grfmt_tiff.cpp:123 TIFF_Warning TIFFReadDirectory: Unknown field with tag 50839 (0xc697) encountered
[ WARN:0@54.076] global grfmt_tiff.cpp:123 TIFF_Warning TIFFReadDirectory: Unknown field with tag 50838 (0xc696) encountered
[ WARN:0@54.076] global grfmt_tiff.cpp:123 TIFF_Warning TIFFReadDirectory: Unknown field with tag 50839 (0xc697) encountered
[ WARN:0@54.077] global grfmt_tiff.cpp:123 TIFF_Warning TIFFReadDirectory: Unknown field with tag 50838 (0xc696) encountered
[ WARN:0@54.077] global grfmt_tiff.cpp:123 TIFF_Warning TIFFReadDirectory: Unknown field with tag 50839 (0xc697) encountered
[ WARN:0@54.078] global grfmt_tiff.cpp:123 TIFF_Warning TIFFReadDirectory: Unknown field with tag 50838 (0xc696) encountered
[ WARN:0@54.078] global grfmt_tiff.cpp:123 TIFF_Warning TIFFReadDirectory: Unknown field with tag 50839 (0xc697) encountered
[ WARN:0@54.080] global grfmt_tiff.cpp:123 TIFF_Warning TIFFReadDirectory: Unknown field with tag 50838 (0xc696) encountered
[ WARN:0@54.080] global grfmt_tiff.cpp:123 TIFF_Warning TIFFReadDirectory: Unknown field with tag 50839 (0xc697) encountered
[ WARN:0@54.081] global grfmt_tiff.cpp:123 TIFF_Warning TIFFReadDirectory: Unknown field with tag 50838 (0xc696) encountered
[ WARN:0@54.081] global grfmt_tiff.cpp:123 TIFF_Warning TIFFReadDirectory: Unknown field with tag 50839 (0xc697) encountered
[ WARN:0@54.084] global grfmt_tiff.cpp:123 TIFF_Warning TIFFReadDirectory: Unknown field with tag 50838 (0xc696) encountered
[ WARN:0@54.084] global grfmt_tiff.cpp:123 TIFF_Warning TIFFReadDirectory: Unknown field with tag 50839 (0xc697) encountered
[ WARN:0@54.085] global grfmt_tiff.cpp:123 TIFF_Warning TIFFReadDirectory: Unknown field with tag 50838 (0xc696) encountered
[ WARN:0@54.085] global grfmt_tiff.cpp:123 TIFF_Warning TIFFReadDirectory: Unknown field with tag 50839 (0xc697) encountered
[ WARN:0@54.088] global grfmt_tiff.cpp:123 TIFF_Warning TIFFReadDirectory: Unknown field with tag 50838 (0xc696) encountered
[ WARN:0@54.088] global grfmt_tiff.cpp:123 TIFF_Warning TIFFReadDirectory: Unknown field with tag 50839 (0xc697) encountered
[ WARN:0@54.091] global grfmt_tiff.cpp:123 TIFF_Warning TIFFReadDirectory: Unknown field with tag 50838 (0xc696) encountered
[ WARN:0@54.091] global grfmt_tiff.cpp:123 TIFF_Warning TIFFReadDirectory: Unknown field with tag 50839 (0xc697) encountered
[ WARN:0@54.092] global grfmt_tiff.cpp:123 TIFF_Warning TIFFReadDirectory: Unknown field with tag 50838 (0xc696) encountered
[ WARN:0@54.092] global grfmt_tiff.cpp:123 TIFF_Warning TIFFReadDirectory: Unknown field with tag 50839 (0xc697) encountered
[ WARN:0@54.094] global grfmt_tiff.cpp:123 TIFF_Warning TIFFReadDirectory: Unknown field with tag 50838 (0xc696) encountered
[ WARN:0@54.094] global grfmt_tiff.cpp:123 TIFF_Warning TIFFReadDirectory: Unknown field with tag 50839 (0xc697) encountered
[ WARN:0@54.095] global grfmt_tiff.cpp:123 TIFF_Warning TIFFReadDirectory: Unknown field with tag 50838 (0xc696) encountered
[ WARN:0@54.095] global grfmt_tiff.cpp:123 TIFF_Warning TIFFReadDirectory: Unknown field with tag 50839 (0xc697) encountered
[ WARN:0@54.096] global grfmt_tiff.cpp:123 TIFF_Warning TIFFReadDirectory: Unknown field with tag 50838 (0xc696) encountered
[ WARN:0@54.096] global grfmt_tiff.cpp:123 TIFF_Warning TIFFReadDirectory: Unknown field with tag 50839 (0xc697) encountered
[ WARN:0@54.100] global grfmt_tiff.cpp:123 TIFF_Warning TIFFReadDirectory: Unknown field with tag 50838 (0xc696) encountered
[ WARN:0@54.100] global grfmt_tiff.cpp:123 TIFF_Warning TIFFReadDirectory: Unknown field with tag 50839 (0xc697) encountered
[ WARN:0@54.101] global grfmt_tiff.cpp:123 TIFF_Warning TIFFReadDirectory: Unknown field with tag 50838 (0xc696) encountered
[ WARN:0@54.101] global grfmt_tiff.cpp:123 TIFF_Warning TIFFReadDirectory: Unknown field with tag 50839 (0xc697) encountered
[ WARN:0@54.103] global grfmt_tiff.cpp:123 TIFF_Warning TIFFReadDirectory: Unknown field with tag 50838 (0xc696) encountered
[ WARN:0@54.103] global grfmt_tiff.cpp:123 TIFF_Warning TIFFReadDirectory: Unknown field with tag 50839 (0xc697) encountered
[ WARN:0@54.104] global grfmt_tiff.cpp:123 TIFF_Warning TIFFReadDirectory: Unknown field with tag 50838 (0xc696) encountered
[ WARN:0@54.104] global grfmt_tiff.cpp:123 TIFF_Warning TIFFReadDirectory: Unknown field with tag 50839 (0xc697) encountered
[ WARN:0@54.107] global grfmt_tiff.cpp:123 TIFF_Warning TIFFReadDirectory: Unknown field with tag 50838 (0xc696) encountered
[ WARN:0@54.107] global grfmt_tiff.cpp:123 TIFF_Warning TIFFReadDirectory: Unknown field with tag 50839 (0xc697) encountered
[ WARN:0@54.109] global grfmt_tiff.cpp:123 TIFF_Warning TIFFReadDirectory: Unknown field with tag 50838 (0xc696) encountered
[ WARN:0@54.109] global grfmt_tiff.cpp:123 TIFF_Warning TIFFReadDirectory: Unknown field with tag 50839 (0xc697) encountered
[ WARN:0@54.111] global grfmt_tiff.cpp:123 TIFF_Warning TIFFReadDirectory: Unknown field with tag 50838 (0xc696) encountered
[ WARN:0@54.111] global grfmt_tiff.cpp:123 TIFF_Warning TIFFReadDirectory: Unknown field with tag 50839 (0xc697) encountered
[ WARN:0@54.112] global grfmt_tiff.cpp:123 TIFF_Warning TIFFReadDirectory: Unknown field with tag 50838 (0xc696) encountered
[ WARN:0@54.112] global grfmt_tiff.cpp:123 TIFF_Warning TIFFReadDirectory: Unknown field with tag 50839 (0xc697) encountered
[ WARN:0@54.114] global grfmt_tiff.cpp:123 TIFF_Warning TIFFReadDirectory: Unknown field with tag 50838 (0xc696) encountered
[ WARN:0@54.114] global grfmt_tiff.cpp:123 TIFF_Warning TIFFReadDirectory: Unknown field with tag 50839 (0xc697) encountered
[ WARN:0@54.115] global grfmt_tiff.cpp:123 TIFF_Warning TIFFReadDirectory: Unknown field with tag 50838 (0xc696) encountered
[ WARN:0@54.115] global grfmt_tiff.cpp:123 TIFF_Warning TIFFReadDirectory: Unknown field with tag 50839 (0xc697) encountered
[ WARN:0@54.116] global grfmt_tiff.cpp:123 TIFF_Warning TIFFReadDirectory: Unknown field with tag 50838 (0xc696) encountered
[ WARN:0@54.116] global grfmt_tiff.cpp:123 TIFF_Warning TIFFReadDirectory: Unknown field with tag 50839 (0xc697) encountered
[ WARN:0@54.119] global grfmt_tiff.cpp:123 TIFF_Warning TIFFReadDirectory: Unknown field with tag 50838 (0xc696) encountered
[ WARN:0@54.119] global grfmt_tiff.cpp:123 TIFF_Warning TIFFReadDirectory: Unknown field with tag 50839 (0xc697) encountered
[ WARN:0@54.120] global grfmt_tiff.cpp:123 TIFF_Warning TIFFReadDirectory: Unknown field with tag 50838 (0xc696) encountered
[ WARN:0@54.120] global grfmt_tiff.cpp:123 TIFF_Warning TIFFReadDirectory: Unknown field with tag 50839 (0xc697) encountered
[ WARN:0@54.120] global grfmt_tiff.cpp:123 TIFF_Warning TIFFReadDirectory: Unknown field with tag 50838 (0xc696) encountered
[ WARN:0@54.120] global grfmt_tiff.cpp:123 TIFF_Warning TIFFReadDirectory: Unknown field with tag 50839 (0xc697) encountered
[ WARN:0@54.121] global grfmt_tiff.cpp:123 TIFF_Warning TIFFReadDirectory: Unknown field with tag 50838 (0xc696) encountered
[ WARN:0@54.121] global grfmt_tiff.cpp:123 TIFF_Warning TIFFReadDirectory: Unknown field with tag 50839 (0xc697) encountered
[ WARN:0@54.123] global grfmt_tiff.cpp:123 TIFF_Warning TIFFReadDirectory: Unknown field with tag 50838 (0xc696) encountered
[ WARN:0@54.124] global grfmt_tiff.cpp:123 TIFF_Warning TIFFReadDirectory: Unknown field with tag 50839 (0xc697) encountered
[ WARN:0@54.125] global grfmt_tiff.cpp:123 TIFF_Warning TIFFReadDirectory: Unknown field with tag 50838 (0xc696) encountered
[ WARN:0@54.125] global grfmt_tiff.cpp:123 TIFF_Warning TIFFReadDirectory: Unknown field with tag 50839 (0xc697) encountered
[ WARN:0@54.127] global grfmt_tiff.cpp:123 TIFF_Warning TIFFReadDirectory: Unknown field with tag 50838 (0xc696) encountered
[ WARN:0@54.127] global grfmt_tiff.cpp:123 TIFF_Warning TIFFReadDirectory: Unknown field with tag 50839 (0xc697) encountered
[ WARN:0@54.128] global grfmt_tiff.cpp:123 TIFF_Warning TIFFReadDirectory: Unknown field with tag 50838 (0xc696) encountered
[ WARN:0@54.128] global grfmt_tiff.cpp:123 TIFF_Warning TIFFReadDirectory: Unknown field with tag 50839 (0xc697) encountered
[ WARN:0@54.130] global grfmt_tiff.cpp:123 TIFF_Warning TIFFReadDirectory: Unknown field with tag 50838 (0xc696) encountered
[ WARN:0@54.130] global grfmt_tiff.cpp:123 TIFF_Warning TIFFReadDirectory: Unknown field with tag 50839 (0xc697) encountered
[ WARN:0@54.134] global grfmt_tiff.cpp:123 TIFF_Warning TIFFReadDirectory: Unknown field with tag 50838 (0xc696) encountered
[ WARN:0@54.134] global grfmt_tiff.cpp:123 TIFF_Warning TIFFReadDirectory: Unknown field with tag 50839 (0xc697) encountered
[ WARN:0@54.135] global grfmt_tiff.cpp:123 TIFF_Warning TIFFReadDirectory: Unknown field with tag 50838 (0xc696) encountered
[ WARN:0@54.135] global grfmt_tiff.cpp:123 TIFF_Warning TIFFReadDirectory: Unknown field with tag 50839 (0xc697) encountered
[ WARN:0@54.137] global grfmt_tiff.cpp:123 TIFF_Warning TIFFReadDirectory: Unknown field with tag 50838 (0xc696) encountered
[ WARN:0@54.137] global grfmt_tiff.cpp:123 TIFF_Warning TIFFReadDirectory: Unknown field with tag 50839 (0xc697) encountered
[ WARN:0@54.138] global grfmt_tiff.cpp:123 TIFF_Warning TIFFReadDirectory: Unknown field with tag 50838 (0xc696) encountered
[ WARN:0@54.138] global grfmt_tiff.cpp:123 TIFF_Warning TIFFReadDirectory: Unknown field with tag 50839 (0xc697) encountered
[ WARN:0@54.139] global grfmt_tiff.cpp:123 TIFF_Warning TIFFReadDirectory: Unknown field with tag 50838 (0xc696) encountered
[ WARN:0@54.139] global grfmt_tiff.cpp:123 TIFF_Warning TIFFReadDirectory: Unknown field with tag 50839 (0xc697) encountered
[ WARN:0@54.142] global grfmt_tiff.cpp:123 TIFF_Warning TIFFReadDirectory: Unknown field with tag 50838 (0xc696) encountered
[ WARN:0@54.142] global grfmt_tiff.cpp:123 TIFF_Warning TIFFReadDirectory: Unknown field with tag 50839 (0xc697) encountered
[ WARN:0@54.143] global grfmt_tiff.cpp:123 TIFF_Warning TIFFReadDirectory: Unknown field with tag 50838 (0xc696) encountered
[ WARN:0@54.143] global grfmt_tiff.cpp:123 TIFF_Warning TIFFReadDirectory: Unknown field with tag 50839 (0xc697) encountered
[ WARN:0@54.146] global grfmt_tiff.cpp:123 TIFF_Warning TIFFReadDirectory: Unknown field with tag 50838 (0xc696) encountered
[ WARN:0@54.146] global grfmt_tiff.cpp:123 TIFF_Warning TIFFReadDirectory: Unknown field with tag 50839 (0xc697) encountered
[ WARN:0@54.147] global grfmt_tiff.cpp:123 TIFF_Warning TIFFReadDirectory: Unknown field with tag 50838 (0xc696) encountered
[ WARN:0@54.147] global grfmt_tiff.cpp:123 TIFF_Warning TIFFReadDirectory: Unknown field with tag 50839 (0xc697) encountered
[ WARN:0@54.150] global grfmt_tiff.cpp:123 TIFF_Warning TIFFReadDirectory: Unknown field with tag 50838 (0xc696) encountered
[ WARN:0@54.150] global grfmt_tiff.cpp:123 TIFF_Warning TIFFReadDirectory: Unknown field with tag 50839 (0xc697) encountered
[ WARN:0@54.152] global grfmt_tiff.cpp:123 TIFF_Warning TIFFReadDirectory: Unknown field with tag 50838 (0xc696) encountered
[ WARN:0@54.152] global grfmt_tiff.cpp:123 TIFF_Warning TIFFReadDirectory: Unknown field with tag 50839 (0xc697) encountered
[ WARN:0@54.154] global grfmt_tiff.cpp:123 TIFF_Warning TIFFReadDirectory: Unknown field with tag 50838 (0xc696) encountered
[ WARN:0@54.154] global grfmt_tiff.cpp:123 TIFF_Warning TIFFReadDirectory: Unknown field with tag 50839 (0xc697) encountered
[ WARN:0@54.155] global grfmt_tiff.cpp:123 TIFF_Warning TIFFReadDirectory: Unknown field with tag 50838 (0xc696) encountered
[ WARN:0@54.155] global grfmt_tiff.cpp:123 TIFF_Warning TIFFReadDirectory: Unknown field with tag 50839 (0xc697) encountered
[ WARN:0@54.157] global grfmt_tiff.cpp:123 TIFF_Warning TIFFReadDirectory: Unknown field with tag 50838 (0xc696) encountered
[ WARN:0@54.157] global grfmt_tiff.cpp:123 TIFF_Warning TIFFReadDirectory: Unknown field with tag 50839 (0xc697) encountered
[ WARN:0@54.158] global grfmt_tiff.cpp:123 TIFF_Warning TIFFReadDirectory: Unknown field with tag 50838 (0xc696) encountered
[ WARN:0@54.158] global grfmt_tiff.cpp:123 TIFF_Warning TIFFReadDirectory: Unknown field with tag 50839 (0xc697) encountered
[ WARN:0@54.159] global grfmt_tiff.cpp:123 TIFF_Warning TIFFReadDirectory: Unknown field with tag 50838 (0xc696) encountered
[ WARN:0@54.159] global grfmt_tiff.cpp:123 TIFF_Warning TIFFReadDirectory: Unknown field with tag 50839 (0xc697) encountered
[ WARN:0@54.870] global grfmt_tiff.cpp:123 TIFF_Warning TIFFReadDirectory: Unknown field with tag 50838 (0xc696) encountered
[ WARN:0@54.870] global grfmt_tiff.cpp:123 TIFF_Warning TIFFReadDirectory: Unknown field with tag 50839 (0xc697) encountered
[ WARN:0@54.872] global grfmt_tiff.cpp:123 TIFF_Warning TIFFReadDirectory: Unknown field with tag 50838 (0xc696) encountered
[ WARN:0@54.872] global grfmt_tiff.cpp:123 TIFF_Warning TIFFReadDirectory: Unknown field with tag 50839 (0xc697) encountered
[ WARN:0@54.873] global grfmt_tiff.cpp:123 TIFF_Warning TIFFReadDirectory: Unknown field with tag 50838 (0xc696) encountered
[ WARN:0@54.873] global grfmt_tiff.cpp:123 TIFF_Warning TIFFReadDirectory: Unknown field with tag 50839 (0xc697) encountered
[ WARN:0@54.874] global grfmt_tiff.cpp:123 TIFF_Warning TIFFReadDirectory: Unknown field with tag 50838 (0xc696) encountered
[ WARN:0@54.874] global grfmt_tiff.cpp:123 TIFF_Warning TIFFReadDirectory: Unknown field with tag 50839 (0xc697) encountered
[ WARN:0@54.877] global grfmt_tiff.cpp:123 TIFF_Warning TIFFReadDirectory: Unknown field with tag 50838 (0xc696) encountered
[ WARN:0@54.877] global grfmt_tiff.cpp:123 TIFF_Warning TIFFReadDirectory: Unknown field with tag 50839 (0xc697) encountered
[ WARN:0@54.878] global grfmt_tiff.cpp:123 TIFF_Warning TIFFReadDirectory: Unknown field with tag 50838 (0xc696) encountered
[ WARN:0@54.878] global grfmt_tiff.cpp:123 TIFF_Warning TIFFReadDirectory: Unknown field with tag 50839 (0xc697) encountered
[ WARN:0@54.881] global grfmt_tiff.cpp:123 TIFF_Warning TIFFReadDirectory: Unknown field with tag 50838 (0xc696) encountered
[ WARN:0@54.881] global grfmt_tiff.cpp:123 TIFF_Warning TIFFReadDirectory: Unknown field with tag 50839 (0xc697) encountered
[ WARN:0@54.882] global grfmt_tiff.cpp:123 TIFF_Warning TIFFReadDirectory: Unknown field with tag 50838 (0xc696) encountered
[ WARN:0@54.882] global grfmt_tiff.cpp:123 TIFF_Warning TIFFReadDirectory: Unknown field with tag 50839 (0xc697) encountered
[ WARN:0@54.884] global grfmt_tiff.cpp:123 TIFF_Warning TIFFReadDirectory: Unknown field with tag 50838 (0xc696) encountered
[ WARN:0@54.884] global grfmt_tiff.cpp:123 TIFF_Warning TIFFReadDirectory: Unknown field with tag 50839 (0xc697) encountered
[ WARN:0@54.888] global grfmt_tiff.cpp:123 TIFF_Warning TIFFReadDirectory: Unknown field with tag 50838 (0xc696) encountered
[ WARN:0@54.888] global grfmt_tiff.cpp:123 TIFF_Warning TIFFReadDirectory: Unknown field with tag 50839 (0xc697) encountered
[ WARN:0@54.889] global grfmt_tiff.cpp:123 TIFF_Warning TIFFReadDirectory: Unknown field with tag 50838 (0xc696) encountered
[ WARN:0@54.889] global grfmt_tiff.cpp:123 TIFF_Warning TIFFReadDirectory: Unknown field with tag 50839 (0xc697) encountered
[ WARN:0@54.891] global grfmt_tiff.cpp:123 TIFF_Warning TIFFReadDirectory: Unknown field with tag 50838 (0xc696) encountered
[ WARN:0@54.891] global grfmt_tiff.cpp:123 TIFF_Warning TIFFReadDirectory: Unknown field with tag 50839 (0xc697) encountered
[ WARN:0@54.892] global grfmt_tiff.cpp:123 TIFF_Warning TIFFReadDirectory: Unknown field with tag 50838 (0xc696) encountered
[ WARN:0@54.892] global grfmt_tiff.cpp:123 TIFF_Warning TIFFReadDirectory: Unknown field with tag 50839 (0xc697) encountered
[ WARN:0@54.893] global grfmt_tiff.cpp:123 TIFF_Warning TIFFReadDirectory: Unknown field with tag 50838 (0xc696) encountered
[ WARN:0@54.893] global grfmt_tiff.cpp:123 TIFF_Warning TIFFReadDirectory: Unknown field with tag 50839 (0xc697) encountered
[ WARN:0@54.896] global grfmt_tiff.cpp:123 TIFF_Warning TIFFReadDirectory: Unknown field with tag 50838 (0xc696) encountered
[ WARN:0@54.896] global grfmt_tiff.cpp:123 TIFF_Warning TIFFReadDirectory: Unknown field with tag 50839 (0xc697) encountered
[ WARN:0@54.898] global grfmt_tiff.cpp:123 TIFF_Warning TIFFReadDirectory: Unknown field with tag 50838 (0xc696) encountered
[ WARN:0@54.898] global grfmt_tiff.cpp:123 TIFF_Warning TIFFReadDirectory: Unknown field with tag 50839 (0xc697) encountered
[ WARN:0@54.900] global grfmt_tiff.cpp:123 TIFF_Warning TIFFReadDirectory: Unknown field with tag 50838 (0xc696) encountered
[ WARN:0@54.900] global grfmt_tiff.cpp:123 TIFF_Warning TIFFReadDirectory: Unknown field with tag 50839 (0xc697) encountered
[ WARN:0@54.901] global grfmt_tiff.cpp:123 TIFF_Warning TIFFReadDirectory: Unknown field with tag 50838 (0xc696) encountered
[ WARN:0@54.901] global grfmt_tiff.cpp:123 TIFF_Warning TIFFReadDirectory: Unknown field with tag 50839 (0xc697) encountered
[ WARN:0@54.904] global grfmt_tiff.cpp:123 TIFF_Warning TIFFReadDirectory: Unknown field with tag 50838 (0xc696) encountered
[ WARN:0@54.904] global grfmt_tiff.cpp:123 TIFF_Warning TIFFReadDirectory: Unknown field with tag 50839 (0xc697) encountered
[ WARN:0@54.906] global grfmt_tiff.cpp:123 TIFF_Warning TIFFReadDirectory: Unknown field with tag 50838 (0xc696) encountered
[ WARN:0@54.906] global grfmt_tiff.cpp:123 TIFF_Warning TIFFReadDirectory: Unknown field with tag 50839 (0xc697) encountered
[ WARN:0@54.909] global grfmt_tiff.cpp:123 TIFF_Warning TIFFReadDirectory: Unknown field with tag 50838 (0xc696) encountered
[ WARN:0@54.909] global grfmt_tiff.cpp:123 TIFF_Warning TIFFReadDirectory: Unknown field with tag 50839 (0xc697) encountered
[ WARN:0@54.910] global grfmt_tiff.cpp:123 TIFF_Warning TIFFReadDirectory: Unknown field with tag 50838 (0xc696) encountered
[ WARN:0@54.910] global grfmt_tiff.cpp:123 TIFF_Warning TIFFReadDirectory: Unknown field with tag 50839 (0xc697) encountered
[ WARN:0@54.911] global grfmt_tiff.cpp:123 TIFF_Warning TIFFReadDirectory: Unknown field with tag 50838 (0xc696) encountered
[ WARN:0@54.911] global grfmt_tiff.cpp:123 TIFF_Warning TIFFReadDirectory: Unknown field with tag 50839 (0xc697) encountered
[ WARN:0@54.913] global grfmt_tiff.cpp:123 TIFF_Warning TIFFReadDirectory: Unknown field with tag 50838 (0xc696) encountered
[ WARN:0@54.913] global grfmt_tiff.cpp:123 TIFF_Warning TIFFReadDirectory: Unknown field with tag 50839 (0xc697) encountered
[ WARN:0@54.914] global grfmt_tiff.cpp:123 TIFF_Warning TIFFReadDirectory: Unknown field with tag 50838 (0xc696) encountered
[ WARN:0@54.914] global grfmt_tiff.cpp:123 TIFF_Warning TIFFReadDirectory: Unknown field with tag 50839 (0xc697) encountered
[ WARN:0@54.916] global grfmt_tiff.cpp:123 TIFF_Warning TIFFReadDirectory: Unknown field with tag 50838 (0xc696) encountered
[ WARN:0@54.916] global grfmt_tiff.cpp:123 TIFF_Warning TIFFReadDirectory: Unknown field with tag 50839 (0xc697) encountered
[ WARN:0@54.917] global grfmt_tiff.cpp:123 TIFF_Warning TIFFReadDirectory: Unknown field with tag 50838 (0xc696) encountered
[ WARN:0@54.917] global grfmt_tiff.cpp:123 TIFF_Warning TIFFReadDirectory: Unknown field with tag 50839 (0xc697) encountered
[ WARN:0@54.918] global grfmt_tiff.cpp:123 TIFF_Warning TIFFReadDirectory: Unknown field with tag 50838 (0xc696) encountered
[ WARN:0@54.918] global grfmt_tiff.cpp:123 TIFF_Warning TIFFReadDirectory: Unknown field with tag 50839 (0xc697) encountered
[ WARN:0@54.919] global grfmt_tiff.cpp:123 TIFF_Warning TIFFReadDirectory: Unknown field with tag 50838 (0xc696) encountered
[ WARN:0@54.919] global grfmt_tiff.cpp:123 TIFF_Warning TIFFReadDirectory: Unknown field with tag 50839 (0xc697) encountered
[ WARN:0@54.921] global grfmt_tiff.cpp:123 TIFF_Warning TIFFReadDirectory: Unknown field with tag 50838 (0xc696) encountered
[ WARN:0@54.921] global grfmt_tiff.cpp:123 TIFF_Warning TIFFReadDirectory: Unknown field with tag 50839 (0xc697) encountered
[ WARN:0@54.923] global grfmt_tiff.cpp:123 TIFF_Warning TIFFReadDirectory: Unknown field with tag 50838 (0xc696) encountered
[ WARN:0@54.923] global grfmt_tiff.cpp:123 TIFF_Warning TIFFReadDirectory: Unknown field with tag 50839 (0xc697) encountered
[ WARN:0@54.925] global grfmt_tiff.cpp:123 TIFF_Warning TIFFReadDirectory: Unknown field with tag 50838 (0xc696) encountered
[ WARN:0@54.925] global grfmt_tiff.cpp:123 TIFF_Warning TIFFReadDirectory: Unknown field with tag 50839 (0xc697) encountered
[ WARN:0@54.926] global grfmt_tiff.cpp:123 TIFF_Warning TIFFReadDirectory: Unknown field with tag 50838 (0xc696) encountered
[ WARN:0@54.926] global grfmt_tiff.cpp:123 TIFF_Warning TIFFReadDirectory: Unknown field with tag 50839 (0xc697) encountered
[ WARN:0@54.929] global grfmt_tiff.cpp:123 TIFF_Warning TIFFReadDirectory: Unknown field with tag 50838 (0xc696) encountered
[ WARN:0@54.929] global grfmt_tiff.cpp:123 TIFF_Warning TIFFReadDirectory: Unknown field with tag 50839 (0xc697) encountered
[ WARN:0@54.932] global grfmt_tiff.cpp:123 TIFF_Warning TIFFReadDirectory: Unknown field with tag 50838 (0xc696) encountered
[ WARN:0@54.932] global grfmt_tiff.cpp:123 TIFF_Warning TIFFReadDirectory: Unknown field with tag 50839 (0xc697) encountered
[ WARN:0@54.933] global grfmt_tiff.cpp:123 TIFF_Warning TIFFReadDirectory: Unknown field with tag 50838 (0xc696) encountered
[ WARN:0@54.933] global grfmt_tiff.cpp:123 TIFF_Warning TIFFReadDirectory: Unknown field with tag 50839 (0xc697) encountered
[ WARN:0@54.935] global grfmt_tiff.cpp:123 TIFF_Warning TIFFReadDirectory: Unknown field with tag 50838 (0xc696) encountered
[ WARN:0@54.935] global grfmt_tiff.cpp:123 TIFF_Warning TIFFReadDirectory: Unknown field with tag 50839 (0xc697) encountered
[ WARN:0@54.936] global grfmt_tiff.cpp:123 TIFF_Warning TIFFReadDirectory: Unknown field with tag 50838 (0xc696) encountered
[ WARN:0@54.936] global grfmt_tiff.cpp:123 TIFF_Warning TIFFReadDirectory: Unknown field with tag 50839 (0xc697) encountered
[ WARN:0@54.937] global grfmt_tiff.cpp:123 TIFF_Warning TIFFReadDirectory: Unknown field with tag 50838 (0xc696) encountered
[ WARN:0@54.937] global grfmt_tiff.cpp:123 TIFF_Warning TIFFReadDirectory: Unknown field with tag 50839 (0xc697) encountered
[ WARN:0@54.941] global grfmt_tiff.cpp:123 TIFF_Warning TIFFReadDirectory: Unknown field with tag 50838 (0xc696) encountered
[ WARN:0@54.941] global grfmt_tiff.cpp:123 TIFF_Warning TIFFReadDirectory: Unknown field with tag 50839 (0xc697) encountered
[ WARN:0@54.942] global grfmt_tiff.cpp:123 TIFF_Warning TIFFReadDirectory: Unknown field with tag 50838 (0xc696) encountered
[ WARN:0@54.942] global grfmt_tiff.cpp:123 TIFF_Warning TIFFReadDirectory: Unknown field with tag 50839 (0xc697) encountered
[ WARN:0@54.944] global grfmt_tiff.cpp:123 TIFF_Warning TIFFReadDirectory: Unknown field with tag 50838 (0xc696) encountered
[ WARN:0@54.944] global grfmt_tiff.cpp:123 TIFF_Warning TIFFReadDirectory: Unknown field with tag 50839 (0xc697) encountered
[ WARN:0@54.945] global grfmt_tiff.cpp:123 TIFF_Warning TIFFReadDirectory: Unknown field with tag 50838 (0xc696) encountered
[ WARN:0@54.945] global grfmt_tiff.cpp:123 TIFF_Warning TIFFReadDirectory: Unknown field with tag 50839 (0xc697) encountered
[ WARN:0@54.948] global grfmt_tiff.cpp:123 TIFF_Warning TIFFReadDirectory: Unknown field with tag 50838 (0xc696) encountered
[ WARN:0@54.948] global grfmt_tiff.cpp:123 TIFF_Warning TIFFReadDirectory: Unknown field with tag 50839 (0xc697) encountered
[ WARN:0@54.951] global grfmt_tiff.cpp:123 TIFF_Warning TIFFReadDirectory: Unknown field with tag 50838 (0xc696) encountered
[ WARN:0@54.951] global grfmt_tiff.cpp:123 TIFF_Warning TIFFReadDirectory: Unknown field with tag 50839 (0xc697) encountered
[ WARN:0@54.953] global grfmt_tiff.cpp:123 TIFF_Warning TIFFReadDirectory: Unknown field with tag 50838 (0xc696) encountered
[ WARN:0@54.953] global grfmt_tiff.cpp:123 TIFF_Warning TIFFReadDirectory: Unknown field with tag 50839 (0xc697) encountered
[ WARN:0@54.954] global grfmt_tiff.cpp:123 TIFF_Warning TIFFReadDirectory: Unknown field with tag 50838 (0xc696) encountered
[ WARN:0@54.954] global grfmt_tiff.cpp:123 TIFF_Warning TIFFReadDirectory: Unknown field with tag 50839 (0xc697) encountered
[ WARN:0@54.956] global grfmt_tiff.cpp:123 TIFF_Warning TIFFReadDirectory: Unknown field with tag 50838 (0xc696) encountered
[ WARN:0@54.956] global grfmt_tiff.cpp:123 TIFF_Warning TIFFReadDirectory: Unknown field with tag 50839 (0xc697) encountered
[ WARN:0@54.957] global grfmt_tiff.cpp:123 TIFF_Warning TIFFReadDirectory: Unknown field with tag 50838 (0xc696) encountered
[ WARN:0@54.957] global grfmt_tiff.cpp:123 TIFF_Warning TIFFReadDirectory: Unknown field with tag 50839 (0xc697) encountered
[ WARN:0@54.958] global grfmt_tiff.cpp:123 TIFF_Warning TIFFReadDirectory: Unknown field with tag 50838 (0xc696) encountered
[ WARN:0@54.958] global grfmt_tiff.cpp:123 TIFF_Warning TIFFReadDirectory: Unknown field with tag 50839 (0xc697) encountered
[ WARN:0@55.378] global grfmt_tiff.cpp:123 TIFF_Warning TIFFReadDirectory: Unknown field with tag 50838 (0xc696) encountered
[ WARN:0@55.378] global grfmt_tiff.cpp:123 TIFF_Warning TIFFReadDirectory: Unknown field with tag 50839 (0xc697) encountered
[ WARN:0@55.692] global grfmt_tiff.cpp:123 TIFF_Warning TIFFReadDirectory: Unknown field with tag 50838 (0xc696) encountered
[ WARN:0@55.692] global grfmt_tiff.cpp:123 TIFF_Warning TIFFReadDirectory: Unknown field with tag 50839 (0xc697) encountered
[ WARN:0@55.694] global grfmt_tiff.cpp:123 TIFF_Warning TIFFReadDirectory: Unknown field with tag 50838 (0xc696) encountered
[ WARN:0@55.694] global grfmt_tiff.cpp:123 TIFF_Warning TIFFReadDirectory: Unknown field with tag 50839 (0xc697) encountered
[ WARN:0@55.695] global grfmt_tiff.cpp:123 TIFF_Warning TIFFReadDirectory: Unknown field with tag 50838 (0xc696) encountered
[ WARN:0@55.695] global grfmt_tiff.cpp:123 TIFF_Warning TIFFReadDirectory: Unknown field with tag 50839 (0xc697) encountered
[ WARN:0@55.696] global grfmt_tiff.cpp:123 TIFF_Warning TIFFReadDirectory: Unknown field with tag 50838 (0xc696) encountered
[ WARN:0@55.696] global grfmt_tiff.cpp:123 TIFF_Warning TIFFReadDirectory: Unknown field with tag 50839 (0xc697) encountered
[ WARN:0@55.698] global grfmt_tiff.cpp:123 TIFF_Warning TIFFReadDirectory: Unknown field with tag 50838 (0xc696) encountered
[ WARN:0@55.698] global grfmt_tiff.cpp:123 TIFF_Warning TIFFReadDirectory: Unknown field with tag 50839 (0xc697) encountered
[ WARN:0@55.699] global grfmt_tiff.cpp:123 TIFF_Warning TIFFReadDirectory: Unknown field with tag 50838 (0xc696) encountered
[ WARN:0@55.699] global grfmt_tiff.cpp:123 TIFF_Warning TIFFReadDirectory: Unknown field with tag 50839 (0xc697) encountered
[ WARN:0@55.703] global grfmt_tiff.cpp:123 TIFF_Warning TIFFReadDirectory: Unknown field with tag 50838 (0xc696) encountered
[ WARN:0@55.703] global grfmt_tiff.cpp:123 TIFF_Warning TIFFReadDirectory: Unknown field with tag 50839 (0xc697) encountered
[ WARN:0@55.704] global grfmt_tiff.cpp:123 TIFF_Warning TIFFReadDirectory: Unknown field with tag 50838 (0xc696) encountered
[ WARN:0@55.704] global grfmt_tiff.cpp:123 TIFF_Warning TIFFReadDirectory: Unknown field with tag 50839 (0xc697) encountered
[ WARN:0@55.708] global grfmt_tiff.cpp:123 TIFF_Warning TIFFReadDirectory: Unknown field with tag 50838 (0xc696) encountered
[ WARN:0@55.708] global grfmt_tiff.cpp:123 TIFF_Warning TIFFReadDirectory: Unknown field with tag 50839 (0xc697) encountered
[ WARN:0@55.712] global grfmt_tiff.cpp:123 TIFF_Warning TIFFReadDirectory: Unknown field with tag 50838 (0xc696) encountered
[ WARN:0@55.712] global grfmt_tiff.cpp:123 TIFF_Warning TIFFReadDirectory: Unknown field with tag 50839 (0xc697) encountered
[ WARN:0@55.713] global grfmt_tiff.cpp:123 TIFF_Warning TIFFReadDirectory: Unknown field with tag 50838 (0xc696) encountered
[ WARN:0@55.713] global grfmt_tiff.cpp:123 TIFF_Warning TIFFReadDirectory: Unknown field with tag 50839 (0xc697) encountered
[ WARN:0@55.715] global grfmt_tiff.cpp:123 TIFF_Warning TIFFReadDirectory: Unknown field with tag 50838 (0xc696) encountered
[ WARN:0@55.715] global grfmt_tiff.cpp:123 TIFF_Warning TIFFReadDirectory: Unknown field with tag 50839 (0xc697) encountered
[ WARN:0@55.716] global grfmt_tiff.cpp:123 TIFF_Warning TIFFReadDirectory: Unknown field with tag 50838 (0xc696) encountered
[ WARN:0@55.716] global grfmt_tiff.cpp:123 TIFF_Warning TIFFReadDirectory: Unknown field with tag 50839 (0xc697) encountered
[ WARN:0@55.717] global grfmt_tiff.cpp:123 TIFF_Warning TIFFReadDirectory: Unknown field with tag 50838 (0xc696) encountered
[ WARN:0@55.717] global grfmt_tiff.cpp:123 TIFF_Warning TIFFReadDirectory: Unknown field with tag 50839 (0xc697) encountered
[ WARN:0@55.720] global grfmt_tiff.cpp:123 TIFF_Warning TIFFReadDirectory: Unknown field with tag 50838 (0xc696) encountered
[ WARN:0@55.720] global grfmt_tiff.cpp:123 TIFF_Warning TIFFReadDirectory: Unknown field with tag 50839 (0xc697) encountered
[ WARN:0@55.721] global grfmt_tiff.cpp:123 TIFF_Warning TIFFReadDirectory: Unknown field with tag 50838 (0xc696) encountered
[ WARN:0@55.722] global grfmt_tiff.cpp:123 TIFF_Warning TIFFReadDirectory: Unknown field with tag 50839 (0xc697) encountered
[ WARN:0@55.724] global grfmt_tiff.cpp:123 TIFF_Warning TIFFReadDirectory: Unknown field with tag 50838 (0xc696) encountered
[ WARN:0@55.724] global grfmt_tiff.cpp:123 TIFF_Warning TIFFReadDirectory: Unknown field with tag 50839 (0xc697) encountered
[ WARN:0@55.725] global grfmt_tiff.cpp:123 TIFF_Warning TIFFReadDirectory: Unknown field with tag 50838 (0xc696) encountered
[ WARN:0@55.725] global grfmt_tiff.cpp:123 TIFF_Warning TIFFReadDirectory: Unknown field with tag 50839 (0xc697) encountered
[ WARN:0@55.728] global grfmt_tiff.cpp:123 TIFF_Warning TIFFReadDirectory: Unknown field with tag 50838 (0xc696) encountered
[ WARN:0@55.728] global grfmt_tiff.cpp:123 TIFF_Warning TIFFReadDirectory: Unknown field with tag 50839 (0xc697) encountered
[ WARN:0@55.730] global grfmt_tiff.cpp:123 TIFF_Warning TIFFReadDirectory: Unknown field with tag 50838 (0xc696) encountered
[ WARN:0@55.730] global grfmt_tiff.cpp:123 TIFF_Warning TIFFReadDirectory: Unknown field with tag 50839 (0xc697) encountered
[ WARN:0@55.733] global grfmt_tiff.cpp:123 TIFF_Warning TIFFReadDirectory: Unknown field with tag 50838 (0xc696) encountered
[ WARN:0@55.733] global grfmt_tiff.cpp:123 TIFF_Warning TIFFReadDirectory: Unknown field with tag 50839 (0xc697) encountered
[ WARN:0@55.734] global grfmt_tiff.cpp:123 TIFF_Warning TIFFReadDirectory: Unknown field with tag 50838 (0xc696) encountered
[ WARN:0@55.734] global grfmt_tiff.cpp:123 TIFF_Warning TIFFReadDirectory: Unknown field with tag 50839 (0xc697) encountered
[ WARN:0@55.735] global grfmt_tiff.cpp:123 TIFF_Warning TIFFReadDirectory: Unknown field with tag 50838 (0xc696) encountered
[ WARN:0@55.735] global grfmt_tiff.cpp:123 TIFF_Warning TIFFReadDirectory: Unknown field with tag 50839 (0xc697) encountered
[ WARN:0@55.737] global grfmt_tiff.cpp:123 TIFF_Warning TIFFReadDirectory: Unknown field with tag 50838 (0xc696) encountered
[ WARN:0@55.737] global grfmt_tiff.cpp:123 TIFF_Warning TIFFReadDirectory: Unknown field with tag 50839 (0xc697) encountered
[ WARN:0@55.738] global grfmt_tiff.cpp:123 TIFF_Warning TIFFReadDirectory: Unknown field with tag 50838 (0xc696) encountered
[ WARN:0@55.738] global grfmt_tiff.cpp:123 TIFF_Warning TIFFReadDirectory: Unknown field with tag 50839 (0xc697) encountered
[ WARN:0@56.329] global grfmt_tiff.cpp:123 TIFF_Warning TIFFReadDirectory: Unknown field with tag 50838 (0xc696) encountered
[ WARN:0@56.329] global grfmt_tiff.cpp:123 TIFF_Warning TIFFReadDirectory: Unknown field with tag 50839 (0xc697) encountered
[ WARN:0@56.630] global grfmt_tiff.cpp:123 TIFF_Warning TIFFReadDirectory: Unknown field with tag 50838 (0xc696) encountered
[ WARN:0@56.630] global grfmt_tiff.cpp:123 TIFF_Warning TIFFReadDirectory: Unknown field with tag 50839 (0xc697) encountered
[ WARN:0@56.632] global grfmt_tiff.cpp:123 TIFF_Warning TIFFReadDirectory: Unknown field with tag 50838 (0xc696) encountered
[ WARN:0@56.632] global grfmt_tiff.cpp:123 TIFF_Warning TIFFReadDirectory: Unknown field with tag 50839 (0xc697) encountered
[ WARN:0@56.633] global grfmt_tiff.cpp:123 TIFF_Warning TIFFReadDirectory: Unknown field with tag 50838 (0xc696) encountered
[ WARN:0@56.633] global grfmt_tiff.cpp:123 TIFF_Warning TIFFReadDirectory: Unknown field with tag 50839 (0xc697) encountered
[ WARN:0@56.634] global grfmt_tiff.cpp:123 TIFF_Warning TIFFReadDirectory: Unknown field with tag 50838 (0xc696) encountered
[ WARN:0@56.634] global grfmt_tiff.cpp:123 TIFF_Warning TIFFReadDirectory: Unknown field with tag 50839 (0xc697) encountered
[ WARN:0@56.637] global grfmt_tiff.cpp:123 TIFF_Warning TIFFReadDirectory: Unknown field with tag 50838 (0xc696) encountered
[ WARN:0@56.637] global grfmt_tiff.cpp:123 TIFF_Warning TIFFReadDirectory: Unknown field with tag 50839 (0xc697) encountered
[ WARN:0@56.638] global grfmt_tiff.cpp:123 TIFF_Warning TIFFReadDirectory: Unknown field with tag 50838 (0xc696) encountered
[ WARN:0@56.638] global grfmt_tiff.cpp:123 TIFF_Warning TIFFReadDirectory: Unknown field with tag 50839 (0xc697) encountered
[ WARN:0@56.641] global grfmt_tiff.cpp:123 TIFF_Warning TIFFReadDirectory: Unknown field with tag 50838 (0xc696) encountered
[ WARN:0@56.641] global grfmt_tiff.cpp:123 TIFF_Warning TIFFReadDirectory: Unknown field with tag 50839 (0xc697) encountered
[ WARN:0@56.642] global grfmt_tiff.cpp:123 TIFF_Warning TIFFReadDirectory: Unknown field with tag 50838 (0xc696) encountered
[ WARN:0@56.642] global grfmt_tiff.cpp:123 TIFF_Warning TIFFReadDirectory: Unknown field with tag 50839 (0xc697) encountered
[ WARN:0@56.644] global grfmt_tiff.cpp:123 TIFF_Warning TIFFReadDirectory: Unknown field with tag 50838 (0xc696) encountered
[ WARN:0@56.644] global grfmt_tiff.cpp:123 TIFF_Warning TIFFReadDirectory: Unknown field with tag 50839 (0xc697) encountered
[ WARN:0@56.648] global grfmt_tiff.cpp:123 TIFF_Warning TIFFReadDirectory: Unknown field with tag 50838 (0xc696) encountered
[ WARN:0@56.648] global grfmt_tiff.cpp:123 TIFF_Warning TIFFReadDirectory: Unknown field with tag 50839 (0xc697) encountered
[ WARN:0@56.649] global grfmt_tiff.cpp:123 TIFF_Warning TIFFReadDirectory: Unknown field with tag 50838 (0xc696) encountered
[ WARN:0@56.649] global grfmt_tiff.cpp:123 TIFF_Warning TIFFReadDirectory: Unknown field with tag 50839 (0xc697) encountered
[ WARN:0@56.651] global grfmt_tiff.cpp:123 TIFF_Warning TIFFReadDirectory: Unknown field with tag 50838 (0xc696) encountered
[ WARN:0@56.651] global grfmt_tiff.cpp:123 TIFF_Warning TIFFReadDirectory: Unknown field with tag 50839 (0xc697) encountered
[ WARN:0@56.652] global grfmt_tiff.cpp:123 TIFF_Warning TIFFReadDirectory: Unknown field with tag 50838 (0xc696) encountered
[ WARN:0@56.652] global grfmt_tiff.cpp:123 TIFF_Warning TIFFReadDirectory: Unknown field with tag 50839 (0xc697) encountered
[ WARN:0@56.653] global grfmt_tiff.cpp:123 TIFF_Warning TIFFReadDirectory: Unknown field with tag 50838 (0xc696) encountered
[ WARN:0@56.653] global grfmt_tiff.cpp:123 TIFF_Warning TIFFReadDirectory: Unknown field with tag 50839 (0xc697) encountered
[ WARN:0@56.657] global grfmt_tiff.cpp:123 TIFF_Warning TIFFReadDirectory: Unknown field with tag 50838 (0xc696) encountered
[ WARN:0@56.657] global grfmt_tiff.cpp:123 TIFF_Warning TIFFReadDirectory: Unknown field with tag 50839 (0xc697) encountered
[ WARN:0@56.658] global grfmt_tiff.cpp:123 TIFF_Warning TIFFReadDirectory: Unknown field with tag 50838 (0xc696) encountered
[ WARN:0@56.658] global grfmt_tiff.cpp:123 TIFF_Warning TIFFReadDirectory: Unknown field with tag 50839 (0xc697) encountered
[ WARN:0@56.660] global grfmt_tiff.cpp:123 TIFF_Warning TIFFReadDirectory: Unknown field with tag 50838 (0xc696) encountered
[ WARN:0@56.660] global grfmt_tiff.cpp:123 TIFF_Warning TIFFReadDirectory: Unknown field with tag 50839 (0xc697) encountered
[ WARN:0@56.661] global grfmt_tiff.cpp:123 TIFF_Warning TIFFReadDirectory: Unknown field with tag 50838 (0xc696) encountered
[ WARN:0@56.661] global grfmt_tiff.cpp:123 TIFF_Warning TIFFReadDirectory: Unknown field with tag 50839 (0xc697) encountered
[ WARN:0@56.665] global grfmt_tiff.cpp:123 TIFF_Warning TIFFReadDirectory: Unknown field with tag 50838 (0xc696) encountered
[ WARN:0@56.665] global grfmt_tiff.cpp:123 TIFF_Warning TIFFReadDirectory: Unknown field with tag 50839 (0xc697) encountered
[ WARN:0@56.667] global grfmt_tiff.cpp:123 TIFF_Warning TIFFReadDirectory: Unknown field with tag 50838 (0xc696) encountered
[ WARN:0@56.667] global grfmt_tiff.cpp:123 TIFF_Warning TIFFReadDirectory: Unknown field with tag 50839 (0xc697) encountered
[ WARN:0@56.669] global grfmt_tiff.cpp:123 TIFF_Warning TIFFReadDirectory: Unknown field with tag 50838 (0xc696) encountered
[ WARN:0@56.669] global grfmt_tiff.cpp:123 TIFF_Warning TIFFReadDirectory: Unknown field with tag 50839 (0xc697) encountered
[ WARN:0@56.670] global grfmt_tiff.cpp:123 TIFF_Warning TIFFReadDirectory: Unknown field with tag 50838 (0xc696) encountered
[ WARN:0@56.670] global grfmt_tiff.cpp:123 TIFF_Warning TIFFReadDirectory: Unknown field with tag 50839 (0xc697) encountered
[ WARN:0@56.672] global grfmt_tiff.cpp:123 TIFF_Warning TIFFReadDirectory: Unknown field with tag 50838 (0xc696) encountered
[ WARN:0@56.672] global grfmt_tiff.cpp:123 TIFF_Warning TIFFReadDirectory: Unknown field with tag 50839 (0xc697) encountered
[ WARN:0@56.673] global grfmt_tiff.cpp:123 TIFF_Warning TIFFReadDirectory: Unknown field with tag 50838 (0xc696) encountered
[ WARN:0@56.673] global grfmt_tiff.cpp:123 TIFF_Warning TIFFReadDirectory: Unknown field with tag 50839 (0xc697) encountered
[ WARN:0@56.674] global grfmt_tiff.cpp:123 TIFF_Warning TIFFReadDirectory: Unknown field with tag 50838 (0xc696) encountered
[ WARN:0@56.674] global grfmt_tiff.cpp:123 TIFF_Warning TIFFReadDirectory: Unknown field with tag 50839 (0xc697) encountered
[ WARN:0@57.732] global grfmt_tiff.cpp:123 TIFF_Warning TIFFReadDirectory: Unknown field with tag 50838 (0xc696) encountered
[ WARN:0@57.732] global grfmt_tiff.cpp:123 TIFF_Warning TIFFReadDirectory: Unknown field with tag 50839 (0xc697) encountered
[ WARN:0@57.734] global grfmt_tiff.cpp:123 TIFF_Warning TIFFReadDirectory: Unknown field with tag 50838 (0xc696) encountered
[ WARN:0@57.734] global grfmt_tiff.cpp:123 TIFF_Warning TIFFReadDirectory: Unknown field with tag 50839 (0xc697) encountered
[ WARN:0@57.735] global grfmt_tiff.cpp:123 TIFF_Warning TIFFReadDirectory: Unknown field with tag 50838 (0xc696) encountered
[ WARN:0@57.735] global grfmt_tiff.cpp:123 TIFF_Warning TIFFReadDirectory: Unknown field with tag 50839 (0xc697) encountered
[ WARN:0@57.736] global grfmt_tiff.cpp:123 TIFF_Warning TIFFReadDirectory: Unknown field with tag 50838 (0xc696) encountered
[ WARN:0@57.736] global grfmt_tiff.cpp:123 TIFF_Warning TIFFReadDirectory: Unknown field with tag 50839 (0xc697) encountered
[ WARN:0@57.739] global grfmt_tiff.cpp:123 TIFF_Warning TIFFReadDirectory: Unknown field with tag 50838 (0xc696) encountered
[ WARN:0@57.739] global grfmt_tiff.cpp:123 TIFF_Warning TIFFReadDirectory: Unknown field with tag 50839 (0xc697) encountered
[ WARN:0@57.740] global grfmt_tiff.cpp:123 TIFF_Warning TIFFReadDirectory: Unknown field with tag 50838 (0xc696) encountered
[ WARN:0@57.740] global grfmt_tiff.cpp:123 TIFF_Warning TIFFReadDirectory: Unknown field with tag 50839 (0xc697) encountered
[ WARN:0@57.743] global grfmt_tiff.cpp:123 TIFF_Warning TIFFReadDirectory: Unknown field with tag 50838 (0xc696) encountered
[ WARN:0@57.743] global grfmt_tiff.cpp:123 TIFF_Warning TIFFReadDirectory: Unknown field with tag 50839 (0xc697) encountered
[ WARN:0@57.744] global grfmt_tiff.cpp:123 TIFF_Warning TIFFReadDirectory: Unknown field with tag 50838 (0xc696) encountered
[ WARN:0@57.744] global grfmt_tiff.cpp:123 TIFF_Warning TIFFReadDirectory: Unknown field with tag 50839 (0xc697) encountered
[ WARN:0@57.747] global grfmt_tiff.cpp:123 TIFF_Warning TIFFReadDirectory: Unknown field with tag 50838 (0xc696) encountered
[ WARN:0@57.747] global grfmt_tiff.cpp:123 TIFF_Warning TIFFReadDirectory: Unknown field with tag 50839 (0xc697) encountered
[ WARN:0@57.750] global grfmt_tiff.cpp:123 TIFF_Warning TIFFReadDirectory: Unknown field with tag 50838 (0xc696) encountered
[ WARN:0@57.750] global grfmt_tiff.cpp:123 TIFF_Warning TIFFReadDirectory: Unknown field with tag 50839 (0xc697) encountered
[ WARN:0@57.751] global grfmt_tiff.cpp:123 TIFF_Warning TIFFReadDirectory: Unknown field with tag 50838 (0xc696) encountered
[ WARN:0@57.751] global grfmt_tiff.cpp:123 TIFF_Warning TIFFReadDirectory: Unknown field with tag 50839 (0xc697) encountered
[ WARN:0@57.754] global grfmt_tiff.cpp:123 TIFF_Warning TIFFReadDirectory: Unknown field with tag 50838 (0xc696) encountered
[ WARN:0@57.754] global grfmt_tiff.cpp:123 TIFF_Warning TIFFReadDirectory: Unknown field with tag 50839 (0xc697) encountered
[ WARN:0@57.755] global grfmt_tiff.cpp:123 TIFF_Warning TIFFReadDirectory: Unknown field with tag 50838 (0xc696) encountered
[ WARN:0@57.755] global grfmt_tiff.cpp:123 TIFF_Warning TIFFReadDirectory: Unknown field with tag 50839 (0xc697) encountered
[ WARN:0@57.756] global grfmt_tiff.cpp:123 TIFF_Warning TIFFReadDirectory: Unknown field with tag 50838 (0xc696) encountered
[ WARN:0@57.756] global grfmt_tiff.cpp:123 TIFF_Warning TIFFReadDirectory: Unknown field with tag 50839 (0xc697) encountered
[ WARN:0@57.760] global grfmt_tiff.cpp:123 TIFF_Warning TIFFReadDirectory: Unknown field with tag 50838 (0xc696) encountered
[ WARN:0@57.760] global grfmt_tiff.cpp:123 TIFF_Warning TIFFReadDirectory: Unknown field with tag 50839 (0xc697) encountered
[ WARN:0@57.761] global grfmt_tiff.cpp:123 TIFF_Warning TIFFReadDirectory: Unknown field with tag 50838 (0xc696) encountered
[ WARN:0@57.761] global grfmt_tiff.cpp:123 TIFF_Warning TIFFReadDirectory: Unknown field with tag 50839 (0xc697) encountered
[ WARN:0@57.763] global grfmt_tiff.cpp:123 TIFF_Warning TIFFReadDirectory: Unknown field with tag 50838 (0xc696) encountered
[ WARN:0@57.763] global grfmt_tiff.cpp:123 TIFF_Warning TIFFReadDirectory: Unknown field with tag 50839 (0xc697) encountered
[ WARN:0@57.764] global grfmt_tiff.cpp:123 TIFF_Warning TIFFReadDirectory: Unknown field with tag 50838 (0xc696) encountered
[ WARN:0@57.764] global grfmt_tiff.cpp:123 TIFF_Warning TIFFReadDirectory: Unknown field with tag 50839 (0xc697) encountered
[ WARN:0@57.768] global grfmt_tiff.cpp:123 TIFF_Warning TIFFReadDirectory: Unknown field with tag 50838 (0xc696) encountered
[ WARN:0@57.768] global grfmt_tiff.cpp:123 TIFF_Warning TIFFReadDirectory: Unknown field with tag 50839 (0xc697) encountered
[ WARN:0@57.770] global grfmt_tiff.cpp:123 TIFF_Warning TIFFReadDirectory: Unknown field with tag 50838 (0xc696) encountered
[ WARN:0@57.770] global grfmt_tiff.cpp:123 TIFF_Warning TIFFReadDirectory: Unknown field with tag 50839 (0xc697) encountered
[ WARN:0@57.772] global grfmt_tiff.cpp:123 TIFF_Warning TIFFReadDirectory: Unknown field with tag 50838 (0xc696) encountered
[ WARN:0@57.772] global grfmt_tiff.cpp:123 TIFF_Warning TIFFReadDirectory: Unknown field with tag 50839 (0xc697) encountered
[ WARN:0@57.773] global grfmt_tiff.cpp:123 TIFF_Warning TIFFReadDirectory: Unknown field with tag 50838 (0xc696) encountered
[ WARN:0@57.773] global grfmt_tiff.cpp:123 TIFF_Warning TIFFReadDirectory: Unknown field with tag 50839 (0xc697) encountered
[ WARN:0@57.776] global grfmt_tiff.cpp:123 TIFF_Warning TIFFReadDirectory: Unknown field with tag 50838 (0xc696) encountered
[ WARN:0@57.776] global grfmt_tiff.cpp:123 TIFF_Warning TIFFReadDirectory: Unknown field with tag 50839 (0xc697) encountered
[ WARN:0@57.777] global grfmt_tiff.cpp:123 TIFF_Warning TIFFReadDirectory: Unknown field with tag 50838 (0xc696) encountered
[ WARN:0@57.777] global grfmt_tiff.cpp:123 TIFF_Warning TIFFReadDirectory: Unknown field with tag 50839 (0xc697) encountered
[ WARN:0@57.778] global grfmt_tiff.cpp:123 TIFF_Warning TIFFReadDirectory: Unknown field with tag 50838 (0xc696) encountered
[ WARN:0@57.778] global grfmt_tiff.cpp:123 TIFF_Warning TIFFReadDirectory: Unknown field with tag 50839 (0xc697) encountered
[ WARN:0@58.550] global grfmt_tiff.cpp:123 TIFF_Warning TIFFReadDirectory: Unknown field with tag 50838 (0xc696) encountered
[ WARN:0@58.550] global grfmt_tiff.cpp:123 TIFF_Warning TIFFReadDirectory: Unknown field with tag 50839 (0xc697) encountered
[ WARN:0@58.702] global grfmt_tiff.cpp:123 TIFF_Warning TIFFReadDirectory: Unknown field with tag 50838 (0xc696) encountered
[ WARN:0@58.702] global grfmt_tiff.cpp:123 TIFF_Warning TIFFReadDirectory: Unknown field with tag 50839 (0xc697) encountered
[ WARN:0@58.704] global grfmt_tiff.cpp:123 TIFF_Warning TIFFReadDirectory: Unknown field with tag 50838 (0xc696) encountered
[ WARN:0@58.704] global grfmt_tiff.cpp:123 TIFF_Warning TIFFReadDirectory: Unknown field with tag 50839 (0xc697) encountered
[ WARN:0@58.706] global grfmt_tiff.cpp:123 TIFF_Warning TIFFReadDirectory: Unknown field with tag 50838 (0xc696) encountered
[ WARN:0@58.706] global grfmt_tiff.cpp:123 TIFF_Warning TIFFReadDirectory: Unknown field with tag 50839 (0xc697) encountered
[ WARN:0@58.707] global grfmt_tiff.cpp:123 TIFF_Warning TIFFReadDirectory: Unknown field with tag 50838 (0xc696) encountered
[ WARN:0@58.707] global grfmt_tiff.cpp:123 TIFF_Warning TIFFReadDirectory: Unknown field with tag 50839 (0xc697) encountered
[ WARN:0@58.709] global grfmt_tiff.cpp:123 TIFF_Warning TIFFReadDirectory: Unknown field with tag 50838 (0xc696) encountered
[ WARN:0@58.709] global grfmt_tiff.cpp:123 TIFF_Warning TIFFReadDirectory: Unknown field with tag 50839 (0xc697) encountered
[ WARN:0@58.711] global grfmt_tiff.cpp:123 TIFF_Warning TIFFReadDirectory: Unknown field with tag 50838 (0xc696) encountered
[ WARN:0@58.711] global grfmt_tiff.cpp:123 TIFF_Warning TIFFReadDirectory: Unknown field with tag 50839 (0xc697) encountered
[ WARN:0@58.713] global grfmt_tiff.cpp:123 TIFF_Warning TIFFReadDirectory: Unknown field with tag 50838 (0xc696) encountered
[ WARN:0@58.713] global grfmt_tiff.cpp:123 TIFF_Warning TIFFReadDirectory: Unknown field with tag 50839 (0xc697) encountered
[ WARN:0@58.715] global grfmt_tiff.cpp:123 TIFF_Warning TIFFReadDirectory: Unknown field with tag 50838 (0xc696) encountered
[ WARN:0@58.715] global grfmt_tiff.cpp:123 TIFF_Warning TIFFReadDirectory: Unknown field with tag 50839 (0xc697) encountered
[ WARN:0@58.717] global grfmt_tiff.cpp:123 TIFF_Warning TIFFReadDirectory: Unknown field with tag 50838 (0xc696) encountered
[ WARN:0@58.717] global grfmt_tiff.cpp:123 TIFF_Warning TIFFReadDirectory: Unknown field with tag 50839 (0xc697) encountered
[ WARN:0@58.721] global grfmt_tiff.cpp:123 TIFF_Warning TIFFReadDirectory: Unknown field with tag 50838 (0xc696) encountered
[ WARN:0@58.721] global grfmt_tiff.cpp:123 TIFF_Warning TIFFReadDirectory: Unknown field with tag 50839 (0xc697) encountered
[ WARN:0@58.722] global grfmt_tiff.cpp:123 TIFF_Warning TIFFReadDirectory: Unknown field with tag 50838 (0xc696) encountered
[ WARN:0@58.722] global grfmt_tiff.cpp:123 TIFF_Warning TIFFReadDirectory: Unknown field with tag 50839 (0xc697) encountered
[ WARN:0@58.724] global grfmt_tiff.cpp:123 TIFF_Warning TIFFReadDirectory: Unknown field with tag 50838 (0xc696) encountered
[ WARN:0@58.724] global grfmt_tiff.cpp:123 TIFF_Warning TIFFReadDirectory: Unknown field with tag 50839 (0xc697) encountered
[ WARN:0@58.725] global grfmt_tiff.cpp:123 TIFF_Warning TIFFReadDirectory: Unknown field with tag 50838 (0xc696) encountered
[ WARN:0@58.725] global grfmt_tiff.cpp:123 TIFF_Warning TIFFReadDirectory: Unknown field with tag 50839 (0xc697) encountered
[ WARN:0@58.726] global grfmt_tiff.cpp:123 TIFF_Warning TIFFReadDirectory: Unknown field with tag 50838 (0xc696) encountered
[ WARN:0@58.726] global grfmt_tiff.cpp:123 TIFF_Warning TIFFReadDirectory: Unknown field with tag 50839 (0xc697) encountered
[ WARN:0@58.730] global grfmt_tiff.cpp:123 TIFF_Warning TIFFReadDirectory: Unknown field with tag 50838 (0xc696) encountered
[ WARN:0@58.730] global grfmt_tiff.cpp:123 TIFF_Warning TIFFReadDirectory: Unknown field with tag 50839 (0xc697) encountered
[ WARN:0@58.731] global grfmt_tiff.cpp:123 TIFF_Warning TIFFReadDirectory: Unknown field with tag 50838 (0xc696) encountered
[ WARN:0@58.731] global grfmt_tiff.cpp:123 TIFF_Warning TIFFReadDirectory: Unknown field with tag 50839 (0xc697) encountered
[ WARN:0@58.733] global grfmt_tiff.cpp:123 TIFF_Warning TIFFReadDirectory: Unknown field with tag 50838 (0xc696) encountered
[ WARN:0@58.733] global grfmt_tiff.cpp:123 TIFF_Warning TIFFReadDirectory: Unknown field with tag 50839 (0xc697) encountered
[ WARN:0@58.734] global grfmt_tiff.cpp:123 TIFF_Warning TIFFReadDirectory: Unknown field with tag 50838 (0xc696) encountered
[ WARN:0@58.734] global grfmt_tiff.cpp:123 TIFF_Warning TIFFReadDirectory: Unknown field with tag 50839 (0xc697) encountered
[ WARN:0@58.737] global grfmt_tiff.cpp:123 TIFF_Warning TIFFReadDirectory: Unknown field with tag 50838 (0xc696) encountered
[ WARN:0@58.737] global grfmt_tiff.cpp:123 TIFF_Warning TIFFReadDirectory: Unknown field with tag 50839 (0xc697) encountered
[ WARN:0@58.739] global grfmt_tiff.cpp:123 TIFF_Warning TIFFReadDirectory: Unknown field with tag 50838 (0xc696) encountered
[ WARN:0@58.739] global grfmt_tiff.cpp:123 TIFF_Warning TIFFReadDirectory: Unknown field with tag 50839 (0xc697) encountered
[ WARN:0@58.741] global grfmt_tiff.cpp:123 TIFF_Warning TIFFReadDirectory: Unknown field with tag 50838 (0xc696) encountered
[ WARN:0@58.741] global grfmt_tiff.cpp:123 TIFF_Warning TIFFReadDirectory: Unknown field with tag 50839 (0xc697) encountered
[ WARN:0@58.742] global grfmt_tiff.cpp:123 TIFF_Warning TIFFReadDirectory: Unknown field with tag 50838 (0xc696) encountered
[ WARN:0@58.742] global grfmt_tiff.cpp:123 TIFF_Warning TIFFReadDirectory: Unknown field with tag 50839 (0xc697) encountered
[ WARN:0@58.745] global grfmt_tiff.cpp:123 TIFF_Warning TIFFReadDirectory: Unknown field with tag 50838 (0xc696) encountered
[ WARN:0@58.745] global grfmt_tiff.cpp:123 TIFF_Warning TIFFReadDirectory: Unknown field with tag 50839 (0xc697) encountered
[ WARN:0@58.747] global grfmt_tiff.cpp:123 TIFF_Warning TIFFReadDirectory: Unknown field with tag 50838 (0xc696) encountered
[ WARN:0@58.747] global grfmt_tiff.cpp:123 TIFF_Warning TIFFReadDirectory: Unknown field with tag 50839 (0xc697) encountered
[ WARN:0@58.748] global grfmt_tiff.cpp:123 TIFF_Warning TIFFReadDirectory: Unknown field with tag 50838 (0xc696) encountered
[ WARN:0@58.748] global grfmt_tiff.cpp:123 TIFF_Warning TIFFReadDirectory: Unknown field with tag 50839 (0xc697) encountered
[ WARN:0@58.750] global grfmt_tiff.cpp:123 TIFF_Warning TIFFReadDirectory: Unknown field with tag 50838 (0xc696) encountered
[ WARN:0@58.750] global grfmt_tiff.cpp:123 TIFF_Warning TIFFReadDirectory: Unknown field with tag 50839 (0xc697) encountered
[ WARN:0@58.751] global grfmt_tiff.cpp:123 TIFF_Warning TIFFReadDirectory: Unknown field with tag 50838 (0xc696) encountered
[ WARN:0@58.751] global grfmt_tiff.cpp:123 TIFF_Warning TIFFReadDirectory: Unknown field with tag 50839 (0xc697) encountered
[ WARN:0@58.752] global grfmt_tiff.cpp:123 TIFF_Warning TIFFReadDirectory: Unknown field with tag 50838 (0xc696) encountered
[ WARN:0@58.752] global grfmt_tiff.cpp:123 TIFF_Warning TIFFReadDirectory: Unknown field with tag 50839 (0xc697) encountered
[ WARN:0@58.753] global grfmt_tiff.cpp:123 TIFF_Warning TIFFReadDirectory: Unknown field with tag 50838 (0xc696) encountered
[ WARN:0@58.753] global grfmt_tiff.cpp:123 TIFF_Warning TIFFReadDirectory: Unknown field with tag 50839 (0xc697) encountered
[ WARN:0@58.756] global grfmt_tiff.cpp:123 TIFF_Warning TIFFReadDirectory: Unknown field with tag 50838 (0xc696) encountered
[ WARN:0@58.756] global grfmt_tiff.cpp:123 TIFF_Warning TIFFReadDirectory: Unknown field with tag 50839 (0xc697) encountered
[ WARN:0@58.757] global grfmt_tiff.cpp:123 TIFF_Warning TIFFReadDirectory: Unknown field with tag 50838 (0xc696) encountered
[ WARN:0@58.757] global grfmt_tiff.cpp:123 TIFF_Warning TIFFReadDirectory: Unknown field with tag 50839 (0xc697) encountered
[ WARN:0@58.759] global grfmt_tiff.cpp:123 TIFF_Warning TIFFReadDirectory: Unknown field with tag 50838 (0xc696) encountered
[ WARN:0@58.759] global grfmt_tiff.cpp:123 TIFF_Warning TIFFReadDirectory: Unknown field with tag 50839 (0xc697) encountered
[ WARN:0@58.760] global grfmt_tiff.cpp:123 TIFF_Warning TIFFReadDirectory: Unknown field with tag 50838 (0xc696) encountered
[ WARN:0@58.760] global grfmt_tiff.cpp:123 TIFF_Warning TIFFReadDirectory: Unknown field with tag 50839 (0xc697) encountered
[ WARN:0@58.763] global grfmt_tiff.cpp:123 TIFF_Warning TIFFReadDirectory: Unknown field with tag 50838 (0xc696) encountered
[ WARN:0@58.763] global grfmt_tiff.cpp:123 TIFF_Warning TIFFReadDirectory: Unknown field with tag 50839 (0xc697) encountered
[ WARN:0@58.766] global grfmt_tiff.cpp:123 TIFF_Warning TIFFReadDirectory: Unknown field with tag 50838 (0xc696) encountered
[ WARN:0@58.766] global grfmt_tiff.cpp:123 TIFF_Warning TIFFReadDirectory: Unknown field with tag 50839 (0xc697) encountered
[ WARN:0@58.767] global grfmt_tiff.cpp:123 TIFF_Warning TIFFReadDirectory: Unknown field with tag 50838 (0xc696) encountered
[ WARN:0@58.767] global grfmt_tiff.cpp:123 TIFF_Warning TIFFReadDirectory: Unknown field with tag 50839 (0xc697) encountered
[ WARN:0@58.769] global grfmt_tiff.cpp:123 TIFF_Warning TIFFReadDirectory: Unknown field with tag 50838 (0xc696) encountered
[ WARN:0@58.770] global grfmt_tiff.cpp:123 TIFF_Warning TIFFReadDirectory: Unknown field with tag 50839 (0xc697) encountered
[ WARN:0@58.771] global grfmt_tiff.cpp:123 TIFF_Warning TIFFReadDirectory: Unknown field with tag 50838 (0xc696) encountered
[ WARN:0@58.771] global grfmt_tiff.cpp:123 TIFF_Warning TIFFReadDirectory: Unknown field with tag 50839 (0xc697) encountered
[ WARN:0@58.772] global grfmt_tiff.cpp:123 TIFF_Warning TIFFReadDirectory: Unknown field with tag 50838 (0xc696) encountered
[ WARN:0@58.772] global grfmt_tiff.cpp:123 TIFF_Warning TIFFReadDirectory: Unknown field with tag 50839 (0xc697) encountered
[ WARN:0@58.775] global grfmt_tiff.cpp:123 TIFF_Warning TIFFReadDirectory: Unknown field with tag 50838 (0xc696) encountered
[ WARN:0@58.775] global grfmt_tiff.cpp:123 TIFF_Warning TIFFReadDirectory: Unknown field with tag 50839 (0xc697) encountered
[ WARN:0@58.776] global grfmt_tiff.cpp:123 TIFF_Warning TIFFReadDirectory: Unknown field with tag 50838 (0xc696) encountered
[ WARN:0@58.776] global grfmt_tiff.cpp:123 TIFF_Warning TIFFReadDirectory: Unknown field with tag 50839 (0xc697) encountered
[ WARN:0@58.778] global grfmt_tiff.cpp:123 TIFF_Warning TIFFReadDirectory: Unknown field with tag 50838 (0xc696) encountered
[ WARN:0@58.778] global grfmt_tiff.cpp:123 TIFF_Warning TIFFReadDirectory: Unknown field with tag 50839 (0xc697) encountered
[ WARN:0@58.779] global grfmt_tiff.cpp:123 TIFF_Warning TIFFReadDirectory: Unknown field with tag 50838 (0xc696) encountered
[ WARN:0@58.779] global grfmt_tiff.cpp:123 TIFF_Warning TIFFReadDirectory: Unknown field with tag 50839 (0xc697) encountered
[ WARN:0@58.782] global grfmt_tiff.cpp:123 TIFF_Warning TIFFReadDirectory: Unknown field with tag 50838 (0xc696) encountered
[ WARN:0@58.782] global grfmt_tiff.cpp:123 TIFF_Warning TIFFReadDirectory: Unknown field with tag 50839 (0xc697) encountered
[ WARN:0@58.784] global grfmt_tiff.cpp:123 TIFF_Warning TIFFReadDirectory: Unknown field with tag 50838 (0xc696) encountered
[ WARN:0@58.785] global grfmt_tiff.cpp:123 TIFF_Warning TIFFReadDirectory: Unknown field with tag 50839 (0xc697) encountered
[ WARN:0@58.787] global grfmt_tiff.cpp:123 TIFF_Warning TIFFReadDirectory: Unknown field with tag 50838 (0xc696) encountered
[ WARN:0@58.787] global grfmt_tiff.cpp:123 TIFF_Warning TIFFReadDirectory: Unknown field with tag 50839 (0xc697) encountered
[ WARN:0@58.788] global grfmt_tiff.cpp:123 TIFF_Warning TIFFReadDirectory: Unknown field with tag 50838 (0xc696) encountered
[ WARN:0@58.788] global grfmt_tiff.cpp:123 TIFF_Warning TIFFReadDirectory: Unknown field with tag 50839 (0xc697) encountered
[ WARN:0@58.790] global grfmt_tiff.cpp:123 TIFF_Warning TIFFReadDirectory: Unknown field with tag 50838 (0xc696) encountered
[ WARN:0@58.790] global grfmt_tiff.cpp:123 TIFF_Warning TIFFReadDirectory: Unknown field with tag 50839 (0xc697) encountered
[ WARN:0@58.791] global grfmt_tiff.cpp:123 TIFF_Warning TIFFReadDirectory: Unknown field with tag 50838 (0xc696) encountered
[ WARN:0@58.791] global grfmt_tiff.cpp:123 TIFF_Warning TIFFReadDirectory: Unknown field with tag 50839 (0xc697) encountered
[ WARN:0@58.792] global grfmt_tiff.cpp:123 TIFF_Warning TIFFReadDirectory: Unknown field with tag 50838 (0xc696) encountered
[ WARN:0@58.792] global grfmt_tiff.cpp:123 TIFF_Warning TIFFReadDirectory: Unknown field with tag 50839 (0xc697) encountered
[ WARN:0@59.685] global grfmt_tiff.cpp:123 TIFF_Warning TIFFReadDirectory: Unknown field with tag 50838 (0xc696) encountered
[ WARN:0@59.685] global grfmt_tiff.cpp:123 TIFF_Warning TIFFReadDirectory: Unknown field with tag 50839 (0xc697) encountered
[ WARN:0@59.687] global grfmt_tiff.cpp:123 TIFF_Warning TIFFReadDirectory: Unknown field with tag 50838 (0xc696) encountered
[ WARN:0@59.687] global grfmt_tiff.cpp:123 TIFF_Warning TIFFReadDirectory: Unknown field with tag 50839 (0xc697) encountered
[ WARN:0@59.689] global grfmt_tiff.cpp:123 TIFF_Warning TIFFReadDirectory: Unknown field with tag 50838 (0xc696) encountered
[ WARN:0@59.689] global grfmt_tiff.cpp:123 TIFF_Warning TIFFReadDirectory: Unknown field with tag 50839 (0xc697) encountered
[ WARN:0@59.690] global grfmt_tiff.cpp:123 TIFF_Warning TIFFReadDirectory: Unknown field with tag 50838 (0xc696) encountered
[ WARN:0@59.690] global grfmt_tiff.cpp:123 TIFF_Warning TIFFReadDirectory: Unknown field with tag 50839 (0xc697) encountered
[ WARN:0@59.692] global grfmt_tiff.cpp:123 TIFF_Warning TIFFReadDirectory: Unknown field with tag 50838 (0xc696) encountered
[ WARN:0@59.692] global grfmt_tiff.cpp:123 TIFF_Warning TIFFReadDirectory: Unknown field with tag 50839 (0xc697) encountered
[ WARN:0@59.693] global grfmt_tiff.cpp:123 TIFF_Warning TIFFReadDirectory: Unknown field with tag 50838 (0xc696) encountered
[ WARN:0@59.693] global grfmt_tiff.cpp:123 TIFF_Warning TIFFReadDirectory: Unknown field with tag 50839 (0xc697) encountered
[ WARN:0@59.696] global grfmt_tiff.cpp:123 TIFF_Warning TIFFReadDirectory: Unknown field with tag 50838 (0xc696) encountered
[ WARN:0@59.696] global grfmt_tiff.cpp:123 TIFF_Warning TIFFReadDirectory: Unknown field with tag 50839 (0xc697) encountered
[ WARN:0@59.697] global grfmt_tiff.cpp:123 TIFF_Warning TIFFReadDirectory: Unknown field with tag 50838 (0xc696) encountered
[ WARN:0@59.697] global grfmt_tiff.cpp:123 TIFF_Warning TIFFReadDirectory: Unknown field with tag 50839 (0xc697) encountered
[ WARN:0@59.700] global grfmt_tiff.cpp:123 TIFF_Warning TIFFReadDirectory: Unknown field with tag 50838 (0xc696) encountered
[ WARN:0@59.700] global grfmt_tiff.cpp:123 TIFF_Warning TIFFReadDirectory: Unknown field with tag 50839 (0xc697) encountered
[ WARN:0@59.703] global grfmt_tiff.cpp:123 TIFF_Warning TIFFReadDirectory: Unknown field with tag 50838 (0xc696) encountered
[ WARN:0@59.703] global grfmt_tiff.cpp:123 TIFF_Warning TIFFReadDirectory: Unknown field with tag 50839 (0xc697) encountered
[ WARN:0@59.704] global grfmt_tiff.cpp:123 TIFF_Warning TIFFReadDirectory: Unknown field with tag 50838 (0xc696) encountered
[ WARN:0@59.704] global grfmt_tiff.cpp:123 TIFF_Warning TIFFReadDirectory: Unknown field with tag 50839 (0xc697) encountered
[ WARN:0@59.706] global grfmt_tiff.cpp:123 TIFF_Warning TIFFReadDirectory: Unknown field with tag 50838 (0xc696) encountered
[ WARN:0@59.706] global grfmt_tiff.cpp:123 TIFF_Warning TIFFReadDirectory: Unknown field with tag 50839 (0xc697) encountered
[ WARN:0@59.708] global grfmt_tiff.cpp:123 TIFF_Warning TIFFReadDirectory: Unknown field with tag 50838 (0xc696) encountered
[ WARN:0@59.708] global grfmt_tiff.cpp:123 TIFF_Warning TIFFReadDirectory: Unknown field with tag 50839 (0xc697) encountered
[ WARN:0@59.709] global grfmt_tiff.cpp:123 TIFF_Warning TIFFReadDirectory: Unknown field with tag 50838 (0xc696) encountered
[ WARN:0@59.709] global grfmt_tiff.cpp:123 TIFF_Warning TIFFReadDirectory: Unknown field with tag 50839 (0xc697) encountered
[ WARN:0@59.712] global grfmt_tiff.cpp:123 TIFF_Warning TIFFReadDirectory: Unknown field with tag 50838 (0xc696) encountered
[ WARN:0@59.712] global grfmt_tiff.cpp:123 TIFF_Warning TIFFReadDirectory: Unknown field with tag 50839 (0xc697) encountered
[ WARN:0@59.713] global grfmt_tiff.cpp:123 TIFF_Warning TIFFReadDirectory: Unknown field with tag 50838 (0xc696) encountered
[ WARN:0@59.713] global grfmt_tiff.cpp:123 TIFF_Warning TIFFReadDirectory: Unknown field with tag 50839 (0xc697) encountered
[ WARN:0@59.716] global grfmt_tiff.cpp:123 TIFF_Warning TIFFReadDirectory: Unknown field with tag 50838 (0xc696) encountered
[ WARN:0@59.716] global grfmt_tiff.cpp:123 TIFF_Warning TIFFReadDirectory: Unknown field with tag 50839 (0xc697) encountered
[ WARN:0@59.717] global grfmt_tiff.cpp:123 TIFF_Warning TIFFReadDirectory: Unknown field with tag 50838 (0xc696) encountered
[ WARN:0@59.717] global grfmt_tiff.cpp:123 TIFF_Warning TIFFReadDirectory: Unknown field with tag 50839 (0xc697) encountered
[ WARN:0@59.720] global grfmt_tiff.cpp:123 TIFF_Warning TIFFReadDirectory: Unknown field with tag 50838 (0xc696) encountered
[ WARN:0@59.720] global grfmt_tiff.cpp:123 TIFF_Warning TIFFReadDirectory: Unknown field with tag 50839 (0xc697) encountered
[ WARN:0@59.722] global grfmt_tiff.cpp:123 TIFF_Warning TIFFReadDirectory: Unknown field with tag 50838 (0xc696) encountered
[ WARN:0@59.722] global grfmt_tiff.cpp:123 TIFF_Warning TIFFReadDirectory: Unknown field with tag 50839 (0xc697) encountered
[ WARN:0@59.724] global grfmt_tiff.cpp:123 TIFF_Warning TIFFReadDirectory: Unknown field with tag 50838 (0xc696) encountered
[ WARN:0@59.724] global grfmt_tiff.cpp:123 TIFF_Warning TIFFReadDirectory: Unknown field with tag 50839 (0xc697) encountered
[ WARN:0@59.725] global grfmt_tiff.cpp:123 TIFF_Warning TIFFReadDirectory: Unknown field with tag 50838 (0xc696) encountered
[ WARN:0@59.725] global grfmt_tiff.cpp:123 TIFF_Warning TIFFReadDirectory: Unknown field with tag 50839 (0xc697) encountered
[ WARN:0@59.728] global grfmt_tiff.cpp:123 TIFF_Warning TIFFReadDirectory: Unknown field with tag 50838 (0xc696) encountered
[ WARN:0@59.728] global grfmt_tiff.cpp:123 TIFF_Warning TIFFReadDirectory: Unknown field with tag 50839 (0xc697) encountered
[ WARN:0@59.729] global grfmt_tiff.cpp:123 TIFF_Warning TIFFReadDirectory: Unknown field with tag 50838 (0xc696) encountered
[ WARN:0@59.729] global grfmt_tiff.cpp:123 TIFF_Warning TIFFReadDirectory: Unknown field with tag 50839 (0xc697) encountered
[ WARN:0@59.730] global grfmt_tiff.cpp:123 TIFF_Warning TIFFReadDirectory: Unknown field with tag 50838 (0xc696) encountered
[ WARN:0@59.730] global grfmt_tiff.cpp:123 TIFF_Warning TIFFReadDirectory: Unknown field with tag 50839 (0xc697) encountered
[ WARN:0@60.762] global grfmt_tiff.cpp:123 TIFF_Warning TIFFReadDirectory: Unknown field with tag 50838 (0xc696) encountered
[ WARN:0@60.762] global grfmt_tiff.cpp:123 TIFF_Warning TIFFReadDirectory: Unknown field with tag 50839 (0xc697) encountered
[ WARN:0@60.764] global grfmt_tiff.cpp:123 TIFF_Warning TIFFReadDirectory: Unknown field with tag 50838 (0xc696) encountered
[ WARN:0@60.764] global grfmt_tiff.cpp:123 TIFF_Warning TIFFReadDirectory: Unknown field with tag 50839 (0xc697) encountered
[ WARN:0@60.765] global grfmt_tiff.cpp:123 TIFF_Warning TIFFReadDirectory: Unknown field with tag 50838 (0xc696) encountered
[ WARN:0@60.765] global grfmt_tiff.cpp:123 TIFF_Warning TIFFReadDirectory: Unknown field with tag 50839 (0xc697) encountered
[ WARN:0@60.766] global grfmt_tiff.cpp:123 TIFF_Warning TIFFReadDirectory: Unknown field with tag 50838 (0xc696) encountered
[ WARN:0@60.767] global grfmt_tiff.cpp:123 TIFF_Warning TIFFReadDirectory: Unknown field with tag 50839 (0xc697) encountered
[ WARN:0@60.769] global grfmt_tiff.cpp:123 TIFF_Warning TIFFReadDirectory: Unknown field with tag 50838 (0xc696) encountered
[ WARN:0@60.769] global grfmt_tiff.cpp:123 TIFF_Warning TIFFReadDirectory: Unknown field with tag 50839 (0xc697) encountered
[ WARN:0@60.770] global grfmt_tiff.cpp:123 TIFF_Warning TIFFReadDirectory: Unknown field with tag 50838 (0xc696) encountered
[ WARN:0@60.770] global grfmt_tiff.cpp:123 TIFF_Warning TIFFReadDirectory: Unknown field with tag 50839 (0xc697) encountered
[ WARN:0@60.773] global grfmt_tiff.cpp:123 TIFF_Warning TIFFReadDirectory: Unknown field with tag 50838 (0xc696) encountered
[ WARN:0@60.773] global grfmt_tiff.cpp:123 TIFF_Warning TIFFReadDirectory: Unknown field with tag 50839 (0xc697) encountered
[ WARN:0@60.774] global grfmt_tiff.cpp:123 TIFF_Warning TIFFReadDirectory: Unknown field with tag 50838 (0xc696) encountered
[ WARN:0@60.774] global grfmt_tiff.cpp:123 TIFF_Warning TIFFReadDirectory: Unknown field with tag 50839 (0xc697) encountered
[ WARN:0@60.776] global grfmt_tiff.cpp:123 TIFF_Warning TIFFReadDirectory: Unknown field with tag 50838 (0xc696) encountered
[ WARN:0@60.776] global grfmt_tiff.cpp:123 TIFF_Warning TIFFReadDirectory: Unknown field with tag 50839 (0xc697) encountered
[ WARN:0@60.780] global grfmt_tiff.cpp:123 TIFF_Warning TIFFReadDirectory: Unknown field with tag 50838 (0xc696) encountered
[ WARN:0@60.780] global grfmt_tiff.cpp:123 TIFF_Warning TIFFReadDirectory: Unknown field with tag 50839 (0xc697) encountered
[ WARN:0@60.781] global grfmt_tiff.cpp:123 TIFF_Warning TIFFReadDirectory: Unknown field with tag 50838 (0xc696) encountered
[ WARN:0@60.781] global grfmt_tiff.cpp:123 TIFF_Warning TIFFReadDirectory: Unknown field with tag 50839 (0xc697) encountered
[ WARN:0@60.783] global grfmt_tiff.cpp:123 TIFF_Warning TIFFReadDirectory: Unknown field with tag 50838 (0xc696) encountered
[ WARN:0@60.783] global grfmt_tiff.cpp:123 TIFF_Warning TIFFReadDirectory: Unknown field with tag 50839 (0xc697) encountered
[ WARN:0@60.784] global grfmt_tiff.cpp:123 TIFF_Warning TIFFReadDirectory: Unknown field with tag 50838 (0xc696) encountered
[ WARN:0@60.784] global grfmt_tiff.cpp:123 TIFF_Warning TIFFReadDirectory: Unknown field with tag 50839 (0xc697) encountered
[ WARN:0@60.785] global grfmt_tiff.cpp:123 TIFF_Warning TIFFReadDirectory: Unknown field with tag 50838 (0xc696) encountered
[ WARN:0@60.785] global grfmt_tiff.cpp:123 TIFF_Warning TIFFReadDirectory: Unknown field with tag 50839 (0xc697) encountered
[ WARN:0@60.789] global grfmt_tiff.cpp:123 TIFF_Warning TIFFReadDirectory: Unknown field with tag 50838 (0xc696) encountered
[ WARN:0@60.789] global grfmt_tiff.cpp:123 TIFF_Warning TIFFReadDirectory: Unknown field with tag 50839 (0xc697) encountered
[ WARN:0@60.790] global grfmt_tiff.cpp:123 TIFF_Warning TIFFReadDirectory: Unknown field with tag 50838 (0xc696) encountered
[ WARN:0@60.790] global grfmt_tiff.cpp:123 TIFF_Warning TIFFReadDirectory: Unknown field with tag 50839 (0xc697) encountered
[ WARN:0@60.792] global grfmt_tiff.cpp:123 TIFF_Warning TIFFReadDirectory: Unknown field with tag 50838 (0xc696) encountered
[ WARN:0@60.792] global grfmt_tiff.cpp:123 TIFF_Warning TIFFReadDirectory: Unknown field with tag 50839 (0xc697) encountered
[ WARN:0@60.793] global grfmt_tiff.cpp:123 TIFF_Warning TIFFReadDirectory: Unknown field with tag 50838 (0xc696) encountered
[ WARN:0@60.793] global grfmt_tiff.cpp:123 TIFF_Warning TIFFReadDirectory: Unknown field with tag 50839 (0xc697) encountered
[ WARN:0@60.797] global grfmt_tiff.cpp:123 TIFF_Warning TIFFReadDirectory: Unknown field with tag 50838 (0xc696) encountered
[ WARN:0@60.797] global grfmt_tiff.cpp:123 TIFF_Warning TIFFReadDirectory: Unknown field with tag 50839 (0xc697) encountered
[ WARN:0@60.799] global grfmt_tiff.cpp:123 TIFF_Warning TIFFReadDirectory: Unknown field with tag 50838 (0xc696) encountered
[ WARN:0@60.799] global grfmt_tiff.cpp:123 TIFF_Warning TIFFReadDirectory: Unknown field with tag 50839 (0xc697) encountered
[ WARN:0@60.801] global grfmt_tiff.cpp:123 TIFF_Warning TIFFReadDirectory: Unknown field with tag 50838 (0xc696) encountered
[ WARN:0@60.801] global grfmt_tiff.cpp:123 TIFF_Warning TIFFReadDirectory: Unknown field with tag 50839 (0xc697) encountered
[ WARN:0@60.802] global grfmt_tiff.cpp:123 TIFF_Warning TIFFReadDirectory: Unknown field with tag 50838 (0xc696) encountered
[ WARN:0@60.802] global grfmt_tiff.cpp:123 TIFF_Warning TIFFReadDirectory: Unknown field with tag 50839 (0xc697) encountered
[ WARN:0@60.804] global grfmt_tiff.cpp:123 TIFF_Warning TIFFReadDirectory: Unknown field with tag 50838 (0xc696) encountered
[ WARN:0@60.804] global grfmt_tiff.cpp:123 TIFF_Warning TIFFReadDirectory: Unknown field with tag 50839 (0xc697) encountered
[ WARN:0@60.805] global grfmt_tiff.cpp:123 TIFF_Warning TIFFReadDirectory: Unknown field with tag 50838 (0xc696) encountered
[ WARN:0@60.805] global grfmt_tiff.cpp:123 TIFF_Warning TIFFReadDirectory: Unknown field with tag 50839 (0xc697) encountered
[ WARN:0@60.806] global grfmt_tiff.cpp:123 TIFF_Warning TIFFReadDirectory: Unknown field with tag 50838 (0xc696) encountered
[ WARN:0@60.806] global grfmt_tiff.cpp:123 TIFF_Warning TIFFReadDirectory: Unknown field with tag 50839 (0xc697) encountered
[ WARN:0@60.808] global grfmt_tiff.cpp:123 TIFF_Warning TIFFReadDirectory: Unknown field with tag 50838 (0xc696) encountered
[ WARN:0@60.808] global grfmt_tiff.cpp:123 TIFF_Warning TIFFReadDirectory: Unknown field with tag 50839 (0xc697) encountered
[ WARN:0@60.809] global grfmt_tiff.cpp:123 TIFF_Warning TIFFReadDirectory: Unknown field with tag 50838 (0xc696) encountered
[ WARN:0@60.809] global grfmt_tiff.cpp:123 TIFF_Warning TIFFReadDirectory: Unknown field with tag 50839 (0xc697) encountered
[ WARN:0@60.810] global grfmt_tiff.cpp:123 TIFF_Warning TIFFReadDirectory: Unknown field with tag 50838 (0xc696) encountered
[ WARN:0@60.810] global grfmt_tiff.cpp:123 TIFF_Warning TIFFReadDirectory: Unknown field with tag 50839 (0xc697) encountered
[ WARN:0@60.811] global grfmt_tiff.cpp:123 TIFF_Warning TIFFReadDirectory: Unknown field with tag 50838 (0xc696) encountered
[ WARN:0@60.811] global grfmt_tiff.cpp:123 TIFF_Warning TIFFReadDirectory: Unknown field with tag 50839 (0xc697) encountered
[ WARN:0@60.813] global grfmt_tiff.cpp:123 TIFF_Warning TIFFReadDirectory: Unknown field with tag 50838 (0xc696) encountered
[ WARN:0@60.813] global grfmt_tiff.cpp:123 TIFF_Warning TIFFReadDirectory: Unknown field with tag 50839 (0xc697) encountered
[ WARN:0@60.815] global grfmt_tiff.cpp:123 TIFF_Warning TIFFReadDirectory: Unknown field with tag 50838 (0xc696) encountered
[ WARN:0@60.815] global grfmt_tiff.cpp:123 TIFF_Warning TIFFReadDirectory: Unknown field with tag 50839 (0xc697) encountered
[ WARN:0@60.817] global grfmt_tiff.cpp:123 TIFF_Warning TIFFReadDirectory: Unknown field with tag 50838 (0xc696) encountered
[ WARN:0@60.817] global grfmt_tiff.cpp:123 TIFF_Warning TIFFReadDirectory: Unknown field with tag 50839 (0xc697) encountered
[ WARN:0@60.818] global grfmt_tiff.cpp:123 TIFF_Warning TIFFReadDirectory: Unknown field with tag 50838 (0xc696) encountered
[ WARN:0@60.818] global grfmt_tiff.cpp:123 TIFF_Warning TIFFReadDirectory: Unknown field with tag 50839 (0xc697) encountered
[ WARN:0@60.820] global grfmt_tiff.cpp:123 TIFF_Warning TIFFReadDirectory: Unknown field with tag 50838 (0xc696) encountered
[ WARN:0@60.820] global grfmt_tiff.cpp:123 TIFF_Warning TIFFReadDirectory: Unknown field with tag 50839 (0xc697) encountered
[ WARN:0@60.824] global grfmt_tiff.cpp:123 TIFF_Warning TIFFReadDirectory: Unknown field with tag 50838 (0xc696) encountered
[ WARN:0@60.824] global grfmt_tiff.cpp:123 TIFF_Warning TIFFReadDirectory: Unknown field with tag 50839 (0xc697) encountered
[ WARN:0@60.825] global grfmt_tiff.cpp:123 TIFF_Warning TIFFReadDirectory: Unknown field with tag 50838 (0xc696) encountered
[ WARN:0@60.825] global grfmt_tiff.cpp:123 TIFF_Warning TIFFReadDirectory: Unknown field with tag 50839 (0xc697) encountered
[ WARN:0@60.827] global grfmt_tiff.cpp:123 TIFF_Warning TIFFReadDirectory: Unknown field with tag 50838 (0xc696) encountered
[ WARN:0@60.827] global grfmt_tiff.cpp:123 TIFF_Warning TIFFReadDirectory: Unknown field with tag 50839 (0xc697) encountered
[ WARN:0@60.828] global grfmt_tiff.cpp:123 TIFF_Warning TIFFReadDirectory: Unknown field with tag 50838 (0xc696) encountered
[ WARN:0@60.828] global grfmt_tiff.cpp:123 TIFF_Warning TIFFReadDirectory: Unknown field with tag 50839 (0xc697) encountered
[ WARN:0@60.829] global grfmt_tiff.cpp:123 TIFF_Warning TIFFReadDirectory: Unknown field with tag 50838 (0xc696) encountered
[ WARN:0@60.829] global grfmt_tiff.cpp:123 TIFF_Warning TIFFReadDirectory: Unknown field with tag 50839 (0xc697) encountered
[ WARN:0@60.833] global grfmt_tiff.cpp:123 TIFF_Warning TIFFReadDirectory: Unknown field with tag 50838 (0xc696) encountered
[ WARN:0@60.833] global grfmt_tiff.cpp:123 TIFF_Warning TIFFReadDirectory: Unknown field with tag 50839 (0xc697) encountered
[ WARN:0@60.834] global grfmt_tiff.cpp:123 TIFF_Warning TIFFReadDirectory: Unknown field with tag 50838 (0xc696) encountered
[ WARN:0@60.834] global grfmt_tiff.cpp:123 TIFF_Warning TIFFReadDirectory: Unknown field with tag 50839 (0xc697) encountered
[ WARN:0@60.836] global grfmt_tiff.cpp:123 TIFF_Warning TIFFReadDirectory: Unknown field with tag 50838 (0xc696) encountered
[ WARN:0@60.836] global grfmt_tiff.cpp:123 TIFF_Warning TIFFReadDirectory: Unknown field with tag 50839 (0xc697) encountered
[ WARN:0@60.837] global grfmt_tiff.cpp:123 TIFF_Warning TIFFReadDirectory: Unknown field with tag 50838 (0xc696) encountered
[ WARN:0@60.837] global grfmt_tiff.cpp:123 TIFF_Warning TIFFReadDirectory: Unknown field with tag 50839 (0xc697) encountered
[ WARN:0@60.840] global grfmt_tiff.cpp:123 TIFF_Warning TIFFReadDirectory: Unknown field with tag 50838 (0xc696) encountered
[ WARN:0@60.840] global grfmt_tiff.cpp:123 TIFF_Warning TIFFReadDirectory: Unknown field with tag 50839 (0xc697) encountered
[ WARN:0@60.842] global grfmt_tiff.cpp:123 TIFF_Warning TIFFReadDirectory: Unknown field with tag 50838 (0xc696) encountered
[ WARN:0@60.842] global grfmt_tiff.cpp:123 TIFF_Warning TIFFReadDirectory: Unknown field with tag 50839 (0xc697) encountered
[ WARN:0@60.844] global grfmt_tiff.cpp:123 TIFF_Warning TIFFReadDirectory: Unknown field with tag 50838 (0xc696) encountered
[ WARN:0@60.844] global grfmt_tiff.cpp:123 TIFF_Warning TIFFReadDirectory: Unknown field with tag 50839 (0xc697) encountered
[ WARN:0@60.845] global grfmt_tiff.cpp:123 TIFF_Warning TIFFReadDirectory: Unknown field with tag 50838 (0xc696) encountered
[ WARN:0@60.845] global grfmt_tiff.cpp:123 TIFF_Warning TIFFReadDirectory: Unknown field with tag 50839 (0xc697) encountered
[ WARN:0@60.847] global grfmt_tiff.cpp:123 TIFF_Warning TIFFReadDirectory: Unknown field with tag 50838 (0xc696) encountered
[ WARN:0@60.847] global grfmt_tiff.cpp:123 TIFF_Warning TIFFReadDirectory: Unknown field with tag 50839 (0xc697) encountered
[ WARN:0@60.848] global grfmt_tiff.cpp:123 TIFF_Warning TIFFReadDirectory: Unknown field with tag 50838 (0xc696) encountered
[ WARN:0@60.848] global grfmt_tiff.cpp:123 TIFF_Warning TIFFReadDirectory: Unknown field with tag 50839 (0xc697) encountered
[ WARN:0@60.849] global grfmt_tiff.cpp:123 TIFF_Warning TIFFReadDirectory: Unknown field with tag 50838 (0xc696) encountered
[ WARN:0@60.849] global grfmt_tiff.cpp:123 TIFF_Warning TIFFReadDirectory: Unknown field with tag 50839 (0xc697) encountered
[ WARN:0@61.590] global grfmt_tiff.cpp:123 TIFF_Warning TIFFReadDirectory: Unknown field with tag 50838 (0xc696) encountered
[ WARN:0@61.590] global grfmt_tiff.cpp:123 TIFF_Warning TIFFReadDirectory: Unknown field with tag 50839 (0xc697) encountered
[ WARN:0@61.987] global grfmt_tiff.cpp:123 TIFF_Warning TIFFReadDirectory: Unknown field with tag 50838 (0xc696) encountered
[ WARN:0@61.987] global grfmt_tiff.cpp:123 TIFF_Warning TIFFReadDirectory: Unknown field with tag 50839 (0xc697) encountered
[ WARN:0@61.989] global grfmt_tiff.cpp:123 TIFF_Warning TIFFReadDirectory: Unknown field with tag 50838 (0xc696) encountered
[ WARN:0@61.989] global grfmt_tiff.cpp:123 TIFF_Warning TIFFReadDirectory: Unknown field with tag 50839 (0xc697) encountered
[ WARN:0@61.990] global grfmt_tiff.cpp:123 TIFF_Warning TIFFReadDirectory: Unknown field with tag 50838 (0xc696) encountered
[ WARN:0@61.990] global grfmt_tiff.cpp:123 TIFF_Warning TIFFReadDirectory: Unknown field with tag 50839 (0xc697) encountered
[ WARN:0@61.992] global grfmt_tiff.cpp:123 TIFF_Warning TIFFReadDirectory: Unknown field with tag 50838 (0xc696) encountered
[ WARN:0@61.992] global grfmt_tiff.cpp:123 TIFF_Warning TIFFReadDirectory: Unknown field with tag 50839 (0xc697) encountered
[ WARN:0@61.994] global grfmt_tiff.cpp:123 TIFF_Warning TIFFReadDirectory: Unknown field with tag 50838 (0xc696) encountered
[ WARN:0@61.994] global grfmt_tiff.cpp:123 TIFF_Warning TIFFReadDirectory: Unknown field with tag 50839 (0xc697) encountered
[ WARN:0@61.996] global grfmt_tiff.cpp:123 TIFF_Warning TIFFReadDirectory: Unknown field with tag 50838 (0xc696) encountered
[ WARN:0@61.996] global grfmt_tiff.cpp:123 TIFF_Warning TIFFReadDirectory: Unknown field with tag 50839 (0xc697) encountered
[ WARN:0@61.998] global grfmt_tiff.cpp:123 TIFF_Warning TIFFReadDirectory: Unknown field with tag 50838 (0xc696) encountered
[ WARN:0@61.998] global grfmt_tiff.cpp:123 TIFF_Warning TIFFReadDirectory: Unknown field with tag 50839 (0xc697) encountered
[ WARN:0@62.000] global grfmt_tiff.cpp:123 TIFF_Warning TIFFReadDirectory: Unknown field with tag 50838 (0xc696) encountered
[ WARN:0@62.000] global grfmt_tiff.cpp:123 TIFF_Warning TIFFReadDirectory: Unknown field with tag 50839 (0xc697) encountered
[ WARN:0@62.003] global grfmt_tiff.cpp:123 TIFF_Warning TIFFReadDirectory: Unknown field with tag 50838 (0xc696) encountered
[ WARN:0@62.003] global grfmt_tiff.cpp:123 TIFF_Warning TIFFReadDirectory: Unknown field with tag 50839 (0xc697) encountered
[ WARN:0@62.007] global grfmt_tiff.cpp:123 TIFF_Warning TIFFReadDirectory: Unknown field with tag 50838 (0xc696) encountered
[ WARN:0@62.007] global grfmt_tiff.cpp:123 TIFF_Warning TIFFReadDirectory: Unknown field with tag 50839 (0xc697) encountered
[ WARN:0@62.008] global grfmt_tiff.cpp:123 TIFF_Warning TIFFReadDirectory: Unknown field with tag 50838 (0xc696) encountered
[ WARN:0@62.008] global grfmt_tiff.cpp:123 TIFF_Warning TIFFReadDirectory: Unknown field with tag 50839 (0xc697) encountered
[ WARN:0@62.010] global grfmt_tiff.cpp:123 TIFF_Warning TIFFReadDirectory: Unknown field with tag 50838 (0xc696) encountered
[ WARN:0@62.010] global grfmt_tiff.cpp:123 TIFF_Warning TIFFReadDirectory: Unknown field with tag 50839 (0xc697) encountered
[ WARN:0@62.012] global grfmt_tiff.cpp:123 TIFF_Warning TIFFReadDirectory: Unknown field with tag 50838 (0xc696) encountered
[ WARN:0@62.012] global grfmt_tiff.cpp:123 TIFF_Warning TIFFReadDirectory: Unknown field with tag 50839 (0xc697) encountered
[ WARN:0@62.013] global grfmt_tiff.cpp:123 TIFF_Warning TIFFReadDirectory: Unknown field with tag 50838 (0xc696) encountered
[ WARN:0@62.013] global grfmt_tiff.cpp:123 TIFF_Warning TIFFReadDirectory: Unknown field with tag 50839 (0xc697) encountered
[ WARN:0@62.017] global grfmt_tiff.cpp:123 TIFF_Warning TIFFReadDirectory: Unknown field with tag 50838 (0xc696) encountered
[ WARN:0@62.017] global grfmt_tiff.cpp:123 TIFF_Warning TIFFReadDirectory: Unknown field with tag 50839 (0xc697) encountered
[ WARN:0@62.018] global grfmt_tiff.cpp:123 TIFF_Warning TIFFReadDirectory: Unknown field with tag 50838 (0xc696) encountered
[ WARN:0@62.018] global grfmt_tiff.cpp:123 TIFF_Warning TIFFReadDirectory: Unknown field with tag 50839 (0xc697) encountered
[ WARN:0@62.020] global grfmt_tiff.cpp:123 TIFF_Warning TIFFReadDirectory: Unknown field with tag 50838 (0xc696) encountered
[ WARN:0@62.020] global grfmt_tiff.cpp:123 TIFF_Warning TIFFReadDirectory: Unknown field with tag 50839 (0xc697) encountered
[ WARN:0@62.022] global grfmt_tiff.cpp:123 TIFF_Warning TIFFReadDirectory: Unknown field with tag 50838 (0xc696) encountered
[ WARN:0@62.022] global grfmt_tiff.cpp:123 TIFF_Warning TIFFReadDirectory: Unknown field with tag 50839 (0xc697) encountered
[ WARN:0@62.025] global grfmt_tiff.cpp:123 TIFF_Warning TIFFReadDirectory: Unknown field with tag 50838 (0xc696) encountered
[ WARN:0@62.025] global grfmt_tiff.cpp:123 TIFF_Warning TIFFReadDirectory: Unknown field with tag 50839 (0xc697) encountered
[ WARN:0@62.027] global grfmt_tiff.cpp:123 TIFF_Warning TIFFReadDirectory: Unknown field with tag 50838 (0xc696) encountered
[ WARN:0@62.027] global grfmt_tiff.cpp:123 TIFF_Warning TIFFReadDirectory: Unknown field with tag 50839 (0xc697) encountered
[ WARN:0@62.030] global grfmt_tiff.cpp:123 TIFF_Warning TIFFReadDirectory: Unknown field with tag 50838 (0xc696) encountered
[ WARN:0@62.030] global grfmt_tiff.cpp:123 TIFF_Warning TIFFReadDirectory: Unknown field with tag 50839 (0xc697) encountered
[ WARN:0@62.031] global grfmt_tiff.cpp:123 TIFF_Warning TIFFReadDirectory: Unknown field with tag 50838 (0xc696) encountered
[ WARN:0@62.031] global grfmt_tiff.cpp:123 TIFF_Warning TIFFReadDirectory: Unknown field with tag 50839 (0xc697) encountered
[ WARN:0@62.033] global grfmt_tiff.cpp:123 TIFF_Warning TIFFReadDirectory: Unknown field with tag 50838 (0xc696) encountered
[ WARN:0@62.033] global grfmt_tiff.cpp:123 TIFF_Warning TIFFReadDirectory: Unknown field with tag 50839 (0xc697) encountered
[ WARN:0@62.034] global grfmt_tiff.cpp:123 TIFF_Warning TIFFReadDirectory: Unknown field with tag 50838 (0xc696) encountered
[ WARN:0@62.034] global grfmt_tiff.cpp:123 TIFF_Warning TIFFReadDirectory: Unknown field with tag 50839 (0xc697) encountered
[ WARN:0@62.035] global grfmt_tiff.cpp:123 TIFF_Warning TIFFReadDirectory: Unknown field with tag 50838 (0xc696) encountered
[ WARN:0@62.035] global grfmt_tiff.cpp:123 TIFF_Warning TIFFReadDirectory: Unknown field with tag 50839 (0xc697) encountered
[ WARN:0@62.038] global grfmt_tiff.cpp:123 TIFF_Warning TIFFReadDirectory: Unknown field with tag 50838 (0xc696) encountered
[ WARN:0@62.038] global grfmt_tiff.cpp:123 TIFF_Warning TIFFReadDirectory: Unknown field with tag 50839 (0xc697) encountered
[ WARN:0@62.039] global grfmt_tiff.cpp:123 TIFF_Warning TIFFReadDirectory: Unknown field with tag 50838 (0xc696) encountered
[ WARN:0@62.039] global grfmt_tiff.cpp:123 TIFF_Warning TIFFReadDirectory: Unknown field with tag 50839 (0xc697) encountered
[ WARN:0@62.040] global grfmt_tiff.cpp:123 TIFF_Warning TIFFReadDirectory: Unknown field with tag 50838 (0xc696) encountered
[ WARN:0@62.040] global grfmt_tiff.cpp:123 TIFF_Warning TIFFReadDirectory: Unknown field with tag 50839 (0xc697) encountered
[ WARN:0@62.042] global grfmt_tiff.cpp:123 TIFF_Warning TIFFReadDirectory: Unknown field with tag 50838 (0xc696) encountered
[ WARN:0@62.042] global grfmt_tiff.cpp:123 TIFF_Warning TIFFReadDirectory: Unknown field with tag 50839 (0xc697) encountered
[ WARN:0@62.044] global grfmt_tiff.cpp:123 TIFF_Warning TIFFReadDirectory: Unknown field with tag 50838 (0xc696) encountered
[ WARN:0@62.044] global grfmt_tiff.cpp:123 TIFF_Warning TIFFReadDirectory: Unknown field with tag 50839 (0xc697) encountered
[ WARN:0@62.045] global grfmt_tiff.cpp:123 TIFF_Warning TIFFReadDirectory: Unknown field with tag 50838 (0xc696) encountered
[ WARN:0@62.045] global grfmt_tiff.cpp:123 TIFF_Warning TIFFReadDirectory: Unknown field with tag 50839 (0xc697) encountered
[ WARN:0@62.047] global grfmt_tiff.cpp:123 TIFF_Warning TIFFReadDirectory: Unknown field with tag 50838 (0xc696) encountered
[ WARN:0@62.047] global grfmt_tiff.cpp:123 TIFF_Warning TIFFReadDirectory: Unknown field with tag 50839 (0xc697) encountered
[ WARN:0@62.049] global grfmt_tiff.cpp:123 TIFF_Warning TIFFReadDirectory: Unknown field with tag 50838 (0xc696) encountered
[ WARN:0@62.049] global grfmt_tiff.cpp:123 TIFF_Warning TIFFReadDirectory: Unknown field with tag 50839 (0xc697) encountered
[ WARN:0@62.051] global grfmt_tiff.cpp:123 TIFF_Warning TIFFReadDirectory: Unknown field with tag 50838 (0xc696) encountered
[ WARN:0@62.051] global grfmt_tiff.cpp:123 TIFF_Warning TIFFReadDirectory: Unknown field with tag 50839 (0xc697) encountered
[ WARN:0@62.055] global grfmt_tiff.cpp:123 TIFF_Warning TIFFReadDirectory: Unknown field with tag 50838 (0xc696) encountered
[ WARN:0@62.055] global grfmt_tiff.cpp:123 TIFF_Warning TIFFReadDirectory: Unknown field with tag 50839 (0xc697) encountered
[ WARN:0@62.056] global grfmt_tiff.cpp:123 TIFF_Warning TIFFReadDirectory: Unknown field with tag 50838 (0xc696) encountered
[ WARN:0@62.056] global grfmt_tiff.cpp:123 TIFF_Warning TIFFReadDirectory: Unknown field with tag 50839 (0xc697) encountered
[ WARN:0@62.058] global grfmt_tiff.cpp:123 TIFF_Warning TIFFReadDirectory: Unknown field with tag 50838 (0xc696) encountered
[ WARN:0@62.058] global grfmt_tiff.cpp:123 TIFF_Warning TIFFReadDirectory: Unknown field with tag 50839 (0xc697) encountered
[ WARN:0@62.059] global grfmt_tiff.cpp:123 TIFF_Warning TIFFReadDirectory: Unknown field with tag 50838 (0xc696) encountered
[ WARN:0@62.059] global grfmt_tiff.cpp:123 TIFF_Warning TIFFReadDirectory: Unknown field with tag 50839 (0xc697) encountered
[ WARN:0@62.061] global grfmt_tiff.cpp:123 TIFF_Warning TIFFReadDirectory: Unknown field with tag 50838 (0xc696) encountered
[ WARN:0@62.061] global grfmt_tiff.cpp:123 TIFF_Warning TIFFReadDirectory: Unknown field with tag 50839 (0xc697) encountered
[ WARN:0@62.064] global grfmt_tiff.cpp:123 TIFF_Warning TIFFReadDirectory: Unknown field with tag 50838 (0xc696) encountered
[ WARN:0@62.064] global grfmt_tiff.cpp:123 TIFF_Warning TIFFReadDirectory: Unknown field with tag 50839 (0xc697) encountered
[ WARN:0@62.065] global grfmt_tiff.cpp:123 TIFF_Warning TIFFReadDirectory: Unknown field with tag 50838 (0xc696) encountered
[ WARN:0@62.065] global grfmt_tiff.cpp:123 TIFF_Warning TIFFReadDirectory: Unknown field with tag 50839 (0xc697) encountered
[ WARN:0@62.068] global grfmt_tiff.cpp:123 TIFF_Warning TIFFReadDirectory: Unknown field with tag 50838 (0xc696) encountered
[ WARN:0@62.068] global grfmt_tiff.cpp:123 TIFF_Warning TIFFReadDirectory: Unknown field with tag 50839 (0xc697) encountered
[ WARN:0@62.069] global grfmt_tiff.cpp:123 TIFF_Warning TIFFReadDirectory: Unknown field with tag 50838 (0xc696) encountered
[ WARN:0@62.069] global grfmt_tiff.cpp:123 TIFF_Warning TIFFReadDirectory: Unknown field with tag 50839 (0xc697) encountered
[ WARN:0@62.072] global grfmt_tiff.cpp:123 TIFF_Warning TIFFReadDirectory: Unknown field with tag 50838 (0xc696) encountered
[ WARN:0@62.072] global grfmt_tiff.cpp:123 TIFF_Warning TIFFReadDirectory: Unknown field with tag 50839 (0xc697) encountered
[ WARN:0@62.074] global grfmt_tiff.cpp:123 TIFF_Warning TIFFReadDirectory: Unknown field with tag 50838 (0xc696) encountered
[ WARN:0@62.074] global grfmt_tiff.cpp:123 TIFF_Warning TIFFReadDirectory: Unknown field with tag 50839 (0xc697) encountered
[ WARN:0@62.077] global grfmt_tiff.cpp:123 TIFF_Warning TIFFReadDirectory: Unknown field with tag 50838 (0xc696) encountered
[ WARN:0@62.077] global grfmt_tiff.cpp:123 TIFF_Warning TIFFReadDirectory: Unknown field with tag 50839 (0xc697) encountered
[ WARN:0@62.077] global grfmt_tiff.cpp:123 TIFF_Warning TIFFReadDirectory: Unknown field with tag 50838 (0xc696) encountered
[ WARN:0@62.078] global grfmt_tiff.cpp:123 TIFF_Warning TIFFReadDirectory: Unknown field with tag 50839 (0xc697) encountered
[ WARN:0@62.080] global grfmt_tiff.cpp:123 TIFF_Warning TIFFReadDirectory: Unknown field with tag 50838 (0xc696) encountered
[ WARN:0@62.080] global grfmt_tiff.cpp:123 TIFF_Warning TIFFReadDirectory: Unknown field with tag 50839 (0xc697) encountered
[ WARN:0@62.081] global grfmt_tiff.cpp:123 TIFF_Warning TIFFReadDirectory: Unknown field with tag 50838 (0xc696) encountered
[ WARN:0@62.081] global grfmt_tiff.cpp:123 TIFF_Warning TIFFReadDirectory: Unknown field with tag 50839 (0xc697) encountered
[ WARN:0@62.082] global grfmt_tiff.cpp:123 TIFF_Warning TIFFReadDirectory: Unknown field with tag 50838 (0xc696) encountered
[ WARN:0@62.082] global grfmt_tiff.cpp:123 TIFF_Warning TIFFReadDirectory: Unknown field with tag 50839 (0xc697) encountered
[ WARN:0@62.554] global grfmt_tiff.cpp:123 TIFF_Warning TIFFReadDirectory: Unknown field with tag 50838 (0xc696) encountered
[ WARN:0@62.554] global grfmt_tiff.cpp:123 TIFF_Warning TIFFReadDirectory: Unknown field with tag 50839 (0xc697) encountered
[ WARN:0@62.775] global grfmt_tiff.cpp:123 TIFF_Warning TIFFReadDirectory: Unknown field with tag 50838 (0xc696) encountered
[ WARN:0@62.775] global grfmt_tiff.cpp:123 TIFF_Warning TIFFReadDirectory: Unknown field with tag 50839 (0xc697) encountered
[ WARN:0@62.776] global grfmt_tiff.cpp:123 TIFF_Warning TIFFReadDirectory: Unknown field with tag 50838 (0xc696) encountered
[ WARN:0@62.776] global grfmt_tiff.cpp:123 TIFF_Warning TIFFReadDirectory: Unknown field with tag 50839 (0xc697) encountered
[ WARN:0@62.777] global grfmt_tiff.cpp:123 TIFF_Warning TIFFReadDirectory: Unknown field with tag 50838 (0xc696) encountered
[ WARN:0@62.777] global grfmt_tiff.cpp:123 TIFF_Warning TIFFReadDirectory: Unknown field with tag 50839 (0xc697) encountered
[ WARN:0@62.778] global grfmt_tiff.cpp:123 TIFF_Warning TIFFReadDirectory: Unknown field with tag 50838 (0xc696) encountered
[ WARN:0@62.779] global grfmt_tiff.cpp:123 TIFF_Warning TIFFReadDirectory: Unknown field with tag 50839 (0xc697) encountered
[ WARN:0@62.783] global grfmt_tiff.cpp:123 TIFF_Warning TIFFReadDirectory: Unknown field with tag 50838 (0xc696) encountered
[ WARN:0@62.783] global grfmt_tiff.cpp:123 TIFF_Warning TIFFReadDirectory: Unknown field with tag 50839 (0xc697) encountered
[ WARN:0@62.784] global grfmt_tiff.cpp:123 TIFF_Warning TIFFReadDirectory: Unknown field with tag 50838 (0xc696) encountered
[ WARN:0@62.784] global grfmt_tiff.cpp:123 TIFF_Warning TIFFReadDirectory: Unknown field with tag 50839 (0xc697) encountered
[ WARN:0@62.786] global grfmt_tiff.cpp:123 TIFF_Warning TIFFReadDirectory: Unknown field with tag 50838 (0xc696) encountered
[ WARN:0@62.786] global grfmt_tiff.cpp:123 TIFF_Warning TIFFReadDirectory: Unknown field with tag 50839 (0xc697) encountered
[ WARN:0@62.787] global grfmt_tiff.cpp:123 TIFF_Warning TIFFReadDirectory: Unknown field with tag 50838 (0xc696) encountered
[ WARN:0@62.787] global grfmt_tiff.cpp:123 TIFF_Warning TIFFReadDirectory: Unknown field with tag 50839 (0xc697) encountered
[ WARN:0@62.790] global grfmt_tiff.cpp:123 TIFF_Warning TIFFReadDirectory: Unknown field with tag 50838 (0xc696) encountered
[ WARN:0@62.790] global grfmt_tiff.cpp:123 TIFF_Warning TIFFReadDirectory: Unknown field with tag 50839 (0xc697) encountered
[ WARN:0@62.793] global grfmt_tiff.cpp:123 TIFF_Warning TIFFReadDirectory: Unknown field with tag 50838 (0xc696) encountered
[ WARN:0@62.793] global grfmt_tiff.cpp:123 TIFF_Warning TIFFReadDirectory: Unknown field with tag 50839 (0xc697) encountered
[ WARN:0@62.794] global grfmt_tiff.cpp:123 TIFF_Warning TIFFReadDirectory: Unknown field with tag 50838 (0xc696) encountered
[ WARN:0@62.794] global grfmt_tiff.cpp:123 TIFF_Warning TIFFReadDirectory: Unknown field with tag 50839 (0xc697) encountered
[ WARN:0@62.797] global grfmt_tiff.cpp:123 TIFF_Warning TIFFReadDirectory: Unknown field with tag 50838 (0xc696) encountered
[ WARN:0@62.797] global grfmt_tiff.cpp:123 TIFF_Warning TIFFReadDirectory: Unknown field with tag 50839 (0xc697) encountered
[ WARN:0@62.798] global grfmt_tiff.cpp:123 TIFF_Warning TIFFReadDirectory: Unknown field with tag 50838 (0xc696) encountered
[ WARN:0@62.798] global grfmt_tiff.cpp:123 TIFF_Warning TIFFReadDirectory: Unknown field with tag 50839 (0xc697) encountered
[ WARN:0@62.799] global grfmt_tiff.cpp:123 TIFF_Warning TIFFReadDirectory: Unknown field with tag 50838 (0xc696) encountered
[ WARN:0@62.799] global grfmt_tiff.cpp:123 TIFF_Warning TIFFReadDirectory: Unknown field with tag 50839 (0xc697) encountered
[ WARN:0@62.802] global grfmt_tiff.cpp:123 TIFF_Warning TIFFReadDirectory: Unknown field with tag 50838 (0xc696) encountered
[ WARN:0@62.802] global grfmt_tiff.cpp:123 TIFF_Warning TIFFReadDirectory: Unknown field with tag 50839 (0xc697) encountered
[ WARN:0@62.804] global grfmt_tiff.cpp:123 TIFF_Warning TIFFReadDirectory: Unknown field with tag 50838 (0xc696) encountered
[ WARN:0@62.804] global grfmt_tiff.cpp:123 TIFF_Warning TIFFReadDirectory: Unknown field with tag 50839 (0xc697) encountered
[ WARN:0@62.806] global grfmt_tiff.cpp:123 TIFF_Warning TIFFReadDirectory: Unknown field with tag 50838 (0xc696) encountered
[ WARN:0@62.806] global grfmt_tiff.cpp:123 TIFF_Warning TIFFReadDirectory: Unknown field with tag 50839 (0xc697) encountered
[ WARN:0@62.807] global grfmt_tiff.cpp:123 TIFF_Warning TIFFReadDirectory: Unknown field with tag 50838 (0xc696) encountered
[ WARN:0@62.807] global grfmt_tiff.cpp:123 TIFF_Warning TIFFReadDirectory: Unknown field with tag 50839 (0xc697) encountered
[ WARN:0@62.810] global grfmt_tiff.cpp:123 TIFF_Warning TIFFReadDirectory: Unknown field with tag 50838 (0xc696) encountered
[ WARN:0@62.810] global grfmt_tiff.cpp:123 TIFF_Warning TIFFReadDirectory: Unknown field with tag 50839 (0xc697) encountered
[ WARN:0@62.812] global grfmt_tiff.cpp:123 TIFF_Warning TIFFReadDirectory: Unknown field with tag 50838 (0xc696) encountered
[ WARN:0@62.812] global grfmt_tiff.cpp:123 TIFF_Warning TIFFReadDirectory: Unknown field with tag 50839 (0xc697) encountered
[ WARN:0@62.814] global grfmt_tiff.cpp:123 TIFF_Warning TIFFReadDirectory: Unknown field with tag 50838 (0xc696) encountered
[ WARN:0@62.814] global grfmt_tiff.cpp:123 TIFF_Warning TIFFReadDirectory: Unknown field with tag 50839 (0xc697) encountered
[ WARN:0@62.815] global grfmt_tiff.cpp:123 TIFF_Warning TIFFReadDirectory: Unknown field with tag 50838 (0xc696) encountered
[ WARN:0@62.815] global grfmt_tiff.cpp:123 TIFF_Warning TIFFReadDirectory: Unknown field with tag 50839 (0xc697) encountered
[ WARN:0@62.817] global grfmt_tiff.cpp:123 TIFF_Warning TIFFReadDirectory: Unknown field with tag 50838 (0xc696) encountered
[ WARN:0@62.817] global grfmt_tiff.cpp:123 TIFF_Warning TIFFReadDirectory: Unknown field with tag 50839 (0xc697) encountered
[ WARN:0@62.818] global grfmt_tiff.cpp:123 TIFF_Warning TIFFReadDirectory: Unknown field with tag 50838 (0xc696) encountered
[ WARN:0@62.818] global grfmt_tiff.cpp:123 TIFF_Warning TIFFReadDirectory: Unknown field with tag 50839 (0xc697) encountered
[ WARN:0@62.819] global grfmt_tiff.cpp:123 TIFF_Warning TIFFReadDirectory: Unknown field with tag 50838 (0xc696) encountered
[ WARN:0@62.819] global grfmt_tiff.cpp:123 TIFF_Warning TIFFReadDirectory: Unknown field with tag 50839 (0xc697) encountered
[ WARN:0@62.822] global grfmt_tiff.cpp:123 TIFF_Warning TIFFReadDirectory: Unknown field with tag 50838 (0xc696) encountered
[ WARN:0@62.822] global grfmt_tiff.cpp:123 TIFF_Warning TIFFReadDirectory: Unknown field with tag 50839 (0xc697) encountered
[ WARN:0@62.823] global grfmt_tiff.cpp:123 TIFF_Warning TIFFReadDirectory: Unknown field with tag 50838 (0xc696) encountered
[ WARN:0@62.823] global grfmt_tiff.cpp:123 TIFF_Warning TIFFReadDirectory: Unknown field with tag 50839 (0xc697) encountered
[ WARN:0@62.824] global grfmt_tiff.cpp:123 TIFF_Warning TIFFReadDirectory: Unknown field with tag 50838 (0xc696) encountered
[ WARN:0@62.824] global grfmt_tiff.cpp:123 TIFF_Warning TIFFReadDirectory: Unknown field with tag 50839 (0xc697) encountered
[ WARN:0@62.825] global grfmt_tiff.cpp:123 TIFF_Warning TIFFReadDirectory: Unknown field with tag 50838 (0xc696) encountered
[ WARN:0@62.825] global grfmt_tiff.cpp:123 TIFF_Warning TIFFReadDirectory: Unknown field with tag 50839 (0xc697) encountered
[ WARN:0@62.827] global grfmt_tiff.cpp:123 TIFF_Warning TIFFReadDirectory: Unknown field with tag 50838 (0xc696) encountered
[ WARN:0@62.827] global grfmt_tiff.cpp:123 TIFF_Warning TIFFReadDirectory: Unknown field with tag 50839 (0xc697) encountered
[ WARN:0@62.828] global grfmt_tiff.cpp:123 TIFF_Warning TIFFReadDirectory: Unknown field with tag 50838 (0xc696) encountered
[ WARN:0@62.828] global grfmt_tiff.cpp:123 TIFF_Warning TIFFReadDirectory: Unknown field with tag 50839 (0xc697) encountered
[ WARN:0@62.830] global grfmt_tiff.cpp:123 TIFF_Warning TIFFReadDirectory: Unknown field with tag 50838 (0xc696) encountered
[ WARN:0@62.830] global grfmt_tiff.cpp:123 TIFF_Warning TIFFReadDirectory: Unknown field with tag 50839 (0xc697) encountered
[ WARN:0@62.832] global grfmt_tiff.cpp:123 TIFF_Warning TIFFReadDirectory: Unknown field with tag 50838 (0xc696) encountered
[ WARN:0@62.832] global grfmt_tiff.cpp:123 TIFF_Warning TIFFReadDirectory: Unknown field with tag 50839 (0xc697) encountered
[ WARN:0@62.834] global grfmt_tiff.cpp:123 TIFF_Warning TIFFReadDirectory: Unknown field with tag 50838 (0xc696) encountered
[ WARN:0@62.834] global grfmt_tiff.cpp:123 TIFF_Warning TIFFReadDirectory: Unknown field with tag 50839 (0xc697) encountered
[ WARN:0@62.838] global grfmt_tiff.cpp:123 TIFF_Warning TIFFReadDirectory: Unknown field with tag 50838 (0xc696) encountered
[ WARN:0@62.838] global grfmt_tiff.cpp:123 TIFF_Warning TIFFReadDirectory: Unknown field with tag 50839 (0xc697) encountered
[ WARN:0@62.838] global grfmt_tiff.cpp:123 TIFF_Warning TIFFReadDirectory: Unknown field with tag 50838 (0xc696) encountered
[ WARN:0@62.839] global grfmt_tiff.cpp:123 TIFF_Warning TIFFReadDirectory: Unknown field with tag 50839 (0xc697) encountered
[ WARN:0@62.841] global grfmt_tiff.cpp:123 TIFF_Warning TIFFReadDirectory: Unknown field with tag 50838 (0xc696) encountered
[ WARN:0@62.841] global grfmt_tiff.cpp:123 TIFF_Warning TIFFReadDirectory: Unknown field with tag 50839 (0xc697) encountered
[ WARN:0@62.842] global grfmt_tiff.cpp:123 TIFF_Warning TIFFReadDirectory: Unknown field with tag 50838 (0xc696) encountered
[ WARN:0@62.842] global grfmt_tiff.cpp:123 TIFF_Warning TIFFReadDirectory: Unknown field with tag 50839 (0xc697) encountered
[ WARN:0@62.843] global grfmt_tiff.cpp:123 TIFF_Warning TIFFReadDirectory: Unknown field with tag 50838 (0xc696) encountered
[ WARN:0@62.843] global grfmt_tiff.cpp:123 TIFF_Warning TIFFReadDirectory: Unknown field with tag 50839 (0xc697) encountered
[ WARN:0@62.846] global grfmt_tiff.cpp:123 TIFF_Warning TIFFReadDirectory: Unknown field with tag 50838 (0xc696) encountered
[ WARN:0@62.847] global grfmt_tiff.cpp:123 TIFF_Warning TIFFReadDirectory: Unknown field with tag 50839 (0xc697) encountered
[ WARN:0@62.848] global grfmt_tiff.cpp:123 TIFF_Warning TIFFReadDirectory: Unknown field with tag 50838 (0xc696) encountered
[ WARN:0@62.848] global grfmt_tiff.cpp:123 TIFF_Warning TIFFReadDirectory: Unknown field with tag 50839 (0xc697) encountered
[ WARN:0@62.850] global grfmt_tiff.cpp:123 TIFF_Warning TIFFReadDirectory: Unknown field with tag 50838 (0xc696) encountered
[ WARN:0@62.850] global grfmt_tiff.cpp:123 TIFF_Warning TIFFReadDirectory: Unknown field with tag 50839 (0xc697) encountered
[ WARN:0@62.851] global grfmt_tiff.cpp:123 TIFF_Warning TIFFReadDirectory: Unknown field with tag 50838 (0xc696) encountered
[ WARN:0@62.851] global grfmt_tiff.cpp:123 TIFF_Warning TIFFReadDirectory: Unknown field with tag 50839 (0xc697) encountered
[ WARN:0@62.854] global grfmt_tiff.cpp:123 TIFF_Warning TIFFReadDirectory: Unknown field with tag 50838 (0xc696) encountered
[ WARN:0@62.854] global grfmt_tiff.cpp:123 TIFF_Warning TIFFReadDirectory: Unknown field with tag 50839 (0xc697) encountered
[ WARN:0@62.856] global grfmt_tiff.cpp:123 TIFF_Warning TIFFReadDirectory: Unknown field with tag 50838 (0xc696) encountered
[ WARN:0@62.856] global grfmt_tiff.cpp:123 TIFF_Warning TIFFReadDirectory: Unknown field with tag 50839 (0xc697) encountered
[ WARN:0@62.858] global grfmt_tiff.cpp:123 TIFF_Warning TIFFReadDirectory: Unknown field with tag 50838 (0xc696) encountered
[ WARN:0@62.858] global grfmt_tiff.cpp:123 TIFF_Warning TIFFReadDirectory: Unknown field with tag 50839 (0xc697) encountered
[ WARN:0@62.859] global grfmt_tiff.cpp:123 TIFF_Warning TIFFReadDirectory: Unknown field with tag 50838 (0xc696) encountered
[ WARN:0@62.859] global grfmt_tiff.cpp:123 TIFF_Warning TIFFReadDirectory: Unknown field with tag 50839 (0xc697) encountered
[ WARN:0@62.861] global grfmt_tiff.cpp:123 TIFF_Warning TIFFReadDirectory: Unknown field with tag 50838 (0xc696) encountered
[ WARN:0@62.861] global grfmt_tiff.cpp:123 TIFF_Warning TIFFReadDirectory: Unknown field with tag 50839 (0xc697) encountered
[ WARN:0@62.862] global grfmt_tiff.cpp:123 TIFF_Warning TIFFReadDirectory: Unknown field with tag 50838 (0xc696) encountered
[ WARN:0@62.862] global grfmt_tiff.cpp:123 TIFF_Warning TIFFReadDirectory: Unknown field with tag 50839 (0xc697) encountered
[ WARN:0@62.863] global grfmt_tiff.cpp:123 TIFF_Warning TIFFReadDirectory: Unknown field with tag 50838 (0xc696) encountered
[ WARN:0@62.863] global grfmt_tiff.cpp:123 TIFF_Warning TIFFReadDirectory: Unknown field with tag 50839 (0xc697) encountered
[ WARN:0@63.668] global grfmt_tiff.cpp:123 TIFF_Warning TIFFReadDirectory: Unknown field with tag 50838 (0xc696) encountered
[ WARN:0@63.668] global grfmt_tiff.cpp:123 TIFF_Warning TIFFReadDirectory: Unknown field with tag 50839 (0xc697) encountered
[ WARN:0@63.820] global grfmt_tiff.cpp:123 TIFF_Warning TIFFReadDirectory: Unknown field with tag 50838 (0xc696) encountered
[ WARN:0@63.820] global grfmt_tiff.cpp:123 TIFF_Warning TIFFReadDirectory: Unknown field with tag 50839 (0xc697) encountered
[ WARN:0@63.822] global grfmt_tiff.cpp:123 TIFF_Warning TIFFReadDirectory: Unknown field with tag 50838 (0xc696) encountered
[ WARN:0@63.822] global grfmt_tiff.cpp:123 TIFF_Warning TIFFReadDirectory: Unknown field with tag 50839 (0xc697) encountered
[ WARN:0@63.824] global grfmt_tiff.cpp:123 TIFF_Warning TIFFReadDirectory: Unknown field with tag 50838 (0xc696) encountered
[ WARN:0@63.824] global grfmt_tiff.cpp:123 TIFF_Warning TIFFReadDirectory: Unknown field with tag 50839 (0xc697) encountered
[ WARN:0@63.825] global grfmt_tiff.cpp:123 TIFF_Warning TIFFReadDirectory: Unknown field with tag 50838 (0xc696) encountered
[ WARN:0@63.825] global grfmt_tiff.cpp:123 TIFF_Warning TIFFReadDirectory: Unknown field with tag 50839 (0xc697) encountered
[ WARN:0@63.829] global grfmt_tiff.cpp:123 TIFF_Warning TIFFReadDirectory: Unknown field with tag 50838 (0xc696) encountered
[ WARN:0@63.829] global grfmt_tiff.cpp:123 TIFF_Warning TIFFReadDirectory: Unknown field with tag 50839 (0xc697) encountered
[ WARN:0@63.831] global grfmt_tiff.cpp:123 TIFF_Warning TIFFReadDirectory: Unknown field with tag 50838 (0xc696) encountered
[ WARN:0@63.831] global grfmt_tiff.cpp:123 TIFF_Warning TIFFReadDirectory: Unknown field with tag 50839 (0xc697) encountered
[ WARN:0@63.834] global grfmt_tiff.cpp:123 TIFF_Warning TIFFReadDirectory: Unknown field with tag 50838 (0xc696) encountered
[ WARN:0@63.834] global grfmt_tiff.cpp:123 TIFF_Warning TIFFReadDirectory: Unknown field with tag 50839 (0xc697) encountered
[ WARN:0@63.835] global grfmt_tiff.cpp:123 TIFF_Warning TIFFReadDirectory: Unknown field with tag 50838 (0xc696) encountered
[ WARN:0@63.835] global grfmt_tiff.cpp:123 TIFF_Warning TIFFReadDirectory: Unknown field with tag 50839 (0xc697) encountered
[ WARN:0@63.838] global grfmt_tiff.cpp:123 TIFF_Warning TIFFReadDirectory: Unknown field with tag 50838 (0xc696) encountered
[ WARN:0@63.838] global grfmt_tiff.cpp:123 TIFF_Warning TIFFReadDirectory: Unknown field with tag 50839 (0xc697) encountered
[ WARN:0@63.841] global grfmt_tiff.cpp:123 TIFF_Warning TIFFReadDirectory: Unknown field with tag 50838 (0xc696) encountered
[ WARN:0@63.841] global grfmt_tiff.cpp:123 TIFF_Warning TIFFReadDirectory: Unknown field with tag 50839 (0xc697) encountered
[ WARN:0@63.842] global grfmt_tiff.cpp:123 TIFF_Warning TIFFReadDirectory: Unknown field with tag 50838 (0xc696) encountered
[ WARN:0@63.842] global grfmt_tiff.cpp:123 TIFF_Warning TIFFReadDirectory: Unknown field with tag 50839 (0xc697) encountered
[ WARN:0@63.845] global grfmt_tiff.cpp:123 TIFF_Warning TIFFReadDirectory: Unknown field with tag 50838 (0xc696) encountered
[ WARN:0@63.845] global grfmt_tiff.cpp:123 TIFF_Warning TIFFReadDirectory: Unknown field with tag 50839 (0xc697) encountered
[ WARN:0@63.846] global grfmt_tiff.cpp:123 TIFF_Warning TIFFReadDirectory: Unknown field with tag 50838 (0xc696) encountered
[ WARN:0@63.846] global grfmt_tiff.cpp:123 TIFF_Warning TIFFReadDirectory: Unknown field with tag 50839 (0xc697) encountered
[ WARN:0@63.847] global grfmt_tiff.cpp:123 TIFF_Warning TIFFReadDirectory: Unknown field with tag 50838 (0xc696) encountered
[ WARN:0@63.847] global grfmt_tiff.cpp:123 TIFF_Warning TIFFReadDirectory: Unknown field with tag 50839 (0xc697) encountered
[ WARN:0@63.851] global grfmt_tiff.cpp:123 TIFF_Warning TIFFReadDirectory: Unknown field with tag 50838 (0xc696) encountered
[ WARN:0@63.851] global grfmt_tiff.cpp:123 TIFF_Warning TIFFReadDirectory: Unknown field with tag 50839 (0xc697) encountered
[ WARN:0@63.852] global grfmt_tiff.cpp:123 TIFF_Warning TIFFReadDirectory: Unknown field with tag 50838 (0xc696) encountered
[ WARN:0@63.852] global grfmt_tiff.cpp:123 TIFF_Warning TIFFReadDirectory: Unknown field with tag 50839 (0xc697) encountered
[ WARN:0@63.854] global grfmt_tiff.cpp:123 TIFF_Warning TIFFReadDirectory: Unknown field with tag 50838 (0xc696) encountered
[ WARN:0@63.854] global grfmt_tiff.cpp:123 TIFF_Warning TIFFReadDirectory: Unknown field with tag 50839 (0xc697) encountered
[ WARN:0@63.855] global grfmt_tiff.cpp:123 TIFF_Warning TIFFReadDirectory: Unknown field with tag 50838 (0xc696) encountered
[ WARN:0@63.855] global grfmt_tiff.cpp:123 TIFF_Warning TIFFReadDirectory: Unknown field with tag 50839 (0xc697) encountered
[ WARN:0@63.859] global grfmt_tiff.cpp:123 TIFF_Warning TIFFReadDirectory: Unknown field with tag 50838 (0xc696) encountered
[ WARN:0@63.859] global grfmt_tiff.cpp:123 TIFF_Warning TIFFReadDirectory: Unknown field with tag 50839 (0xc697) encountered
[ WARN:0@63.861] global grfmt_tiff.cpp:123 TIFF_Warning TIFFReadDirectory: Unknown field with tag 50838 (0xc696) encountered
[ WARN:0@63.861] global grfmt_tiff.cpp:123 TIFF_Warning TIFFReadDirectory: Unknown field with tag 50839 (0xc697) encountered
[ WARN:0@63.863] global grfmt_tiff.cpp:123 TIFF_Warning TIFFReadDirectory: Unknown field with tag 50838 (0xc696) encountered
[ WARN:0@63.863] global grfmt_tiff.cpp:123 TIFF_Warning TIFFReadDirectory: Unknown field with tag 50839 (0xc697) encountered
[ WARN:0@63.864] global grfmt_tiff.cpp:123 TIFF_Warning TIFFReadDirectory: Unknown field with tag 50838 (0xc696) encountered
[ WARN:0@63.864] global grfmt_tiff.cpp:123 TIFF_Warning TIFFReadDirectory: Unknown field with tag 50839 (0xc697) encountered
[ WARN:0@63.866] global grfmt_tiff.cpp:123 TIFF_Warning TIFFReadDirectory: Unknown field with tag 50838 (0xc696) encountered
[ WARN:0@63.866] global grfmt_tiff.cpp:123 TIFF_Warning TIFFReadDirectory: Unknown field with tag 50839 (0xc697) encountered
[ WARN:0@63.867] global grfmt_tiff.cpp:123 TIFF_Warning TIFFReadDirectory: Unknown field with tag 50838 (0xc696) encountered
[ WARN:0@63.867] global grfmt_tiff.cpp:123 TIFF_Warning TIFFReadDirectory: Unknown field with tag 50839 (0xc697) encountered
[ WARN:0@63.868] global grfmt_tiff.cpp:123 TIFF_Warning TIFFReadDirectory: Unknown field with tag 50838 (0xc696) encountered
[ WARN:0@63.868] global grfmt_tiff.cpp:123 TIFF_Warning TIFFReadDirectory: Unknown field with tag 50839 (0xc697) encountered
[ WARN:0@63.871] global grfmt_tiff.cpp:123 TIFF_Warning TIFFReadDirectory: Unknown field with tag 50838 (0xc696) encountered
[ WARN:0@63.871] global grfmt_tiff.cpp:123 TIFF_Warning TIFFReadDirectory: Unknown field with tag 50839 (0xc697) encountered
[ WARN:0@63.872] global grfmt_tiff.cpp:123 TIFF_Warning TIFFReadDirectory: Unknown field with tag 50838 (0xc696) encountered
[ WARN:0@63.872] global grfmt_tiff.cpp:123 TIFF_Warning TIFFReadDirectory: Unknown field with tag 50839 (0xc697) encountered
[ WARN:0@63.873] global grfmt_tiff.cpp:123 TIFF_Warning TIFFReadDirectory: Unknown field with tag 50838 (0xc696) encountered
[ WARN:0@63.873] global grfmt_tiff.cpp:123 TIFF_Warning TIFFReadDirectory: Unknown field with tag 50839 (0xc697) encountered
[ WARN:0@63.874] global grfmt_tiff.cpp:123 TIFF_Warning TIFFReadDirectory: Unknown field with tag 50838 (0xc696) encountered
[ WARN:0@63.874] global grfmt_tiff.cpp:123 TIFF_Warning TIFFReadDirectory: Unknown field with tag 50839 (0xc697) encountered
[ WARN:0@63.876] global grfmt_tiff.cpp:123 TIFF_Warning TIFFReadDirectory: Unknown field with tag 50838 (0xc696) encountered
[ WARN:0@63.876] global grfmt_tiff.cpp:123 TIFF_Warning TIFFReadDirectory: Unknown field with tag 50839 (0xc697) encountered
[ WARN:0@63.878] global grfmt_tiff.cpp:123 TIFF_Warning TIFFReadDirectory: Unknown field with tag 50838 (0xc696) encountered
[ WARN:0@63.878] global grfmt_tiff.cpp:123 TIFF_Warning TIFFReadDirectory: Unknown field with tag 50839 (0xc697) encountered
[ WARN:0@63.880] global grfmt_tiff.cpp:123 TIFF_Warning TIFFReadDirectory: Unknown field with tag 50838 (0xc696) encountered
[ WARN:0@63.880] global grfmt_tiff.cpp:123 TIFF_Warning TIFFReadDirectory: Unknown field with tag 50839 (0xc697) encountered
[ WARN:0@63.881] global grfmt_tiff.cpp:123 TIFF_Warning TIFFReadDirectory: Unknown field with tag 50838 (0xc696) encountered
[ WARN:0@63.881] global grfmt_tiff.cpp:123 TIFF_Warning TIFFReadDirectory: Unknown field with tag 50839 (0xc697) encountered
[ WARN:0@63.884] global grfmt_tiff.cpp:123 TIFF_Warning TIFFReadDirectory: Unknown field with tag 50838 (0xc696) encountered
[ WARN:0@63.884] global grfmt_tiff.cpp:123 TIFF_Warning TIFFReadDirectory: Unknown field with tag 50839 (0xc697) encountered
[ WARN:0@63.887] global grfmt_tiff.cpp:123 TIFF_Warning TIFFReadDirectory: Unknown field with tag 50838 (0xc696) encountered
[ WARN:0@63.887] global grfmt_tiff.cpp:123 TIFF_Warning TIFFReadDirectory: Unknown field with tag 50839 (0xc697) encountered
[ WARN:0@63.888] global grfmt_tiff.cpp:123 TIFF_Warning TIFFReadDirectory: Unknown field with tag 50838 (0xc696) encountered
[ WARN:0@63.888] global grfmt_tiff.cpp:123 TIFF_Warning TIFFReadDirectory: Unknown field with tag 50839 (0xc697) encountered
[ WARN:0@63.891] global grfmt_tiff.cpp:123 TIFF_Warning TIFFReadDirectory: Unknown field with tag 50838 (0xc696) encountered
[ WARN:0@63.891] global grfmt_tiff.cpp:123 TIFF_Warning TIFFReadDirectory: Unknown field with tag 50839 (0xc697) encountered
[ WARN:0@63.892] global grfmt_tiff.cpp:123 TIFF_Warning TIFFReadDirectory: Unknown field with tag 50838 (0xc696) encountered
[ WARN:0@63.892] global grfmt_tiff.cpp:123 TIFF_Warning TIFFReadDirectory: Unknown field with tag 50839 (0xc697) encountered
[ WARN:0@63.893] global grfmt_tiff.cpp:123 TIFF_Warning TIFFReadDirectory: Unknown field with tag 50838 (0xc696) encountered
[ WARN:0@63.893] global grfmt_tiff.cpp:123 TIFF_Warning TIFFReadDirectory: Unknown field with tag 50839 (0xc697) encountered
[ WARN:0@63.897] global grfmt_tiff.cpp:123 TIFF_Warning TIFFReadDirectory: Unknown field with tag 50838 (0xc696) encountered
[ WARN:0@63.897] global grfmt_tiff.cpp:123 TIFF_Warning TIFFReadDirectory: Unknown field with tag 50839 (0xc697) encountered
[ WARN:0@63.898] global grfmt_tiff.cpp:123 TIFF_Warning TIFFReadDirectory: Unknown field with tag 50838 (0xc696) encountered
[ WARN:0@63.898] global grfmt_tiff.cpp:123 TIFF_Warning TIFFReadDirectory: Unknown field with tag 50839 (0xc697) encountered
[ WARN:0@63.900] global grfmt_tiff.cpp:123 TIFF_Warning TIFFReadDirectory: Unknown field with tag 50838 (0xc696) encountered
[ WARN:0@63.900] global grfmt_tiff.cpp:123 TIFF_Warning TIFFReadDirectory: Unknown field with tag 50839 (0xc697) encountered
[ WARN:0@63.901] global grfmt_tiff.cpp:123 TIFF_Warning TIFFReadDirectory: Unknown field with tag 50838 (0xc696) encountered
[ WARN:0@63.901] global grfmt_tiff.cpp:123 TIFF_Warning TIFFReadDirectory: Unknown field with tag 50839 (0xc697) encountered
[ WARN:0@63.904] global grfmt_tiff.cpp:123 TIFF_Warning TIFFReadDirectory: Unknown field with tag 50838 (0xc696) encountered
[ WARN:0@63.904] global grfmt_tiff.cpp:123 TIFF_Warning TIFFReadDirectory: Unknown field with tag 50839 (0xc697) encountered
[ WARN:0@63.907] global grfmt_tiff.cpp:123 TIFF_Warning TIFFReadDirectory: Unknown field with tag 50838 (0xc696) encountered
[ WARN:0@63.907] global grfmt_tiff.cpp:123 TIFF_Warning TIFFReadDirectory: Unknown field with tag 50839 (0xc697) encountered
[ WARN:0@63.909] global grfmt_tiff.cpp:123 TIFF_Warning TIFFReadDirectory: Unknown field with tag 50838 (0xc696) encountered
[ WARN:0@63.909] global grfmt_tiff.cpp:123 TIFF_Warning TIFFReadDirectory: Unknown field with tag 50839 (0xc697) encountered
[ WARN:0@63.910] global grfmt_tiff.cpp:123 TIFF_Warning TIFFReadDirectory: Unknown field with tag 50838 (0xc696) encountered
[ WARN:0@63.910] global grfmt_tiff.cpp:123 TIFF_Warning TIFFReadDirectory: Unknown field with tag 50839 (0xc697) encountered
[ WARN:0@63.912] global grfmt_tiff.cpp:123 TIFF_Warning TIFFReadDirectory: Unknown field with tag 50838 (0xc696) encountered
[ WARN:0@63.912] global grfmt_tiff.cpp:123 TIFF_Warning TIFFReadDirectory: Unknown field with tag 50839 (0xc697) encountered
[ WARN:0@63.913] global grfmt_tiff.cpp:123 TIFF_Warning TIFFReadDirectory: Unknown field with tag 50838 (0xc696) encountered
[ WARN:0@63.913] global grfmt_tiff.cpp:123 TIFF_Warning TIFFReadDirectory: Unknown field with tag 50839 (0xc697) encountered
[ WARN:0@63.914] global grfmt_tiff.cpp:123 TIFF_Warning TIFFReadDirectory: Unknown field with tag 50838 (0xc696) encountered
[ WARN:0@63.914] global grfmt_tiff.cpp:123 TIFF_Warning TIFFReadDirectory: Unknown field with tag 50839 (0xc697) encountered
[ WARN:0@64.398] global grfmt_tiff.cpp:123 TIFF_Warning TIFFReadDirectory: Unknown field with tag 50838 (0xc696) encountered
[ WARN:0@64.398] global grfmt_tiff.cpp:123 TIFF_Warning TIFFReadDirectory: Unknown field with tag 50839 (0xc697) encountered
[ WARN:0@64.551] global grfmt_tiff.cpp:123 TIFF_Warning TIFFReadDirectory: Unknown field with tag 50838 (0xc696) encountered
[ WARN:0@64.551] global grfmt_tiff.cpp:123 TIFF_Warning TIFFReadDirectory: Unknown field with tag 50839 (0xc697) encountered
[ WARN:0@64.553] global grfmt_tiff.cpp:123 TIFF_Warning TIFFReadDirectory: Unknown field with tag 50838 (0xc696) encountered
[ WARN:0@64.553] global grfmt_tiff.cpp:123 TIFF_Warning TIFFReadDirectory: Unknown field with tag 50839 (0xc697) encountered
[ WARN:0@64.554] global grfmt_tiff.cpp:123 TIFF_Warning TIFFReadDirectory: Unknown field with tag 50838 (0xc696) encountered
[ WARN:0@64.554] global grfmt_tiff.cpp:123 TIFF_Warning TIFFReadDirectory: Unknown field with tag 50839 (0xc697) encountered
[ WARN:0@64.555] global grfmt_tiff.cpp:123 TIFF_Warning TIFFReadDirectory: Unknown field with tag 50838 (0xc696) encountered
[ WARN:0@64.556] global grfmt_tiff.cpp:123 TIFF_Warning TIFFReadDirectory: Unknown field with tag 50839 (0xc697) encountered
[ WARN:0@64.558] global grfmt_tiff.cpp:123 TIFF_Warning TIFFReadDirectory: Unknown field with tag 50838 (0xc696) encountered
[ WARN:0@64.558] global grfmt_tiff.cpp:123 TIFF_Warning TIFFReadDirectory: Unknown field with tag 50839 (0xc697) encountered
[ WARN:0@64.559] global grfmt_tiff.cpp:123 TIFF_Warning TIFFReadDirectory: Unknown field with tag 50838 (0xc696) encountered
[ WARN:0@64.559] global grfmt_tiff.cpp:123 TIFF_Warning TIFFReadDirectory: Unknown field with tag 50839 (0xc697) encountered
[ WARN:0@64.563] global grfmt_tiff.cpp:123 TIFF_Warning TIFFReadDirectory: Unknown field with tag 50838 (0xc696) encountered
[ WARN:0@64.563] global grfmt_tiff.cpp:123 TIFF_Warning TIFFReadDirectory: Unknown field with tag 50839 (0xc697) encountered
[ WARN:0@64.564] global grfmt_tiff.cpp:123 TIFF_Warning TIFFReadDirectory: Unknown field with tag 50838 (0xc696) encountered
[ WARN:0@64.564] global grfmt_tiff.cpp:123 TIFF_Warning TIFFReadDirectory: Unknown field with tag 50839 (0xc697) encountered
[ WARN:0@64.567] global grfmt_tiff.cpp:123 TIFF_Warning TIFFReadDirectory: Unknown field with tag 50838 (0xc696) encountered
[ WARN:0@64.567] global grfmt_tiff.cpp:123 TIFF_Warning TIFFReadDirectory: Unknown field with tag 50839 (0xc697) encountered
[ WARN:0@64.571] global grfmt_tiff.cpp:123 TIFF_Warning TIFFReadDirectory: Unknown field with tag 50838 (0xc696) encountered
[ WARN:0@64.571] global grfmt_tiff.cpp:123 TIFF_Warning TIFFReadDirectory: Unknown field with tag 50839 (0xc697) encountered
[ WARN:0@64.572] global grfmt_tiff.cpp:123 TIFF_Warning TIFFReadDirectory: Unknown field with tag 50838 (0xc696) encountered
[ WARN:0@64.572] global grfmt_tiff.cpp:123 TIFF_Warning TIFFReadDirectory: Unknown field with tag 50839 (0xc697) encountered
[ WARN:0@64.574] global grfmt_tiff.cpp:123 TIFF_Warning TIFFReadDirectory: Unknown field with tag 50838 (0xc696) encountered
[ WARN:0@64.574] global grfmt_tiff.cpp:123 TIFF_Warning TIFFReadDirectory: Unknown field with tag 50839 (0xc697) encountered
[ WARN:0@64.575] global grfmt_tiff.cpp:123 TIFF_Warning TIFFReadDirectory: Unknown field with tag 50838 (0xc696) encountered
[ WARN:0@64.575] global grfmt_tiff.cpp:123 TIFF_Warning TIFFReadDirectory: Unknown field with tag 50839 (0xc697) encountered
[ WARN:0@64.576] global grfmt_tiff.cpp:123 TIFF_Warning TIFFReadDirectory: Unknown field with tag 50838 (0xc696) encountered
[ WARN:0@64.576] global grfmt_tiff.cpp:123 TIFF_Warning TIFFReadDirectory: Unknown field with tag 50839 (0xc697) encountered
[ WARN:0@64.580] global grfmt_tiff.cpp:123 TIFF_Warning TIFFReadDirectory: Unknown field with tag 50838 (0xc696) encountered
[ WARN:0@64.580] global grfmt_tiff.cpp:123 TIFF_Warning TIFFReadDirectory: Unknown field with tag 50839 (0xc697) encountered
[ WARN:0@64.581] global grfmt_tiff.cpp:123 TIFF_Warning TIFFReadDirectory: Unknown field with tag 50838 (0xc696) encountered
[ WARN:0@64.581] global grfmt_tiff.cpp:123 TIFF_Warning TIFFReadDirectory: Unknown field with tag 50839 (0xc697) encountered
[ WARN:0@64.583] global grfmt_tiff.cpp:123 TIFF_Warning TIFFReadDirectory: Unknown field with tag 50838 (0xc696) encountered
[ WARN:0@64.583] global grfmt_tiff.cpp:123 TIFF_Warning TIFFReadDirectory: Unknown field with tag 50839 (0xc697) encountered
[ WARN:0@64.584] global grfmt_tiff.cpp:123 TIFF_Warning TIFFReadDirectory: Unknown field with tag 50838 (0xc696) encountered
[ WARN:0@64.584] global grfmt_tiff.cpp:123 TIFF_Warning TIFFReadDirectory: Unknown field with tag 50839 (0xc697) encountered
[ WARN:0@64.588] global grfmt_tiff.cpp:123 TIFF_Warning TIFFReadDirectory: Unknown field with tag 50838 (0xc696) encountered
[ WARN:0@64.588] global grfmt_tiff.cpp:123 TIFF_Warning TIFFReadDirectory: Unknown field with tag 50839 (0xc697) encountered
[ WARN:0@64.590] global grfmt_tiff.cpp:123 TIFF_Warning TIFFReadDirectory: Unknown field with tag 50838 (0xc696) encountered
[ WARN:0@64.590] global grfmt_tiff.cpp:123 TIFF_Warning TIFFReadDirectory: Unknown field with tag 50839 (0xc697) encountered
[ WARN:0@64.592] global grfmt_tiff.cpp:123 TIFF_Warning TIFFReadDirectory: Unknown field with tag 50838 (0xc696) encountered
[ WARN:0@64.592] global grfmt_tiff.cpp:123 TIFF_Warning TIFFReadDirectory: Unknown field with tag 50839 (0xc697) encountered
[ WARN:0@64.593] global grfmt_tiff.cpp:123 TIFF_Warning TIFFReadDirectory: Unknown field with tag 50838 (0xc696) encountered
[ WARN:0@64.593] global grfmt_tiff.cpp:123 TIFF_Warning TIFFReadDirectory: Unknown field with tag 50839 (0xc697) encountered
[ WARN:0@64.595] global grfmt_tiff.cpp:123 TIFF_Warning TIFFReadDirectory: Unknown field with tag 50838 (0xc696) encountered
[ WARN:0@64.595] global grfmt_tiff.cpp:123 TIFF_Warning TIFFReadDirectory: Unknown field with tag 50839 (0xc697) encountered
[ WARN:0@64.596] global grfmt_tiff.cpp:123 TIFF_Warning TIFFReadDirectory: Unknown field with tag 50838 (0xc696) encountered
[ WARN:0@64.596] global grfmt_tiff.cpp:123 TIFF_Warning TIFFReadDirectory: Unknown field with tag 50839 (0xc697) encountered
[ WARN:0@64.597] global grfmt_tiff.cpp:123 TIFF_Warning TIFFReadDirectory: Unknown field with tag 50838 (0xc696) encountered
[ WARN:0@64.598] global grfmt_tiff.cpp:123 TIFF_Warning TIFFReadDirectory: Unknown field with tag 50839 (0xc697) encountered
[ WARN:0@64.600] global grfmt_tiff.cpp:123 TIFF_Warning TIFFReadDirectory: Unknown field with tag 50838 (0xc696) encountered
[ WARN:0@64.600] global grfmt_tiff.cpp:123 TIFF_Warning TIFFReadDirectory: Unknown field with tag 50839 (0xc697) encountered
[ WARN:0@64.601] global grfmt_tiff.cpp:123 TIFF_Warning TIFFReadDirectory: Unknown field with tag 50838 (0xc696) encountered
[ WARN:0@64.601] global grfmt_tiff.cpp:123 TIFF_Warning TIFFReadDirectory: Unknown field with tag 50839 (0xc697) encountered
[ WARN:0@64.602] global grfmt_tiff.cpp:123 TIFF_Warning TIFFReadDirectory: Unknown field with tag 50838 (0xc696) encountered
[ WARN:0@64.602] global grfmt_tiff.cpp:123 TIFF_Warning TIFFReadDirectory: Unknown field with tag 50839 (0xc697) encountered
[ WARN:0@64.603] global grfmt_tiff.cpp:123 TIFF_Warning TIFFReadDirectory: Unknown field with tag 50838 (0xc696) encountered
[ WARN:0@64.603] global grfmt_tiff.cpp:123 TIFF_Warning TIFFReadDirectory: Unknown field with tag 50839 (0xc697) encountered
[ WARN:0@64.606] global grfmt_tiff.cpp:123 TIFF_Warning TIFFReadDirectory: Unknown field with tag 50838 (0xc696) encountered
[ WARN:0@64.606] global grfmt_tiff.cpp:123 TIFF_Warning TIFFReadDirectory: Unknown field with tag 50839 (0xc697) encountered
[ WARN:0@64.607] global grfmt_tiff.cpp:123 TIFF_Warning TIFFReadDirectory: Unknown field with tag 50838 (0xc696) encountered
[ WARN:0@64.607] global grfmt_tiff.cpp:123 TIFF_Warning TIFFReadDirectory: Unknown field with tag 50839 (0xc697) encountered
[ WARN:0@64.609] global grfmt_tiff.cpp:123 TIFF_Warning TIFFReadDirectory: Unknown field with tag 50838 (0xc696) encountered
[ WARN:0@64.609] global grfmt_tiff.cpp:123 TIFF_Warning TIFFReadDirectory: Unknown field with tag 50839 (0xc697) encountered
[ WARN:0@64.610] global grfmt_tiff.cpp:123 TIFF_Warning TIFFReadDirectory: Unknown field with tag 50838 (0xc696) encountered
[ WARN:0@64.610] global grfmt_tiff.cpp:123 TIFF_Warning TIFFReadDirectory: Unknown field with tag 50839 (0xc697) encountered
[ WARN:0@64.613] global grfmt_tiff.cpp:123 TIFF_Warning TIFFReadDirectory: Unknown field with tag 50838 (0xc696) encountered
[ WARN:0@64.613] global grfmt_tiff.cpp:123 TIFF_Warning TIFFReadDirectory: Unknown field with tag 50839 (0xc697) encountered
[ WARN:0@64.617] global grfmt_tiff.cpp:123 TIFF_Warning TIFFReadDirectory: Unknown field with tag 50838 (0xc696) encountered
[ WARN:0@64.617] global grfmt_tiff.cpp:123 TIFF_Warning TIFFReadDirectory: Unknown field with tag 50839 (0xc697) encountered
[ WARN:0@64.618] global grfmt_tiff.cpp:123 TIFF_Warning TIFFReadDirectory: Unknown field with tag 50838 (0xc696) encountered
[ WARN:0@64.618] global grfmt_tiff.cpp:123 TIFF_Warning TIFFReadDirectory: Unknown field with tag 50839 (0xc697) encountered
[ WARN:0@64.620] global grfmt_tiff.cpp:123 TIFF_Warning TIFFReadDirectory: Unknown field with tag 50838 (0xc696) encountered
[ WARN:0@64.620] global grfmt_tiff.cpp:123 TIFF_Warning TIFFReadDirectory: Unknown field with tag 50839 (0xc697) encountered
[ WARN:0@64.621] global grfmt_tiff.cpp:123 TIFF_Warning TIFFReadDirectory: Unknown field with tag 50838 (0xc696) encountered
[ WARN:0@64.621] global grfmt_tiff.cpp:123 TIFF_Warning TIFFReadDirectory: Unknown field with tag 50839 (0xc697) encountered
[ WARN:0@64.622] global grfmt_tiff.cpp:123 TIFF_Warning TIFFReadDirectory: Unknown field with tag 50838 (0xc696) encountered
[ WARN:0@64.622] global grfmt_tiff.cpp:123 TIFF_Warning TIFFReadDirectory: Unknown field with tag 50839 (0xc697) encountered
[ WARN:0@64.626] global grfmt_tiff.cpp:123 TIFF_Warning TIFFReadDirectory: Unknown field with tag 50838 (0xc696) encountered
[ WARN:0@64.626] global grfmt_tiff.cpp:123 TIFF_Warning TIFFReadDirectory: Unknown field with tag 50839 (0xc697) encountered
[ WARN:0@64.627] global grfmt_tiff.cpp:123 TIFF_Warning TIFFReadDirectory: Unknown field with tag 50838 (0xc696) encountered
[ WARN:0@64.627] global grfmt_tiff.cpp:123 TIFF_Warning TIFFReadDirectory: Unknown field with tag 50839 (0xc697) encountered
[ WARN:0@64.629] global grfmt_tiff.cpp:123 TIFF_Warning TIFFReadDirectory: Unknown field with tag 50838 (0xc696) encountered
[ WARN:0@64.629] global grfmt_tiff.cpp:123 TIFF_Warning TIFFReadDirectory: Unknown field with tag 50839 (0xc697) encountered
[ WARN:0@64.630] global grfmt_tiff.cpp:123 TIFF_Warning TIFFReadDirectory: Unknown field with tag 50838 (0xc696) encountered
[ WARN:0@64.630] global grfmt_tiff.cpp:123 TIFF_Warning TIFFReadDirectory: Unknown field with tag 50839 (0xc697) encountered
[ WARN:0@64.634] global grfmt_tiff.cpp:123 TIFF_Warning TIFFReadDirectory: Unknown field with tag 50838 (0xc696) encountered
[ WARN:0@64.634] global grfmt_tiff.cpp:123 TIFF_Warning TIFFReadDirectory: Unknown field with tag 50839 (0xc697) encountered
[ WARN:0@64.636] global grfmt_tiff.cpp:123 TIFF_Warning TIFFReadDirectory: Unknown field with tag 50838 (0xc696) encountered
[ WARN:0@64.636] global grfmt_tiff.cpp:123 TIFF_Warning TIFFReadDirectory: Unknown field with tag 50839 (0xc697) encountered
[ WARN:0@64.638] global grfmt_tiff.cpp:123 TIFF_Warning TIFFReadDirectory: Unknown field with tag 50838 (0xc696) encountered
[ WARN:0@64.638] global grfmt_tiff.cpp:123 TIFF_Warning TIFFReadDirectory: Unknown field with tag 50839 (0xc697) encountered
[ WARN:0@64.639] global grfmt_tiff.cpp:123 TIFF_Warning TIFFReadDirectory: Unknown field with tag 50838 (0xc696) encountered
[ WARN:0@64.639] global grfmt_tiff.cpp:123 TIFF_Warning TIFFReadDirectory: Unknown field with tag 50839 (0xc697) encountered
[ WARN:0@64.641] global grfmt_tiff.cpp:123 TIFF_Warning TIFFReadDirectory: Unknown field with tag 50838 (0xc696) encountered
[ WARN:0@64.641] global grfmt_tiff.cpp:123 TIFF_Warning TIFFReadDirectory: Unknown field with tag 50839 (0xc697) encountered
[ WARN:0@64.642] global grfmt_tiff.cpp:123 TIFF_Warning TIFFReadDirectory: Unknown field with tag 50838 (0xc696) encountered
[ WARN:0@64.642] global grfmt_tiff.cpp:123 TIFF_Warning TIFFReadDirectory: Unknown field with tag 50839 (0xc697) encountered
[ WARN:0@64.643] global grfmt_tiff.cpp:123 TIFF_Warning TIFFReadDirectory: Unknown field with tag 50838 (0xc696) encountered
[ WARN:0@64.643] global grfmt_tiff.cpp:123 TIFF_Warning TIFFReadDirectory: Unknown field with tag 50839 (0xc697) encountered
[ WARN:0@65.115] global grfmt_tiff.cpp:123 TIFF_Warning TIFFReadDirectory: Unknown field with tag 50838 (0xc696) encountered
[ WARN:0@65.115] global grfmt_tiff.cpp:123 TIFF_Warning TIFFReadDirectory: Unknown field with tag 50839 (0xc697) encountered
[ WARN:0@65.330] global grfmt_tiff.cpp:123 TIFF_Warning TIFFReadDirectory: Unknown field with tag 50838 (0xc696) encountered
[ WARN:0@65.330] global grfmt_tiff.cpp:123 TIFF_Warning TIFFReadDirectory: Unknown field with tag 50839 (0xc697) encountered
[ WARN:0@65.331] global grfmt_tiff.cpp:123 TIFF_Warning TIFFReadDirectory: Unknown field with tag 50838 (0xc696) encountered
[ WARN:0@65.331] global grfmt_tiff.cpp:123 TIFF_Warning TIFFReadDirectory: Unknown field with tag 50839 (0xc697) encountered
[ WARN:0@65.333] global grfmt_tiff.cpp:123 TIFF_Warning TIFFReadDirectory: Unknown field with tag 50838 (0xc696) encountered
[ WARN:0@65.333] global grfmt_tiff.cpp:123 TIFF_Warning TIFFReadDirectory: Unknown field with tag 50839 (0xc697) encountered
[ WARN:0@65.334] global grfmt_tiff.cpp:123 TIFF_Warning TIFFReadDirectory: Unknown field with tag 50838 (0xc696) encountered
[ WARN:0@65.334] global grfmt_tiff.cpp:123 TIFF_Warning TIFFReadDirectory: Unknown field with tag 50839 (0xc697) encountered
[ WARN:0@65.337] global grfmt_tiff.cpp:123 TIFF_Warning TIFFReadDirectory: Unknown field with tag 50838 (0xc696) encountered
[ WARN:0@65.337] global grfmt_tiff.cpp:123 TIFF_Warning TIFFReadDirectory: Unknown field with tag 50839 (0xc697) encountered
[ WARN:0@65.338] global grfmt_tiff.cpp:123 TIFF_Warning TIFFReadDirectory: Unknown field with tag 50838 (0xc696) encountered
[ WARN:0@65.338] global grfmt_tiff.cpp:123 TIFF_Warning TIFFReadDirectory: Unknown field with tag 50839 (0xc697) encountered
[ WARN:0@65.340] global grfmt_tiff.cpp:123 TIFF_Warning TIFFReadDirectory: Unknown field with tag 50838 (0xc696) encountered
[ WARN:0@65.341] global grfmt_tiff.cpp:123 TIFF_Warning TIFFReadDirectory: Unknown field with tag 50839 (0xc697) encountered
[ WARN:0@65.342] global grfmt_tiff.cpp:123 TIFF_Warning TIFFReadDirectory: Unknown field with tag 50838 (0xc696) encountered
[ WARN:0@65.342] global grfmt_tiff.cpp:123 TIFF_Warning TIFFReadDirectory: Unknown field with tag 50839 (0xc697) encountered
[ WARN:0@65.345] global grfmt_tiff.cpp:123 TIFF_Warning TIFFReadDirectory: Unknown field with tag 50838 (0xc696) encountered
[ WARN:0@65.345] global grfmt_tiff.cpp:123 TIFF_Warning TIFFReadDirectory: Unknown field with tag 50839 (0xc697) encountered
[ WARN:0@65.348] global grfmt_tiff.cpp:123 TIFF_Warning TIFFReadDirectory: Unknown field with tag 50838 (0xc696) encountered
[ WARN:0@65.348] global grfmt_tiff.cpp:123 TIFF_Warning TIFFReadDirectory: Unknown field with tag 50839 (0xc697) encountered
[ WARN:0@65.349] global grfmt_tiff.cpp:123 TIFF_Warning TIFFReadDirectory: Unknown field with tag 50838 (0xc696) encountered
[ WARN:0@65.349] global grfmt_tiff.cpp:123 TIFF_Warning TIFFReadDirectory: Unknown field with tag 50839 (0xc697) encountered
[ WARN:0@65.351] global grfmt_tiff.cpp:123 TIFF_Warning TIFFReadDirectory: Unknown field with tag 50838 (0xc696) encountered
[ WARN:0@65.352] global grfmt_tiff.cpp:123 TIFF_Warning TIFFReadDirectory: Unknown field with tag 50839 (0xc697) encountered
[ WARN:0@65.353] global grfmt_tiff.cpp:123 TIFF_Warning TIFFReadDirectory: Unknown field with tag 50838 (0xc696) encountered
[ WARN:0@65.353] global grfmt_tiff.cpp:123 TIFF_Warning TIFFReadDirectory: Unknown field with tag 50839 (0xc697) encountered
[ WARN:0@65.354] global grfmt_tiff.cpp:123 TIFF_Warning TIFFReadDirectory: Unknown field with tag 50838 (0xc696) encountered
[ WARN:0@65.354] global grfmt_tiff.cpp:123 TIFF_Warning TIFFReadDirectory: Unknown field with tag 50839 (0xc697) encountered
[ WARN:0@65.357] global grfmt_tiff.cpp:123 TIFF_Warning TIFFReadDirectory: Unknown field with tag 50838 (0xc696) encountered
[ WARN:0@65.357] global grfmt_tiff.cpp:123 TIFF_Warning TIFFReadDirectory: Unknown field with tag 50839 (0xc697) encountered
[ WARN:0@65.358] global grfmt_tiff.cpp:123 TIFF_Warning TIFFReadDirectory: Unknown field with tag 50838 (0xc696) encountered
[ WARN:0@65.358] global grfmt_tiff.cpp:123 TIFF_Warning TIFFReadDirectory: Unknown field with tag 50839 (0xc697) encountered
[ WARN:0@65.361] global grfmt_tiff.cpp:123 TIFF_Warning TIFFReadDirectory: Unknown field with tag 50838 (0xc696) encountered
[ WARN:0@65.361] global grfmt_tiff.cpp:123 TIFF_Warning TIFFReadDirectory: Unknown field with tag 50839 (0xc697) encountered
[ WARN:0@65.362] global grfmt_tiff.cpp:123 TIFF_Warning TIFFReadDirectory: Unknown field with tag 50838 (0xc696) encountered
[ WARN:0@65.362] global grfmt_tiff.cpp:123 TIFF_Warning TIFFReadDirectory: Unknown field with tag 50839 (0xc697) encountered
[ WARN:0@65.365] global grfmt_tiff.cpp:123 TIFF_Warning TIFFReadDirectory: Unknown field with tag 50838 (0xc696) encountered
[ WARN:0@65.365] global grfmt_tiff.cpp:123 TIFF_Warning TIFFReadDirectory: Unknown field with tag 50839 (0xc697) encountered
[ WARN:0@65.367] global grfmt_tiff.cpp:123 TIFF_Warning TIFFReadDirectory: Unknown field with tag 50838 (0xc696) encountered
[ WARN:0@65.367] global grfmt_tiff.cpp:123 TIFF_Warning TIFFReadDirectory: Unknown field with tag 50839 (0xc697) encountered
[ WARN:0@65.369] global grfmt_tiff.cpp:123 TIFF_Warning TIFFReadDirectory: Unknown field with tag 50838 (0xc696) encountered
[ WARN:0@65.369] global grfmt_tiff.cpp:123 TIFF_Warning TIFFReadDirectory: Unknown field with tag 50839 (0xc697) encountered
[ WARN:0@65.370] global grfmt_tiff.cpp:123 TIFF_Warning TIFFReadDirectory: Unknown field with tag 50838 (0xc696) encountered
[ WARN:0@65.370] global grfmt_tiff.cpp:123 TIFF_Warning TIFFReadDirectory: Unknown field with tag 50839 (0xc697) encountered
[ WARN:0@65.372] global grfmt_tiff.cpp:123 TIFF_Warning TIFFReadDirectory: Unknown field with tag 50838 (0xc696) encountered
[ WARN:0@65.372] global grfmt_tiff.cpp:123 TIFF_Warning TIFFReadDirectory: Unknown field with tag 50839 (0xc697) encountered
[ WARN:0@65.373] global grfmt_tiff.cpp:123 TIFF_Warning TIFFReadDirectory: Unknown field with tag 50838 (0xc696) encountered
[ WARN:0@65.373] global grfmt_tiff.cpp:123 TIFF_Warning TIFFReadDirectory: Unknown field with tag 50839 (0xc697) encountered
[ WARN:0@65.374] global grfmt_tiff.cpp:123 TIFF_Warning TIFFReadDirectory: Unknown field with tag 50838 (0xc696) encountered
[ WARN:0@65.374] global grfmt_tiff.cpp:123 TIFF_Warning TIFFReadDirectory: Unknown field with tag 50839 (0xc697) encountered
[ WARN:0@65.377] global grfmt_tiff.cpp:123 TIFF_Warning TIFFReadDirectory: Unknown field with tag 50838 (0xc696) encountered
[ WARN:0@65.377] global grfmt_tiff.cpp:123 TIFF_Warning TIFFReadDirectory: Unknown field with tag 50839 (0xc697) encountered
[ WARN:0@65.378] global grfmt_tiff.cpp:123 TIFF_Warning TIFFReadDirectory: Unknown field with tag 50838 (0xc696) encountered
[ WARN:0@65.378] global grfmt_tiff.cpp:123 TIFF_Warning TIFFReadDirectory: Unknown field with tag 50839 (0xc697) encountered
[ WARN:0@65.379] global grfmt_tiff.cpp:123 TIFF_Warning TIFFReadDirectory: Unknown field with tag 50838 (0xc696) encountered
[ WARN:0@65.379] global grfmt_tiff.cpp:123 TIFF_Warning TIFFReadDirectory: Unknown field with tag 50839 (0xc697) encountered
[ WARN:0@65.380] global grfmt_tiff.cpp:123 TIFF_Warning TIFFReadDirectory: Unknown field with tag 50838 (0xc696) encountered
[ WARN:0@65.380] global grfmt_tiff.cpp:123 TIFF_Warning TIFFReadDirectory: Unknown field with tag 50839 (0xc697) encountered
[ WARN:0@65.382] global grfmt_tiff.cpp:123 TIFF_Warning TIFFReadDirectory: Unknown field with tag 50838 (0xc696) encountered
[ WARN:0@65.383] global grfmt_tiff.cpp:123 TIFF_Warning TIFFReadDirectory: Unknown field with tag 50839 (0xc697) encountered
[ WARN:0@65.384] global grfmt_tiff.cpp:123 TIFF_Warning TIFFReadDirectory: Unknown field with tag 50838 (0xc696) encountered
[ WARN:0@65.384] global grfmt_tiff.cpp:123 TIFF_Warning TIFFReadDirectory: Unknown field with tag 50839 (0xc697) encountered
[ WARN:0@65.386] global grfmt_tiff.cpp:123 TIFF_Warning TIFFReadDirectory: Unknown field with tag 50838 (0xc696) encountered
[ WARN:0@65.386] global grfmt_tiff.cpp:123 TIFF_Warning TIFFReadDirectory: Unknown field with tag 50839 (0xc697) encountered
[ WARN:0@65.387] global grfmt_tiff.cpp:123 TIFF_Warning TIFFReadDirectory: Unknown field with tag 50838 (0xc696) encountered
[ WARN:0@65.387] global grfmt_tiff.cpp:123 TIFF_Warning TIFFReadDirectory: Unknown field with tag 50839 (0xc697) encountered
[ WARN:0@65.390] global grfmt_tiff.cpp:123 TIFF_Warning TIFFReadDirectory: Unknown field with tag 50838 (0xc696) encountered
[ WARN:0@65.390] global grfmt_tiff.cpp:123 TIFF_Warning TIFFReadDirectory: Unknown field with tag 50839 (0xc697) encountered
[ WARN:0@65.393] global grfmt_tiff.cpp:123 TIFF_Warning TIFFReadDirectory: Unknown field with tag 50838 (0xc696) encountered
[ WARN:0@65.393] global grfmt_tiff.cpp:123 TIFF_Warning TIFFReadDirectory: Unknown field with tag 50839 (0xc697) encountered
[ WARN:0@65.394] global grfmt_tiff.cpp:123 TIFF_Warning TIFFReadDirectory: Unknown field with tag 50838 (0xc696) encountered
[ WARN:0@65.394] global grfmt_tiff.cpp:123 TIFF_Warning TIFFReadDirectory: Unknown field with tag 50839 (0xc697) encountered
[ WARN:0@65.397] global grfmt_tiff.cpp:123 TIFF_Warning TIFFReadDirectory: Unknown field with tag 50838 (0xc696) encountered
[ WARN:0@65.397] global grfmt_tiff.cpp:123 TIFF_Warning TIFFReadDirectory: Unknown field with tag 50839 (0xc697) encountered
[ WARN:0@65.398] global grfmt_tiff.cpp:123 TIFF_Warning TIFFReadDirectory: Unknown field with tag 50838 (0xc696) encountered
[ WARN:0@65.398] global grfmt_tiff.cpp:123 TIFF_Warning TIFFReadDirectory: Unknown field with tag 50839 (0xc697) encountered
[ WARN:0@65.399] global grfmt_tiff.cpp:123 TIFF_Warning TIFFReadDirectory: Unknown field with tag 50838 (0xc696) encountered
[ WARN:0@65.399] global grfmt_tiff.cpp:123 TIFF_Warning TIFFReadDirectory: Unknown field with tag 50839 (0xc697) encountered
[ WARN:0@65.403] global grfmt_tiff.cpp:123 TIFF_Warning TIFFReadDirectory: Unknown field with tag 50838 (0xc696) encountered
[ WARN:0@65.403] global grfmt_tiff.cpp:123 TIFF_Warning TIFFReadDirectory: Unknown field with tag 50839 (0xc697) encountered
[ WARN:0@65.404] global grfmt_tiff.cpp:123 TIFF_Warning TIFFReadDirectory: Unknown field with tag 50838 (0xc696) encountered
[ WARN:0@65.404] global grfmt_tiff.cpp:123 TIFF_Warning TIFFReadDirectory: Unknown field with tag 50839 (0xc697) encountered
[ WARN:0@65.406] global grfmt_tiff.cpp:123 TIFF_Warning TIFFReadDirectory: Unknown field with tag 50838 (0xc696) encountered
[ WARN:0@65.406] global grfmt_tiff.cpp:123 TIFF_Warning TIFFReadDirectory: Unknown field with tag 50839 (0xc697) encountered
[ WARN:0@65.407] global grfmt_tiff.cpp:123 TIFF_Warning TIFFReadDirectory: Unknown field with tag 50838 (0xc696) encountered
[ WARN:0@65.407] global grfmt_tiff.cpp:123 TIFF_Warning TIFFReadDirectory: Unknown field with tag 50839 (0xc697) encountered
[ WARN:0@65.410] global grfmt_tiff.cpp:123 TIFF_Warning TIFFReadDirectory: Unknown field with tag 50838 (0xc696) encountered
[ WARN:0@65.410] global grfmt_tiff.cpp:123 TIFF_Warning TIFFReadDirectory: Unknown field with tag 50839 (0xc697) encountered
[ WARN:0@65.412] global grfmt_tiff.cpp:123 TIFF_Warning TIFFReadDirectory: Unknown field with tag 50838 (0xc696) encountered
[ WARN:0@65.412] global grfmt_tiff.cpp:123 TIFF_Warning TIFFReadDirectory: Unknown field with tag 50839 (0xc697) encountered
[ WARN:0@65.415] global grfmt_tiff.cpp:123 TIFF_Warning TIFFReadDirectory: Unknown field with tag 50838 (0xc696) encountered
[ WARN:0@65.415] global grfmt_tiff.cpp:123 TIFF_Warning TIFFReadDirectory: Unknown field with tag 50839 (0xc697) encountered
[ WARN:0@65.416] global grfmt_tiff.cpp:123 TIFF_Warning TIFFReadDirectory: Unknown field with tag 50838 (0xc696) encountered
[ WARN:0@65.416] global grfmt_tiff.cpp:123 TIFF_Warning TIFFReadDirectory: Unknown field with tag 50839 (0xc697) encountered
[ WARN:0@65.417] global grfmt_tiff.cpp:123 TIFF_Warning TIFFReadDirectory: Unknown field with tag 50838 (0xc696) encountered
[ WARN:0@65.417] global grfmt_tiff.cpp:123 TIFF_Warning TIFFReadDirectory: Unknown field with tag 50839 (0xc697) encountered
[ WARN:0@65.419] global grfmt_tiff.cpp:123 TIFF_Warning TIFFReadDirectory: Unknown field with tag 50838 (0xc696) encountered
[ WARN:0@65.419] global grfmt_tiff.cpp:123 TIFF_Warning TIFFReadDirectory: Unknown field with tag 50839 (0xc697) encountered
[ WARN:0@65.419] global grfmt_tiff.cpp:123 TIFF_Warning TIFFReadDirectory: Unknown field with tag 50838 (0xc696) encountered
[ WARN:0@65.419] global grfmt_tiff.cpp:123 TIFF_Warning TIFFReadDirectory: Unknown field with tag 50839 (0xc697) encountered
[ WARN:0@66.643] global grfmt_tiff.cpp:123 TIFF_Warning TIFFReadDirectory: Unknown field with tag 50838 (0xc696) encountered
[ WARN:0@66.643] global grfmt_tiff.cpp:123 TIFF_Warning TIFFReadDirectory: Unknown field with tag 50839 (0xc697) encountered
[ WARN:0@66.645] global grfmt_tiff.cpp:123 TIFF_Warning TIFFReadDirectory: Unknown field with tag 50838 (0xc696) encountered
[ WARN:0@66.646] global grfmt_tiff.cpp:123 TIFF_Warning TIFFReadDirectory: Unknown field with tag 50839 (0xc697) encountered
[ WARN:0@66.647] global grfmt_tiff.cpp:123 TIFF_Warning TIFFReadDirectory: Unknown field with tag 50838 (0xc696) encountered
[ WARN:0@66.647] global grfmt_tiff.cpp:123 TIFF_Warning TIFFReadDirectory: Unknown field with tag 50839 (0xc697) encountered
[ WARN:0@66.648] global grfmt_tiff.cpp:123 TIFF_Warning TIFFReadDirectory: Unknown field with tag 50838 (0xc696) encountered
[ WARN:0@66.648] global grfmt_tiff.cpp:123 TIFF_Warning TIFFReadDirectory: Unknown field with tag 50839 (0xc697) encountered
[ WARN:0@66.652] global grfmt_tiff.cpp:123 TIFF_Warning TIFFReadDirectory: Unknown field with tag 50838 (0xc696) encountered
[ WARN:0@66.652] global grfmt_tiff.cpp:123 TIFF_Warning TIFFReadDirectory: Unknown field with tag 50839 (0xc697) encountered
[ WARN:0@66.654] global grfmt_tiff.cpp:123 TIFF_Warning TIFFReadDirectory: Unknown field with tag 50838 (0xc696) encountered
[ WARN:0@66.654] global grfmt_tiff.cpp:123 TIFF_Warning TIFFReadDirectory: Unknown field with tag 50839 (0xc697) encountered
[ WARN:0@66.657] global grfmt_tiff.cpp:123 TIFF_Warning TIFFReadDirectory: Unknown field with tag 50838 (0xc696) encountered
[ WARN:0@66.657] global grfmt_tiff.cpp:123 TIFF_Warning TIFFReadDirectory: Unknown field with tag 50839 (0xc697) encountered
[ WARN:0@66.658] global grfmt_tiff.cpp:123 TIFF_Warning TIFFReadDirectory: Unknown field with tag 50838 (0xc696) encountered
[ WARN:0@66.658] global grfmt_tiff.cpp:123 TIFF_Warning TIFFReadDirectory: Unknown field with tag 50839 (0xc697) encountered
[ WARN:0@66.661] global grfmt_tiff.cpp:123 TIFF_Warning TIFFReadDirectory: Unknown field with tag 50838 (0xc696) encountered
[ WARN:0@66.661] global grfmt_tiff.cpp:123 TIFF_Warning TIFFReadDirectory: Unknown field with tag 50839 (0xc697) encountered
[ WARN:0@66.665] global grfmt_tiff.cpp:123 TIFF_Warning TIFFReadDirectory: Unknown field with tag 50838 (0xc696) encountered
[ WARN:0@66.665] global grfmt_tiff.cpp:123 TIFF_Warning TIFFReadDirectory: Unknown field with tag 50839 (0xc697) encountered
[ WARN:0@66.666] global grfmt_tiff.cpp:123 TIFF_Warning TIFFReadDirectory: Unknown field with tag 50838 (0xc696) encountered
[ WARN:0@66.666] global grfmt_tiff.cpp:123 TIFF_Warning TIFFReadDirectory: Unknown field with tag 50839 (0xc697) encountered
[ WARN:0@66.668] global grfmt_tiff.cpp:123 TIFF_Warning TIFFReadDirectory: Unknown field with tag 50838 (0xc696) encountered
[ WARN:0@66.668] global grfmt_tiff.cpp:123 TIFF_Warning TIFFReadDirectory: Unknown field with tag 50839 (0xc697) encountered
[ WARN:0@66.669] global grfmt_tiff.cpp:123 TIFF_Warning TIFFReadDirectory: Unknown field with tag 50838 (0xc696) encountered
[ WARN:0@66.669] global grfmt_tiff.cpp:123 TIFF_Warning TIFFReadDirectory: Unknown field with tag 50839 (0xc697) encountered
[ WARN:0@66.670] global grfmt_tiff.cpp:123 TIFF_Warning TIFFReadDirectory: Unknown field with tag 50838 (0xc696) encountered
[ WARN:0@66.670] global grfmt_tiff.cpp:123 TIFF_Warning TIFFReadDirectory: Unknown field with tag 50839 (0xc697) encountered
[ WARN:0@66.674] global grfmt_tiff.cpp:123 TIFF_Warning TIFFReadDirectory: Unknown field with tag 50838 (0xc696) encountered
[ WARN:0@66.674] global grfmt_tiff.cpp:123 TIFF_Warning TIFFReadDirectory: Unknown field with tag 50839 (0xc697) encountered
[ WARN:0@66.675] global grfmt_tiff.cpp:123 TIFF_Warning TIFFReadDirectory: Unknown field with tag 50838 (0xc696) encountered
[ WARN:0@66.675] global grfmt_tiff.cpp:123 TIFF_Warning TIFFReadDirectory: Unknown field with tag 50839 (0xc697) encountered
[ WARN:0@66.677] global grfmt_tiff.cpp:123 TIFF_Warning TIFFReadDirectory: Unknown field with tag 50838 (0xc696) encountered
[ WARN:0@66.677] global grfmt_tiff.cpp:123 TIFF_Warning TIFFReadDirectory: Unknown field with tag 50839 (0xc697) encountered
[ WARN:0@66.678] global grfmt_tiff.cpp:123 TIFF_Warning TIFFReadDirectory: Unknown field with tag 50838 (0xc696) encountered
[ WARN:0@66.678] global grfmt_tiff.cpp:123 TIFF_Warning TIFFReadDirectory: Unknown field with tag 50839 (0xc697) encountered
[ WARN:0@66.682] global grfmt_tiff.cpp:123 TIFF_Warning TIFFReadDirectory: Unknown field with tag 50838 (0xc696) encountered
[ WARN:0@66.682] global grfmt_tiff.cpp:123 TIFF_Warning TIFFReadDirectory: Unknown field with tag 50839 (0xc697) encountered
[ WARN:0@66.684] global grfmt_tiff.cpp:123 TIFF_Warning TIFFReadDirectory: Unknown field with tag 50838 (0xc696) encountered
[ WARN:0@66.684] global grfmt_tiff.cpp:123 TIFF_Warning TIFFReadDirectory: Unknown field with tag 50839 (0xc697) encountered
[ WARN:0@66.686] global grfmt_tiff.cpp:123 TIFF_Warning TIFFReadDirectory: Unknown field with tag 50838 (0xc696) encountered
[ WARN:0@66.686] global grfmt_tiff.cpp:123 TIFF_Warning TIFFReadDirectory: Unknown field with tag 50839 (0xc697) encountered
[ WARN:0@66.687] global grfmt_tiff.cpp:123 TIFF_Warning TIFFReadDirectory: Unknown field with tag 50838 (0xc696) encountered
[ WARN:0@66.687] global grfmt_tiff.cpp:123 TIFF_Warning TIFFReadDirectory: Unknown field with tag 50839 (0xc697) encountered
[ WARN:0@66.689] global grfmt_tiff.cpp:123 TIFF_Warning TIFFReadDirectory: Unknown field with tag 50838 (0xc696) encountered
[ WARN:0@66.689] global grfmt_tiff.cpp:123 TIFF_Warning TIFFReadDirectory: Unknown field with tag 50839 (0xc697) encountered
[ WARN:0@66.690] global grfmt_tiff.cpp:123 TIFF_Warning TIFFReadDirectory: Unknown field with tag 50838 (0xc696) encountered
[ WARN:0@66.690] global grfmt_tiff.cpp:123 TIFF_Warning TIFFReadDirectory: Unknown field with tag 50839 (0xc697) encountered
[ WARN:0@66.691] global grfmt_tiff.cpp:123 TIFF_Warning TIFFReadDirectory: Unknown field with tag 50838 (0xc696) encountered
[ WARN:0@66.691] global grfmt_tiff.cpp:123 TIFF_Warning TIFFReadDirectory: Unknown field with tag 50839 (0xc697) encountered
[ WARN:0@67.398] global grfmt_tiff.cpp:123 TIFF_Warning TIFFReadDirectory: Unknown field with tag 50838 (0xc696) encountered
[ WARN:0@67.398] global grfmt_tiff.cpp:123 TIFF_Warning TIFFReadDirectory: Unknown field with tag 50839 (0xc697) encountered
[ WARN:0@67.550] global grfmt_tiff.cpp:123 TIFF_Warning TIFFReadDirectory: Unknown field with tag 50838 (0xc696) encountered
[ WARN:0@67.550] global grfmt_tiff.cpp:123 TIFF_Warning TIFFReadDirectory: Unknown field with tag 50839 (0xc697) encountered
[ WARN:0@67.552] global grfmt_tiff.cpp:123 TIFF_Warning TIFFReadDirectory: Unknown field with tag 50838 (0xc696) encountered
[ WARN:0@67.552] global grfmt_tiff.cpp:123 TIFF_Warning TIFFReadDirectory: Unknown field with tag 50839 (0xc697) encountered
[ WARN:0@67.553] global grfmt_tiff.cpp:123 TIFF_Warning TIFFReadDirectory: Unknown field with tag 50838 (0xc696) encountered
[ WARN:0@67.553] global grfmt_tiff.cpp:123 TIFF_Warning TIFFReadDirectory: Unknown field with tag 50839 (0xc697) encountered
[ WARN:0@67.554] global grfmt_tiff.cpp:123 TIFF_Warning TIFFReadDirectory: Unknown field with tag 50838 (0xc696) encountered
[ WARN:0@67.554] global grfmt_tiff.cpp:123 TIFF_Warning TIFFReadDirectory: Unknown field with tag 50839 (0xc697) encountered
[ WARN:0@67.557] global grfmt_tiff.cpp:123 TIFF_Warning TIFFReadDirectory: Unknown field with tag 50838 (0xc696) encountered
[ WARN:0@67.557] global grfmt_tiff.cpp:123 TIFF_Warning TIFFReadDirectory: Unknown field with tag 50839 (0xc697) encountered
[ WARN:0@67.558] global grfmt_tiff.cpp:123 TIFF_Warning TIFFReadDirectory: Unknown field with tag 50838 (0xc696) encountered
[ WARN:0@67.558] global grfmt_tiff.cpp:123 TIFF_Warning TIFFReadDirectory: Unknown field with tag 50839 (0xc697) encountered
[ WARN:0@67.560] global grfmt_tiff.cpp:123 TIFF_Warning TIFFReadDirectory: Unknown field with tag 50838 (0xc696) encountered
[ WARN:0@67.560] global grfmt_tiff.cpp:123 TIFF_Warning TIFFReadDirectory: Unknown field with tag 50839 (0xc697) encountered
[ WARN:0@67.561] global grfmt_tiff.cpp:123 TIFF_Warning TIFFReadDirectory: Unknown field with tag 50838 (0xc696) encountered
[ WARN:0@67.561] global grfmt_tiff.cpp:123 TIFF_Warning TIFFReadDirectory: Unknown field with tag 50839 (0xc697) encountered
[ WARN:0@67.564] global grfmt_tiff.cpp:123 TIFF_Warning TIFFReadDirectory: Unknown field with tag 50838 (0xc696) encountered
[ WARN:0@67.564] global grfmt_tiff.cpp:123 TIFF_Warning TIFFReadDirectory: Unknown field with tag 50839 (0xc697) encountered
[ WARN:0@67.567] global grfmt_tiff.cpp:123 TIFF_Warning TIFFReadDirectory: Unknown field with tag 50838 (0xc696) encountered
[ WARN:0@67.567] global grfmt_tiff.cpp:123 TIFF_Warning TIFFReadDirectory: Unknown field with tag 50839 (0xc697) encountered
[ WARN:0@67.568] global grfmt_tiff.cpp:123 TIFF_Warning TIFFReadDirectory: Unknown field with tag 50838 (0xc696) encountered
[ WARN:0@67.568] global grfmt_tiff.cpp:123 TIFF_Warning TIFFReadDirectory: Unknown field with tag 50839 (0xc697) encountered
[ WARN:0@67.571] global grfmt_tiff.cpp:123 TIFF_Warning TIFFReadDirectory: Unknown field with tag 50838 (0xc696) encountered
[ WARN:0@67.571] global grfmt_tiff.cpp:123 TIFF_Warning TIFFReadDirectory: Unknown field with tag 50839 (0xc697) encountered
[ WARN:0@67.572] global grfmt_tiff.cpp:123 TIFF_Warning TIFFReadDirectory: Unknown field with tag 50838 (0xc696) encountered
[ WARN:0@67.572] global grfmt_tiff.cpp:123 TIFF_Warning TIFFReadDirectory: Unknown field with tag 50839 (0xc697) encountered
[ WARN:0@67.573] global grfmt_tiff.cpp:123 TIFF_Warning TIFFReadDirectory: Unknown field with tag 50838 (0xc696) encountered
[ WARN:0@67.573] global grfmt_tiff.cpp:123 TIFF_Warning TIFFReadDirectory: Unknown field with tag 50839 (0xc697) encountered
[ WARN:0@67.576] global grfmt_tiff.cpp:123 TIFF_Warning TIFFReadDirectory: Unknown field with tag 50838 (0xc696) encountered
[ WARN:0@67.576] global grfmt_tiff.cpp:123 TIFF_Warning TIFFReadDirectory: Unknown field with tag 50839 (0xc697) encountered
[ WARN:0@67.577] global grfmt_tiff.cpp:123 TIFF_Warning TIFFReadDirectory: Unknown field with tag 50838 (0xc696) encountered
[ WARN:0@67.577] global grfmt_tiff.cpp:123 TIFF_Warning TIFFReadDirectory: Unknown field with tag 50839 (0xc697) encountered
[ WARN:0@67.580] global grfmt_tiff.cpp:123 TIFF_Warning TIFFReadDirectory: Unknown field with tag 50838 (0xc696) encountered
[ WARN:0@67.580] global grfmt_tiff.cpp:123 TIFF_Warning TIFFReadDirectory: Unknown field with tag 50839 (0xc697) encountered
[ WARN:0@67.581] global grfmt_tiff.cpp:123 TIFF_Warning TIFFReadDirectory: Unknown field with tag 50838 (0xc696) encountered
[ WARN:0@67.581] global grfmt_tiff.cpp:123 TIFF_Warning TIFFReadDirectory: Unknown field with tag 50839 (0xc697) encountered
[ WARN:0@67.584] global grfmt_tiff.cpp:123 TIFF_Warning TIFFReadDirectory: Unknown field with tag 50838 (0xc696) encountered
[ WARN:0@67.584] global grfmt_tiff.cpp:123 TIFF_Warning TIFFReadDirectory: Unknown field with tag 50839 (0xc697) encountered
[ WARN:0@67.586] global grfmt_tiff.cpp:123 TIFF_Warning TIFFReadDirectory: Unknown field with tag 50838 (0xc696) encountered
[ WARN:0@67.586] global grfmt_tiff.cpp:123 TIFF_Warning TIFFReadDirectory: Unknown field with tag 50839 (0xc697) encountered
[ WARN:0@67.588] global grfmt_tiff.cpp:123 TIFF_Warning TIFFReadDirectory: Unknown field with tag 50838 (0xc696) encountered
[ WARN:0@67.588] global grfmt_tiff.cpp:123 TIFF_Warning TIFFReadDirectory: Unknown field with tag 50839 (0xc697) encountered
[ WARN:0@67.589] global grfmt_tiff.cpp:123 TIFF_Warning TIFFReadDirectory: Unknown field with tag 50838 (0xc696) encountered
[ WARN:0@67.589] global grfmt_tiff.cpp:123 TIFF_Warning TIFFReadDirectory: Unknown field with tag 50839 (0xc697) encountered
[ WARN:0@67.591] global grfmt_tiff.cpp:123 TIFF_Warning TIFFReadDirectory: Unknown field with tag 50838 (0xc696) encountered
[ WARN:0@67.591] global grfmt_tiff.cpp:123 TIFF_Warning TIFFReadDirectory: Unknown field with tag 50839 (0xc697) encountered
[ WARN:0@67.593] global grfmt_tiff.cpp:123 TIFF_Warning TIFFReadDirectory: Unknown field with tag 50838 (0xc696) encountered
[ WARN:0@67.593] global grfmt_tiff.cpp:123 TIFF_Warning TIFFReadDirectory: Unknown field with tag 50839 (0xc697) encountered
[ WARN:0@67.594] global grfmt_tiff.cpp:123 TIFF_Warning TIFFReadDirectory: Unknown field with tag 50838 (0xc696) encountered
[ WARN:0@67.594] global grfmt_tiff.cpp:123 TIFF_Warning TIFFReadDirectory: Unknown field with tag 50839 (0xc697) encountered
[ WARN:0@67.596] global grfmt_tiff.cpp:123 TIFF_Warning TIFFReadDirectory: Unknown field with tag 50838 (0xc696) encountered
[ WARN:0@67.596] global grfmt_tiff.cpp:123 TIFF_Warning TIFFReadDirectory: Unknown field with tag 50839 (0xc697) encountered
[ WARN:0@67.597] global grfmt_tiff.cpp:123 TIFF_Warning TIFFReadDirectory: Unknown field with tag 50838 (0xc696) encountered
[ WARN:0@67.597] global grfmt_tiff.cpp:123 TIFF_Warning TIFFReadDirectory: Unknown field with tag 50839 (0xc697) encountered
[ WARN:0@67.599] global grfmt_tiff.cpp:123 TIFF_Warning TIFFReadDirectory: Unknown field with tag 50838 (0xc696) encountered
[ WARN:0@67.599] global grfmt_tiff.cpp:123 TIFF_Warning TIFFReadDirectory: Unknown field with tag 50839 (0xc697) encountered
[ WARN:0@67.600] global grfmt_tiff.cpp:123 TIFF_Warning TIFFReadDirectory: Unknown field with tag 50838 (0xc696) encountered
[ WARN:0@67.600] global grfmt_tiff.cpp:123 TIFF_Warning TIFFReadDirectory: Unknown field with tag 50839 (0xc697) encountered
[ WARN:0@67.602] global grfmt_tiff.cpp:123 TIFF_Warning TIFFReadDirectory: Unknown field with tag 50838 (0xc696) encountered
[ WARN:0@67.602] global grfmt_tiff.cpp:123 TIFF_Warning TIFFReadDirectory: Unknown field with tag 50839 (0xc697) encountered
[ WARN:0@67.603] global grfmt_tiff.cpp:123 TIFF_Warning TIFFReadDirectory: Unknown field with tag 50838 (0xc696) encountered
[ WARN:0@67.603] global grfmt_tiff.cpp:123 TIFF_Warning TIFFReadDirectory: Unknown field with tag 50839 (0xc697) encountered
[ WARN:0@67.605] global grfmt_tiff.cpp:123 TIFF_Warning TIFFReadDirectory: Unknown field with tag 50838 (0xc696) encountered
[ WARN:0@67.605] global grfmt_tiff.cpp:123 TIFF_Warning TIFFReadDirectory: Unknown field with tag 50839 (0xc697) encountered
[ WARN:0@67.606] global grfmt_tiff.cpp:123 TIFF_Warning TIFFReadDirectory: Unknown field with tag 50838 (0xc696) encountered
[ WARN:0@67.606] global grfmt_tiff.cpp:123 TIFF_Warning TIFFReadDirectory: Unknown field with tag 50839 (0xc697) encountered
[ WARN:0@67.609] global grfmt_tiff.cpp:123 TIFF_Warning TIFFReadDirectory: Unknown field with tag 50838 (0xc696) encountered
[ WARN:0@67.609] global grfmt_tiff.cpp:123 TIFF_Warning TIFFReadDirectory: Unknown field with tag 50839 (0xc697) encountered
[ WARN:0@67.612] global grfmt_tiff.cpp:123 TIFF_Warning TIFFReadDirectory: Unknown field with tag 50838 (0xc696) encountered
[ WARN:0@67.612] global grfmt_tiff.cpp:123 TIFF_Warning TIFFReadDirectory: Unknown field with tag 50839 (0xc697) encountered
[ WARN:0@67.613] global grfmt_tiff.cpp:123 TIFF_Warning TIFFReadDirectory: Unknown field with tag 50838 (0xc696) encountered
[ WARN:0@67.613] global grfmt_tiff.cpp:123 TIFF_Warning TIFFReadDirectory: Unknown field with tag 50839 (0xc697) encountered
[ WARN:0@67.615] global grfmt_tiff.cpp:123 TIFF_Warning TIFFReadDirectory: Unknown field with tag 50838 (0xc696) encountered
[ WARN:0@67.615] global grfmt_tiff.cpp:123 TIFF_Warning TIFFReadDirectory: Unknown field with tag 50839 (0xc697) encountered
[ WARN:0@67.616] global grfmt_tiff.cpp:123 TIFF_Warning TIFFReadDirectory: Unknown field with tag 50838 (0xc696) encountered
[ WARN:0@67.616] global grfmt_tiff.cpp:123 TIFF_Warning TIFFReadDirectory: Unknown field with tag 50839 (0xc697) encountered
[ WARN:0@67.617] global grfmt_tiff.cpp:123 TIFF_Warning TIFFReadDirectory: Unknown field with tag 50838 (0xc696) encountered
[ WARN:0@67.617] global grfmt_tiff.cpp:123 TIFF_Warning TIFFReadDirectory: Unknown field with tag 50839 (0xc697) encountered
[ WARN:0@67.621] global grfmt_tiff.cpp:123 TIFF_Warning TIFFReadDirectory: Unknown field with tag 50838 (0xc696) encountered
[ WARN:0@67.621] global grfmt_tiff.cpp:123 TIFF_Warning TIFFReadDirectory: Unknown field with tag 50839 (0xc697) encountered
[ WARN:0@67.622] global grfmt_tiff.cpp:123 TIFF_Warning TIFFReadDirectory: Unknown field with tag 50838 (0xc696) encountered
[ WARN:0@67.622] global grfmt_tiff.cpp:123 TIFF_Warning TIFFReadDirectory: Unknown field with tag 50839 (0xc697) encountered
[ WARN:0@67.624] global grfmt_tiff.cpp:123 TIFF_Warning TIFFReadDirectory: Unknown field with tag 50838 (0xc696) encountered
[ WARN:0@67.624] global grfmt_tiff.cpp:123 TIFF_Warning TIFFReadDirectory: Unknown field with tag 50839 (0xc697) encountered
[ WARN:0@67.625] global grfmt_tiff.cpp:123 TIFF_Warning TIFFReadDirectory: Unknown field with tag 50838 (0xc696) encountered
[ WARN:0@67.625] global grfmt_tiff.cpp:123 TIFF_Warning TIFFReadDirectory: Unknown field with tag 50839 (0xc697) encountered
[ WARN:0@67.629] global grfmt_tiff.cpp:123 TIFF_Warning TIFFReadDirectory: Unknown field with tag 50838 (0xc696) encountered
[ WARN:0@67.629] global grfmt_tiff.cpp:123 TIFF_Warning TIFFReadDirectory: Unknown field with tag 50839 (0xc697) encountered
[ WARN:0@67.631] global grfmt_tiff.cpp:123 TIFF_Warning TIFFReadDirectory: Unknown field with tag 50838 (0xc696) encountered
[ WARN:0@67.631] global grfmt_tiff.cpp:123 TIFF_Warning TIFFReadDirectory: Unknown field with tag 50839 (0xc697) encountered
[ WARN:0@67.633] global grfmt_tiff.cpp:123 TIFF_Warning TIFFReadDirectory: Unknown field with tag 50838 (0xc696) encountered
[ WARN:0@67.633] global grfmt_tiff.cpp:123 TIFF_Warning TIFFReadDirectory: Unknown field with tag 50839 (0xc697) encountered
[ WARN:0@67.634] global grfmt_tiff.cpp:123 TIFF_Warning TIFFReadDirectory: Unknown field with tag 50838 (0xc696) encountered
[ WARN:0@67.634] global grfmt_tiff.cpp:123 TIFF_Warning TIFFReadDirectory: Unknown field with tag 50839 (0xc697) encountered
[ WARN:0@67.636] global grfmt_tiff.cpp:123 TIFF_Warning TIFFReadDirectory: Unknown field with tag 50838 (0xc696) encountered
[ WARN:0@67.636] global grfmt_tiff.cpp:123 TIFF_Warning TIFFReadDirectory: Unknown field with tag 50839 (0xc697) encountered
[ WARN:0@67.637] global grfmt_tiff.cpp:123 TIFF_Warning TIFFReadDirectory: Unknown field with tag 50838 (0xc696) encountered
[ WARN:0@67.637] global grfmt_tiff.cpp:123 TIFF_Warning TIFFReadDirectory: Unknown field with tag 50839 (0xc697) encountered
[ WARN:0@67.638] global grfmt_tiff.cpp:123 TIFF_Warning TIFFReadDirectory: Unknown field with tag 50838 (0xc696) encountered
[ WARN:0@67.638] global grfmt_tiff.cpp:123 TIFF_Warning TIFFReadDirectory: Unknown field with tag 50839 (0xc697) encountered
[ WARN:0@68.278] global grfmt_tiff.cpp:123 TIFF_Warning TIFFReadDirectory: Unknown field with tag 50838 (0xc696) encountered
[ WARN:0@68.278] global grfmt_tiff.cpp:123 TIFF_Warning TIFFReadDirectory: Unknown field with tag 50839 (0xc697) encountered
[ WARN:0@68.432] global grfmt_tiff.cpp:123 TIFF_Warning TIFFReadDirectory: Unknown field with tag 50838 (0xc696) encountered
[ WARN:0@68.432] global grfmt_tiff.cpp:123 TIFF_Warning TIFFReadDirectory: Unknown field with tag 50839 (0xc697) encountered
[ WARN:0@68.434] global grfmt_tiff.cpp:123 TIFF_Warning TIFFReadDirectory: Unknown field with tag 50838 (0xc696) encountered
[ WARN:0@68.434] global grfmt_tiff.cpp:123 TIFF_Warning TIFFReadDirectory: Unknown field with tag 50839 (0xc697) encountered
[ WARN:0@68.435] global grfmt_tiff.cpp:123 TIFF_Warning TIFFReadDirectory: Unknown field with tag 50838 (0xc696) encountered
[ WARN:0@68.435] global grfmt_tiff.cpp:123 TIFF_Warning TIFFReadDirectory: Unknown field with tag 50839 (0xc697) encountered
[ WARN:0@68.436] global grfmt_tiff.cpp:123 TIFF_Warning TIFFReadDirectory: Unknown field with tag 50838 (0xc696) encountered
[ WARN:0@68.436] global grfmt_tiff.cpp:123 TIFF_Warning TIFFReadDirectory: Unknown field with tag 50839 (0xc697) encountered
[ WARN:0@68.439] global grfmt_tiff.cpp:123 TIFF_Warning TIFFReadDirectory: Unknown field with tag 50838 (0xc696) encountered
[ WARN:0@68.439] global grfmt_tiff.cpp:123 TIFF_Warning TIFFReadDirectory: Unknown field with tag 50839 (0xc697) encountered
[ WARN:0@68.441] global grfmt_tiff.cpp:123 TIFF_Warning TIFFReadDirectory: Unknown field with tag 50838 (0xc696) encountered
[ WARN:0@68.441] global grfmt_tiff.cpp:123 TIFF_Warning TIFFReadDirectory: Unknown field with tag 50839 (0xc697) encountered
[ WARN:0@68.443] global grfmt_tiff.cpp:123 TIFF_Warning TIFFReadDirectory: Unknown field with tag 50838 (0xc696) encountered
[ WARN:0@68.443] global grfmt_tiff.cpp:123 TIFF_Warning TIFFReadDirectory: Unknown field with tag 50839 (0xc697) encountered
[ WARN:0@68.445] global grfmt_tiff.cpp:123 TIFF_Warning TIFFReadDirectory: Unknown field with tag 50838 (0xc696) encountered
[ WARN:0@68.445] global grfmt_tiff.cpp:123 TIFF_Warning TIFFReadDirectory: Unknown field with tag 50839 (0xc697) encountered
[ WARN:0@68.447] global grfmt_tiff.cpp:123 TIFF_Warning TIFFReadDirectory: Unknown field with tag 50838 (0xc696) encountered
[ WARN:0@68.448] global grfmt_tiff.cpp:123 TIFF_Warning TIFFReadDirectory: Unknown field with tag 50839 (0xc697) encountered
[ WARN:0@68.451] global grfmt_tiff.cpp:123 TIFF_Warning TIFFReadDirectory: Unknown field with tag 50838 (0xc696) encountered
[ WARN:0@68.451] global grfmt_tiff.cpp:123 TIFF_Warning TIFFReadDirectory: Unknown field with tag 50839 (0xc697) encountered
[ WARN:0@68.452] global grfmt_tiff.cpp:123 TIFF_Warning TIFFReadDirectory: Unknown field with tag 50838 (0xc696) encountered
[ WARN:0@68.452] global grfmt_tiff.cpp:123 TIFF_Warning TIFFReadDirectory: Unknown field with tag 50839 (0xc697) encountered
[ WARN:0@68.454] global grfmt_tiff.cpp:123 TIFF_Warning TIFFReadDirectory: Unknown field with tag 50838 (0xc696) encountered
[ WARN:0@68.454] global grfmt_tiff.cpp:123 TIFF_Warning TIFFReadDirectory: Unknown field with tag 50839 (0xc697) encountered
[ WARN:0@68.456] global grfmt_tiff.cpp:123 TIFF_Warning TIFFReadDirectory: Unknown field with tag 50838 (0xc696) encountered
[ WARN:0@68.456] global grfmt_tiff.cpp:123 TIFF_Warning TIFFReadDirectory: Unknown field with tag 50839 (0xc697) encountered
[ WARN:0@68.457] global grfmt_tiff.cpp:123 TIFF_Warning TIFFReadDirectory: Unknown field with tag 50838 (0xc696) encountered
[ WARN:0@68.457] global grfmt_tiff.cpp:123 TIFF_Warning TIFFReadDirectory: Unknown field with tag 50839 (0xc697) encountered
[ WARN:0@68.460] global grfmt_tiff.cpp:123 TIFF_Warning TIFFReadDirectory: Unknown field with tag 50838 (0xc696) encountered
[ WARN:0@68.460] global grfmt_tiff.cpp:123 TIFF_Warning TIFFReadDirectory: Unknown field with tag 50839 (0xc697) encountered
[ WARN:0@68.461] global grfmt_tiff.cpp:123 TIFF_Warning TIFFReadDirectory: Unknown field with tag 50838 (0xc696) encountered
[ WARN:0@68.461] global grfmt_tiff.cpp:123 TIFF_Warning TIFFReadDirectory: Unknown field with tag 50839 (0xc697) encountered
[ WARN:0@68.464] global grfmt_tiff.cpp:123 TIFF_Warning TIFFReadDirectory: Unknown field with tag 50838 (0xc696) encountered
[ WARN:0@68.464] global grfmt_tiff.cpp:123 TIFF_Warning TIFFReadDirectory: Unknown field with tag 50839 (0xc697) encountered
[ WARN:0@68.465] global grfmt_tiff.cpp:123 TIFF_Warning TIFFReadDirectory: Unknown field with tag 50838 (0xc696) encountered
[ WARN:0@68.465] global grfmt_tiff.cpp:123 TIFF_Warning TIFFReadDirectory: Unknown field with tag 50839 (0xc697) encountered
[ WARN:0@68.468] global grfmt_tiff.cpp:123 TIFF_Warning TIFFReadDirectory: Unknown field with tag 50838 (0xc696) encountered
[ WARN:0@68.468] global grfmt_tiff.cpp:123 TIFF_Warning TIFFReadDirectory: Unknown field with tag 50839 (0xc697) encountered
[ WARN:0@68.470] global grfmt_tiff.cpp:123 TIFF_Warning TIFFReadDirectory: Unknown field with tag 50838 (0xc696) encountered
[ WARN:0@68.470] global grfmt_tiff.cpp:123 TIFF_Warning TIFFReadDirectory: Unknown field with tag 50839 (0xc697) encountered
[ WARN:0@68.472] global grfmt_tiff.cpp:123 TIFF_Warning TIFFReadDirectory: Unknown field with tag 50838 (0xc696) encountered
[ WARN:0@68.472] global grfmt_tiff.cpp:123 TIFF_Warning TIFFReadDirectory: Unknown field with tag 50839 (0xc697) encountered
[ WARN:0@68.473] global grfmt_tiff.cpp:123 TIFF_Warning TIFFReadDirectory: Unknown field with tag 50838 (0xc696) encountered
[ WARN:0@68.473] global grfmt_tiff.cpp:123 TIFF_Warning TIFFReadDirectory: Unknown field with tag 50839 (0xc697) encountered
[ WARN:0@68.476] global grfmt_tiff.cpp:123 TIFF_Warning TIFFReadDirectory: Unknown field with tag 50838 (0xc696) encountered
[ WARN:0@68.476] global grfmt_tiff.cpp:123 TIFF_Warning TIFFReadDirectory: Unknown field with tag 50839 (0xc697) encountered
[ WARN:0@68.477] global grfmt_tiff.cpp:123 TIFF_Warning TIFFReadDirectory: Unknown field with tag 50838 (0xc696) encountered
[ WARN:0@68.477] global grfmt_tiff.cpp:123 TIFF_Warning TIFFReadDirectory: Unknown field with tag 50839 (0xc697) encountered
[ WARN:0@68.478] global grfmt_tiff.cpp:123 TIFF_Warning TIFFReadDirectory: Unknown field with tag 50838 (0xc696) encountered
[ WARN:0@68.478] global grfmt_tiff.cpp:123 TIFF_Warning TIFFReadDirectory: Unknown field with tag 50839 (0xc697) encountered
[ WARN:0@68.481] global grfmt_tiff.cpp:123 TIFF_Warning TIFFReadDirectory: Unknown field with tag 50838 (0xc696) encountered
[ WARN:0@68.481] global grfmt_tiff.cpp:123 TIFF_Warning TIFFReadDirectory: Unknown field with tag 50839 (0xc697) encountered
[ WARN:0@68.482] global grfmt_tiff.cpp:123 TIFF_Warning TIFFReadDirectory: Unknown field with tag 50838 (0xc696) encountered
[ WARN:0@68.482] global grfmt_tiff.cpp:123 TIFF_Warning TIFFReadDirectory: Unknown field with tag 50839 (0xc697) encountered
[ WARN:0@68.483] global grfmt_tiff.cpp:123 TIFF_Warning TIFFReadDirectory: Unknown field with tag 50838 (0xc696) encountered
[ WARN:0@68.483] global grfmt_tiff.cpp:123 TIFF_Warning TIFFReadDirectory: Unknown field with tag 50839 (0xc697) encountered
[ WARN:0@68.484] global grfmt_tiff.cpp:123 TIFF_Warning TIFFReadDirectory: Unknown field with tag 50838 (0xc696) encountered
[ WARN:0@68.484] global grfmt_tiff.cpp:123 TIFF_Warning TIFFReadDirectory: Unknown field with tag 50839 (0xc697) encountered
[ WARN:0@68.486] global grfmt_tiff.cpp:123 TIFF_Warning TIFFReadDirectory: Unknown field with tag 50838 (0xc696) encountered
[ WARN:0@68.486] global grfmt_tiff.cpp:123 TIFF_Warning TIFFReadDirectory: Unknown field with tag 50839 (0xc697) encountered
[ WARN:0@68.488] global grfmt_tiff.cpp:123 TIFF_Warning TIFFReadDirectory: Unknown field with tag 50838 (0xc696) encountered
[ WARN:0@68.488] global grfmt_tiff.cpp:123 TIFF_Warning TIFFReadDirectory: Unknown field with tag 50839 (0xc697) encountered
[ WARN:0@68.490] global grfmt_tiff.cpp:123 TIFF_Warning TIFFReadDirectory: Unknown field with tag 50838 (0xc696) encountered
[ WARN:0@68.490] global grfmt_tiff.cpp:123 TIFF_Warning TIFFReadDirectory: Unknown field with tag 50839 (0xc697) encountered
[ WARN:0@68.491] global grfmt_tiff.cpp:123 TIFF_Warning TIFFReadDirectory: Unknown field with tag 50838 (0xc696) encountered
[ WARN:0@68.491] global grfmt_tiff.cpp:123 TIFF_Warning TIFFReadDirectory: Unknown field with tag 50839 (0xc697) encountered
[ WARN:0@68.494] global grfmt_tiff.cpp:123 TIFF_Warning TIFFReadDirectory: Unknown field with tag 50838 (0xc696) encountered
[ WARN:0@68.494] global grfmt_tiff.cpp:123 TIFF_Warning TIFFReadDirectory: Unknown field with tag 50839 (0xc697) encountered
[ WARN:0@68.497] global grfmt_tiff.cpp:123 TIFF_Warning TIFFReadDirectory: Unknown field with tag 50838 (0xc696) encountered
[ WARN:0@68.497] global grfmt_tiff.cpp:123 TIFF_Warning TIFFReadDirectory: Unknown field with tag 50839 (0xc697) encountered
[ WARN:0@68.498] global grfmt_tiff.cpp:123 TIFF_Warning TIFFReadDirectory: Unknown field with tag 50838 (0xc696) encountered
[ WARN:0@68.498] global grfmt_tiff.cpp:123 TIFF_Warning TIFFReadDirectory: Unknown field with tag 50839 (0xc697) encountered
[ WARN:0@68.500] global grfmt_tiff.cpp:123 TIFF_Warning TIFFReadDirectory: Unknown field with tag 50838 (0xc696) encountered
[ WARN:0@68.500] global grfmt_tiff.cpp:123 TIFF_Warning TIFFReadDirectory: Unknown field with tag 50839 (0xc697) encountered
[ WARN:0@68.502] global grfmt_tiff.cpp:123 TIFF_Warning TIFFReadDirectory: Unknown field with tag 50838 (0xc696) encountered
[ WARN:0@68.502] global grfmt_tiff.cpp:123 TIFF_Warning TIFFReadDirectory: Unknown field with tag 50839 (0xc697) encountered
[ WARN:0@68.503] global grfmt_tiff.cpp:123 TIFF_Warning TIFFReadDirectory: Unknown field with tag 50838 (0xc696) encountered
[ WARN:0@68.503] global grfmt_tiff.cpp:123 TIFF_Warning TIFFReadDirectory: Unknown field with tag 50839 (0xc697) encountered
[ WARN:0@68.506] global grfmt_tiff.cpp:123 TIFF_Warning TIFFReadDirectory: Unknown field with tag 50838 (0xc696) encountered
[ WARN:0@68.506] global grfmt_tiff.cpp:123 TIFF_Warning TIFFReadDirectory: Unknown field with tag 50839 (0xc697) encountered
[ WARN:0@68.508] global grfmt_tiff.cpp:123 TIFF_Warning TIFFReadDirectory: Unknown field with tag 50838 (0xc696) encountered
[ WARN:0@68.508] global grfmt_tiff.cpp:123 TIFF_Warning TIFFReadDirectory: Unknown field with tag 50839 (0xc697) encountered
[ WARN:0@68.510] global grfmt_tiff.cpp:123 TIFF_Warning TIFFReadDirectory: Unknown field with tag 50838 (0xc696) encountered
[ WARN:0@68.510] global grfmt_tiff.cpp:123 TIFF_Warning TIFFReadDirectory: Unknown field with tag 50839 (0xc697) encountered
[ WARN:0@68.511] global grfmt_tiff.cpp:123 TIFF_Warning TIFFReadDirectory: Unknown field with tag 50838 (0xc696) encountered
[ WARN:0@68.511] global grfmt_tiff.cpp:123 TIFF_Warning TIFFReadDirectory: Unknown field with tag 50839 (0xc697) encountered
[ WARN:0@68.514] global grfmt_tiff.cpp:123 TIFF_Warning TIFFReadDirectory: Unknown field with tag 50838 (0xc696) encountered
[ WARN:0@68.514] global grfmt_tiff.cpp:123 TIFF_Warning TIFFReadDirectory: Unknown field with tag 50839 (0xc697) encountered
[ WARN:0@68.516] global grfmt_tiff.cpp:123 TIFF_Warning TIFFReadDirectory: Unknown field with tag 50838 (0xc696) encountered
[ WARN:0@68.516] global grfmt_tiff.cpp:123 TIFF_Warning TIFFReadDirectory: Unknown field with tag 50839 (0xc697) encountered
[ WARN:0@68.518] global grfmt_tiff.cpp:123 TIFF_Warning TIFFReadDirectory: Unknown field with tag 50838 (0xc696) encountered
[ WARN:0@68.518] global grfmt_tiff.cpp:123 TIFF_Warning TIFFReadDirectory: Unknown field with tag 50839 (0xc697) encountered
[ WARN:0@68.519] global grfmt_tiff.cpp:123 TIFF_Warning TIFFReadDirectory: Unknown field with tag 50838 (0xc696) encountered
[ WARN:0@68.519] global grfmt_tiff.cpp:123 TIFF_Warning TIFFReadDirectory: Unknown field with tag 50839 (0xc697) encountered
[ WARN:0@68.521] global grfmt_tiff.cpp:123 TIFF_Warning TIFFReadDirectory: Unknown field with tag 50838 (0xc696) encountered
[ WARN:0@68.521] global grfmt_tiff.cpp:123 TIFF_Warning TIFFReadDirectory: Unknown field with tag 50839 (0xc697) encountered
[ WARN:0@68.522] global grfmt_tiff.cpp:123 TIFF_Warning TIFFReadDirectory: Unknown field with tag 50838 (0xc696) encountered
[ WARN:0@68.522] global grfmt_tiff.cpp:123 TIFF_Warning TIFFReadDirectory: Unknown field with tag 50839 (0xc697) encountered
[ WARN:0@68.524] global grfmt_tiff.cpp:123 TIFF_Warning TIFFReadDirectory: Unknown field with tag 50838 (0xc696) encountered
[ WARN:0@68.524] global grfmt_tiff.cpp:123 TIFF_Warning TIFFReadDirectory: Unknown field with tag 50839 (0xc697) encountered
[ WARN:0@70.033] global grfmt_tiff.cpp:123 TIFF_Warning TIFFReadDirectory: Unknown field with tag 50838 (0xc696) encountered
[ WARN:0@70.033] global grfmt_tiff.cpp:123 TIFF_Warning TIFFReadDirectory: Unknown field with tag 50839 (0xc697) encountered
[ WARN:0@70.035] global grfmt_tiff.cpp:123 TIFF_Warning TIFFReadDirectory: Unknown field with tag 50838 (0xc696) encountered
[ WARN:0@70.035] global grfmt_tiff.cpp:123 TIFF_Warning TIFFReadDirectory: Unknown field with tag 50839 (0xc697) encountered
[ WARN:0@70.037] global grfmt_tiff.cpp:123 TIFF_Warning TIFFReadDirectory: Unknown field with tag 50838 (0xc696) encountered
[ WARN:0@70.037] global grfmt_tiff.cpp:123 TIFF_Warning TIFFReadDirectory: Unknown field with tag 50839 (0xc697) encountered
[ WARN:0@70.038] global grfmt_tiff.cpp:123 TIFF_Warning TIFFReadDirectory: Unknown field with tag 50838 (0xc696) encountered
[ WARN:0@70.038] global grfmt_tiff.cpp:123 TIFF_Warning TIFFReadDirectory: Unknown field with tag 50839 (0xc697) encountered
[ WARN:0@70.041] global grfmt_tiff.cpp:123 TIFF_Warning TIFFReadDirectory: Unknown field with tag 50838 (0xc696) encountered
[ WARN:0@70.041] global grfmt_tiff.cpp:123 TIFF_Warning TIFFReadDirectory: Unknown field with tag 50839 (0xc697) encountered
[ WARN:0@70.042] global grfmt_tiff.cpp:123 TIFF_Warning TIFFReadDirectory: Unknown field with tag 50838 (0xc696) encountered
[ WARN:0@70.042] global grfmt_tiff.cpp:123 TIFF_Warning TIFFReadDirectory: Unknown field with tag 50839 (0xc697) encountered
[ WARN:0@70.046] global grfmt_tiff.cpp:123 TIFF_Warning TIFFReadDirectory: Unknown field with tag 50838 (0xc696) encountered
[ WARN:0@70.046] global grfmt_tiff.cpp:123 TIFF_Warning TIFFReadDirectory: Unknown field with tag 50839 (0xc697) encountered
[ WARN:0@70.048] global grfmt_tiff.cpp:123 TIFF_Warning TIFFReadDirectory: Unknown field with tag 50838 (0xc696) encountered
[ WARN:0@70.048] global grfmt_tiff.cpp:123 TIFF_Warning TIFFReadDirectory: Unknown field with tag 50839 (0xc697) encountered
[ WARN:0@70.050] global grfmt_tiff.cpp:123 TIFF_Warning TIFFReadDirectory: Unknown field with tag 50838 (0xc696) encountered
[ WARN:0@70.050] global grfmt_tiff.cpp:123 TIFF_Warning TIFFReadDirectory: Unknown field with tag 50839 (0xc697) encountered
[ WARN:0@70.054] global grfmt_tiff.cpp:123 TIFF_Warning TIFFReadDirectory: Unknown field with tag 50838 (0xc696) encountered
[ WARN:0@70.054] global grfmt_tiff.cpp:123 TIFF_Warning TIFFReadDirectory: Unknown field with tag 50839 (0xc697) encountered
[ WARN:0@70.055] global grfmt_tiff.cpp:123 TIFF_Warning TIFFReadDirectory: Unknown field with tag 50838 (0xc696) encountered
[ WARN:0@70.055] global grfmt_tiff.cpp:123 TIFF_Warning TIFFReadDirectory: Unknown field with tag 50839 (0xc697) encountered
[ WARN:0@70.057] global grfmt_tiff.cpp:123 TIFF_Warning TIFFReadDirectory: Unknown field with tag 50838 (0xc696) encountered
[ WARN:0@70.057] global grfmt_tiff.cpp:123 TIFF_Warning TIFFReadDirectory: Unknown field with tag 50839 (0xc697) encountered
[ WARN:0@70.059] global grfmt_tiff.cpp:123 TIFF_Warning TIFFReadDirectory: Unknown field with tag 50838 (0xc696) encountered
[ WARN:0@70.059] global grfmt_tiff.cpp:123 TIFF_Warning TIFFReadDirectory: Unknown field with tag 50839 (0xc697) encountered
[ WARN:0@70.060] global grfmt_tiff.cpp:123 TIFF_Warning TIFFReadDirectory: Unknown field with tag 50838 (0xc696) encountered
[ WARN:0@70.060] global grfmt_tiff.cpp:123 TIFF_Warning TIFFReadDirectory: Unknown field with tag 50839 (0xc697) encountered
[ WARN:0@70.063] global grfmt_tiff.cpp:123 TIFF_Warning TIFFReadDirectory: Unknown field with tag 50838 (0xc696) encountered
[ WARN:0@70.063] global grfmt_tiff.cpp:123 TIFF_Warning TIFFReadDirectory: Unknown field with tag 50839 (0xc697) encountered
[ WARN:0@70.065] global grfmt_tiff.cpp:123 TIFF_Warning TIFFReadDirectory: Unknown field with tag 50838 (0xc696) encountered
[ WARN:0@70.065] global grfmt_tiff.cpp:123 TIFF_Warning TIFFReadDirectory: Unknown field with tag 50839 (0xc697) encountered
[ WARN:0@70.067] global grfmt_tiff.cpp:123 TIFF_Warning TIFFReadDirectory: Unknown field with tag 50838 (0xc696) encountered
[ WARN:0@70.067] global grfmt_tiff.cpp:123 TIFF_Warning TIFFReadDirectory: Unknown field with tag 50839 (0xc697) encountered
[ WARN:0@70.068] global grfmt_tiff.cpp:123 TIFF_Warning TIFFReadDirectory: Unknown field with tag 50838 (0xc696) encountered
[ WARN:0@70.068] global grfmt_tiff.cpp:123 TIFF_Warning TIFFReadDirectory: Unknown field with tag 50839 (0xc697) encountered
[ WARN:0@70.071] global grfmt_tiff.cpp:123 TIFF_Warning TIFFReadDirectory: Unknown field with tag 50838 (0xc696) encountered
[ WARN:0@70.071] global grfmt_tiff.cpp:123 TIFF_Warning TIFFReadDirectory: Unknown field with tag 50839 (0xc697) encountered
[ WARN:0@70.073] global grfmt_tiff.cpp:123 TIFF_Warning TIFFReadDirectory: Unknown field with tag 50838 (0xc696) encountered
[ WARN:0@70.073] global grfmt_tiff.cpp:123 TIFF_Warning TIFFReadDirectory: Unknown field with tag 50839 (0xc697) encountered
[ WARN:0@70.076] global grfmt_tiff.cpp:123 TIFF_Warning TIFFReadDirectory: Unknown field with tag 50838 (0xc696) encountered
[ WARN:0@70.076] global grfmt_tiff.cpp:123 TIFF_Warning TIFFReadDirectory: Unknown field with tag 50839 (0xc697) encountered
[ WARN:0@70.077] global grfmt_tiff.cpp:123 TIFF_Warning TIFFReadDirectory: Unknown field with tag 50838 (0xc696) encountered
[ WARN:0@70.077] global grfmt_tiff.cpp:123 TIFF_Warning TIFFReadDirectory: Unknown field with tag 50839 (0xc697) encountered
[ WARN:0@70.080] global grfmt_tiff.cpp:123 TIFF_Warning TIFFReadDirectory: Unknown field with tag 50838 (0xc696) encountered
[ WARN:0@70.080] global grfmt_tiff.cpp:123 TIFF_Warning TIFFReadDirectory: Unknown field with tag 50839 (0xc697) encountered
[ WARN:0@70.081] global grfmt_tiff.cpp:123 TIFF_Warning TIFFReadDirectory: Unknown field with tag 50838 (0xc696) encountered
[ WARN:0@70.081] global grfmt_tiff.cpp:123 TIFF_Warning TIFFReadDirectory: Unknown field with tag 50839 (0xc697) encountered
[ WARN:0@70.082] global grfmt_tiff.cpp:123 TIFF_Warning TIFFReadDirectory: Unknown field with tag 50838 (0xc696) encountered
[ WARN:0@70.082] global grfmt_tiff.cpp:123 TIFF_Warning TIFFReadDirectory: Unknown field with tag 50839 (0xc697) encountered
[ WARN:0@70.085] global grfmt_tiff.cpp:123 TIFF_Warning TIFFReadDirectory: Unknown field with tag 50838 (0xc696) encountered
[ WARN:0@70.085] global grfmt_tiff.cpp:123 TIFF_Warning TIFFReadDirectory: Unknown field with tag 50839 (0xc697) encountered
[ WARN:0@70.086] global grfmt_tiff.cpp:123 TIFF_Warning TIFFReadDirectory: Unknown field with tag 50838 (0xc696) encountered
[ WARN:0@70.086] global grfmt_tiff.cpp:123 TIFF_Warning TIFFReadDirectory: Unknown field with tag 50839 (0xc697) encountered
[ WARN:0@70.087] global grfmt_tiff.cpp:123 TIFF_Warning TIFFReadDirectory: Unknown field with tag 50838 (0xc696) encountered
[ WARN:0@70.087] global grfmt_tiff.cpp:123 TIFF_Warning TIFFReadDirectory: Unknown field with tag 50839 (0xc697) encountered
[ WARN:0@70.088] global grfmt_tiff.cpp:123 TIFF_Warning TIFFReadDirectory: Unknown field with tag 50838 (0xc696) encountered
[ WARN:0@70.088] global grfmt_tiff.cpp:123 TIFF_Warning TIFFReadDirectory: Unknown field with tag 50839 (0xc697) encountered
[ WARN:0@70.090] global grfmt_tiff.cpp:123 TIFF_Warning TIFFReadDirectory: Unknown field with tag 50838 (0xc696) encountered
[ WARN:0@70.090] global grfmt_tiff.cpp:123 TIFF_Warning TIFFReadDirectory: Unknown field with tag 50839 (0xc697) encountered
[ WARN:0@70.092] global grfmt_tiff.cpp:123 TIFF_Warning TIFFReadDirectory: Unknown field with tag 50838 (0xc696) encountered
[ WARN:0@70.092] global grfmt_tiff.cpp:123 TIFF_Warning TIFFReadDirectory: Unknown field with tag 50839 (0xc697) encountered
[ WARN:0@70.094] global grfmt_tiff.cpp:123 TIFF_Warning TIFFReadDirectory: Unknown field with tag 50838 (0xc696) encountered
[ WARN:0@70.094] global grfmt_tiff.cpp:123 TIFF_Warning TIFFReadDirectory: Unknown field with tag 50839 (0xc697) encountered
[ WARN:0@70.095] global grfmt_tiff.cpp:123 TIFF_Warning TIFFReadDirectory: Unknown field with tag 50838 (0xc696) encountered
[ WARN:0@70.095] global grfmt_tiff.cpp:123 TIFF_Warning TIFFReadDirectory: Unknown field with tag 50839 (0xc697) encountered
[ WARN:0@70.098] global grfmt_tiff.cpp:123 TIFF_Warning TIFFReadDirectory: Unknown field with tag 50838 (0xc696) encountered
[ WARN:0@70.098] global grfmt_tiff.cpp:123 TIFF_Warning TIFFReadDirectory: Unknown field with tag 50839 (0xc697) encountered
[ WARN:0@70.101] global grfmt_tiff.cpp:123 TIFF_Warning TIFFReadDirectory: Unknown field with tag 50838 (0xc696) encountered
[ WARN:0@70.101] global grfmt_tiff.cpp:123 TIFF_Warning TIFFReadDirectory: Unknown field with tag 50839 (0xc697) encountered
[ WARN:0@70.103] global grfmt_tiff.cpp:123 TIFF_Warning TIFFReadDirectory: Unknown field with tag 50838 (0xc696) encountered
[ WARN:0@70.103] global grfmt_tiff.cpp:123 TIFF_Warning TIFFReadDirectory: Unknown field with tag 50839 (0xc697) encountered
[ WARN:0@70.105] global grfmt_tiff.cpp:123 TIFF_Warning TIFFReadDirectory: Unknown field with tag 50838 (0xc696) encountered
[ WARN:0@70.105] global grfmt_tiff.cpp:123 TIFF_Warning TIFFReadDirectory: Unknown field with tag 50839 (0xc697) encountered
[ WARN:0@70.106] global grfmt_tiff.cpp:123 TIFF_Warning TIFFReadDirectory: Unknown field with tag 50838 (0xc696) encountered
[ WARN:0@70.106] global grfmt_tiff.cpp:123 TIFF_Warning TIFFReadDirectory: Unknown field with tag 50839 (0xc697) encountered
[ WARN:0@70.107] global grfmt_tiff.cpp:123 TIFF_Warning TIFFReadDirectory: Unknown field with tag 50838 (0xc696) encountered
[ WARN:0@70.107] global grfmt_tiff.cpp:123 TIFF_Warning TIFFReadDirectory: Unknown field with tag 50839 (0xc697) encountered
[ WARN:0@70.111] global grfmt_tiff.cpp:123 TIFF_Warning TIFFReadDirectory: Unknown field with tag 50838 (0xc696) encountered
[ WARN:0@70.111] global grfmt_tiff.cpp:123 TIFF_Warning TIFFReadDirectory: Unknown field with tag 50839 (0xc697) encountered
[ WARN:0@70.112] global grfmt_tiff.cpp:123 TIFF_Warning TIFFReadDirectory: Unknown field with tag 50838 (0xc696) encountered
[ WARN:0@70.112] global grfmt_tiff.cpp:123 TIFF_Warning TIFFReadDirectory: Unknown field with tag 50839 (0xc697) encountered
[ WARN:0@70.114] global grfmt_tiff.cpp:123 TIFF_Warning TIFFReadDirectory: Unknown field with tag 50838 (0xc696) encountered
[ WARN:0@70.114] global grfmt_tiff.cpp:123 TIFF_Warning TIFFReadDirectory: Unknown field with tag 50839 (0xc697) encountered
[ WARN:0@70.115] global grfmt_tiff.cpp:123 TIFF_Warning TIFFReadDirectory: Unknown field with tag 50838 (0xc696) encountered
[ WARN:0@70.115] global grfmt_tiff.cpp:123 TIFF_Warning TIFFReadDirectory: Unknown field with tag 50839 (0xc697) encountered
[ WARN:0@70.119] global grfmt_tiff.cpp:123 TIFF_Warning TIFFReadDirectory: Unknown field with tag 50838 (0xc696) encountered
[ WARN:0@70.119] global grfmt_tiff.cpp:123 TIFF_Warning TIFFReadDirectory: Unknown field with tag 50839 (0xc697) encountered
[ WARN:0@70.121] global grfmt_tiff.cpp:123 TIFF_Warning TIFFReadDirectory: Unknown field with tag 50838 (0xc696) encountered
[ WARN:0@70.121] global grfmt_tiff.cpp:123 TIFF_Warning TIFFReadDirectory: Unknown field with tag 50839 (0xc697) encountered
[ WARN:0@70.123] global grfmt_tiff.cpp:123 TIFF_Warning TIFFReadDirectory: Unknown field with tag 50838 (0xc696) encountered
[ WARN:0@70.123] global grfmt_tiff.cpp:123 TIFF_Warning TIFFReadDirectory: Unknown field with tag 50839 (0xc697) encountered
[ WARN:0@70.124] global grfmt_tiff.cpp:123 TIFF_Warning TIFFReadDirectory: Unknown field with tag 50838 (0xc696) encountered
[ WARN:0@70.124] global grfmt_tiff.cpp:123 TIFF_Warning TIFFReadDirectory: Unknown field with tag 50839 (0xc697) encountered
[ WARN:0@70.126] global grfmt_tiff.cpp:123 TIFF_Warning TIFFReadDirectory: Unknown field with tag 50838 (0xc696) encountered
[ WARN:0@70.126] global grfmt_tiff.cpp:123 TIFF_Warning TIFFReadDirectory: Unknown field with tag 50839 (0xc697) encountered
[ WARN:0@70.127] global grfmt_tiff.cpp:123 TIFF_Warning TIFFReadDirectory: Unknown field with tag 50838 (0xc696) encountered
[ WARN:0@70.127] global grfmt_tiff.cpp:123 TIFF_Warning TIFFReadDirectory: Unknown field with tag 50839 (0xc697) encountered
[ WARN:0@70.128] global grfmt_tiff.cpp:123 TIFF_Warning TIFFReadDirectory: Unknown field with tag 50838 (0xc696) encountered
[ WARN:0@70.128] global grfmt_tiff.cpp:123 TIFF_Warning TIFFReadDirectory: Unknown field with tag 50839 (0xc697) encountered
[ WARN:0@70.787] global grfmt_tiff.cpp:123 TIFF_Warning TIFFReadDirectory: Unknown field with tag 50838 (0xc696) encountered
[ WARN:0@70.787] global grfmt_tiff.cpp:123 TIFF_Warning TIFFReadDirectory: Unknown field with tag 50839 (0xc697) encountered
[ WARN:0@70.941] global grfmt_tiff.cpp:123 TIFF_Warning TIFFReadDirectory: Unknown field with tag 50838 (0xc696) encountered
[ WARN:0@70.941] global grfmt_tiff.cpp:123 TIFF_Warning TIFFReadDirectory: Unknown field with tag 50839 (0xc697) encountered
[ WARN:0@70.943] global grfmt_tiff.cpp:123 TIFF_Warning TIFFReadDirectory: Unknown field with tag 50838 (0xc696) encountered
[ WARN:0@70.943] global grfmt_tiff.cpp:123 TIFF_Warning TIFFReadDirectory: Unknown field with tag 50839 (0xc697) encountered
[ WARN:0@70.945] global grfmt_tiff.cpp:123 TIFF_Warning TIFFReadDirectory: Unknown field with tag 50838 (0xc696) encountered
[ WARN:0@70.945] global grfmt_tiff.cpp:123 TIFF_Warning TIFFReadDirectory: Unknown field with tag 50839 (0xc697) encountered
[ WARN:0@70.945] global grfmt_tiff.cpp:123 TIFF_Warning TIFFReadDirectory: Unknown field with tag 50838 (0xc696) encountered
[ WARN:0@70.945] global grfmt_tiff.cpp:123 TIFF_Warning TIFFReadDirectory: Unknown field with tag 50839 (0xc697) encountered
[ WARN:0@70.948] global grfmt_tiff.cpp:123 TIFF_Warning TIFFReadDirectory: Unknown field with tag 50838 (0xc696) encountered
[ WARN:0@70.948] global grfmt_tiff.cpp:123 TIFF_Warning TIFFReadDirectory: Unknown field with tag 50839 (0xc697) encountered
[ WARN:0@70.950] global grfmt_tiff.cpp:123 TIFF_Warning TIFFReadDirectory: Unknown field with tag 50838 (0xc696) encountered
[ WARN:0@70.950] global grfmt_tiff.cpp:123 TIFF_Warning TIFFReadDirectory: Unknown field with tag 50839 (0xc697) encountered
[ WARN:0@70.954] global grfmt_tiff.cpp:123 TIFF_Warning TIFFReadDirectory: Unknown field with tag 50838 (0xc696) encountered
[ WARN:0@70.954] global grfmt_tiff.cpp:123 TIFF_Warning TIFFReadDirectory: Unknown field with tag 50839 (0xc697) encountered
[ WARN:0@70.955] global grfmt_tiff.cpp:123 TIFF_Warning TIFFReadDirectory: Unknown field with tag 50838 (0xc696) encountered
[ WARN:0@70.955] global grfmt_tiff.cpp:123 TIFF_Warning TIFFReadDirectory: Unknown field with tag 50839 (0xc697) encountered
[ WARN:0@70.957] global grfmt_tiff.cpp:123 TIFF_Warning TIFFReadDirectory: Unknown field with tag 50838 (0xc696) encountered
[ WARN:0@70.957] global grfmt_tiff.cpp:123 TIFF_Warning TIFFReadDirectory: Unknown field with tag 50839 (0xc697) encountered
[ WARN:0@70.961] global grfmt_tiff.cpp:123 TIFF_Warning TIFFReadDirectory: Unknown field with tag 50838 (0xc696) encountered
[ WARN:0@70.961] global grfmt_tiff.cpp:123 TIFF_Warning TIFFReadDirectory: Unknown field with tag 50839 (0xc697) encountered
[ WARN:0@70.962] global grfmt_tiff.cpp:123 TIFF_Warning TIFFReadDirectory: Unknown field with tag 50838 (0xc696) encountered
[ WARN:0@70.962] global grfmt_tiff.cpp:123 TIFF_Warning TIFFReadDirectory: Unknown field with tag 50839 (0xc697) encountered
[ WARN:0@70.964] global grfmt_tiff.cpp:123 TIFF_Warning TIFFReadDirectory: Unknown field with tag 50838 (0xc696) encountered
[ WARN:0@70.964] global grfmt_tiff.cpp:123 TIFF_Warning TIFFReadDirectory: Unknown field with tag 50839 (0xc697) encountered
[ WARN:0@70.965] global grfmt_tiff.cpp:123 TIFF_Warning TIFFReadDirectory: Unknown field with tag 50838 (0xc696) encountered
[ WARN:0@70.965] global grfmt_tiff.cpp:123 TIFF_Warning TIFFReadDirectory: Unknown field with tag 50839 (0xc697) encountered
[ WARN:0@70.966] global grfmt_tiff.cpp:123 TIFF_Warning TIFFReadDirectory: Unknown field with tag 50838 (0xc696) encountered
[ WARN:0@70.966] global grfmt_tiff.cpp:123 TIFF_Warning TIFFReadDirectory: Unknown field with tag 50839 (0xc697) encountered
[ WARN:0@70.970] global grfmt_tiff.cpp:123 TIFF_Warning TIFFReadDirectory: Unknown field with tag 50838 (0xc696) encountered
[ WARN:0@70.970] global grfmt_tiff.cpp:123 TIFF_Warning TIFFReadDirectory: Unknown field with tag 50839 (0xc697) encountered
[ WARN:0@70.971] global grfmt_tiff.cpp:123 TIFF_Warning TIFFReadDirectory: Unknown field with tag 50838 (0xc696) encountered
[ WARN:0@70.971] global grfmt_tiff.cpp:123 TIFF_Warning TIFFReadDirectory: Unknown field with tag 50839 (0xc697) encountered
[ WARN:0@70.973] global grfmt_tiff.cpp:123 TIFF_Warning TIFFReadDirectory: Unknown field with tag 50838 (0xc696) encountered
[ WARN:0@70.973] global grfmt_tiff.cpp:123 TIFF_Warning TIFFReadDirectory: Unknown field with tag 50839 (0xc697) encountered
[ WARN:0@70.974] global grfmt_tiff.cpp:123 TIFF_Warning TIFFReadDirectory: Unknown field with tag 50838 (0xc696) encountered
[ WARN:0@70.974] global grfmt_tiff.cpp:123 TIFF_Warning TIFFReadDirectory: Unknown field with tag 50839 (0xc697) encountered
[ WARN:0@70.978] global grfmt_tiff.cpp:123 TIFF_Warning TIFFReadDirectory: Unknown field with tag 50838 (0xc696) encountered
[ WARN:0@70.978] global grfmt_tiff.cpp:123 TIFF_Warning TIFFReadDirectory: Unknown field with tag 50839 (0xc697) encountered
[ WARN:0@70.980] global grfmt_tiff.cpp:123 TIFF_Warning TIFFReadDirectory: Unknown field with tag 50838 (0xc696) encountered
[ WARN:0@70.980] global grfmt_tiff.cpp:123 TIFF_Warning TIFFReadDirectory: Unknown field with tag 50839 (0xc697) encountered
[ WARN:0@70.982] global grfmt_tiff.cpp:123 TIFF_Warning TIFFReadDirectory: Unknown field with tag 50838 (0xc696) encountered
[ WARN:0@70.982] global grfmt_tiff.cpp:123 TIFF_Warning TIFFReadDirectory: Unknown field with tag 50839 (0xc697) encountered
[ WARN:0@70.983] global grfmt_tiff.cpp:123 TIFF_Warning TIFFReadDirectory: Unknown field with tag 50838 (0xc696) encountered
[ WARN:0@70.983] global grfmt_tiff.cpp:123 TIFF_Warning TIFFReadDirectory: Unknown field with tag 50839 (0xc697) encountered
[ WARN:0@70.985] global grfmt_tiff.cpp:123 TIFF_Warning TIFFReadDirectory: Unknown field with tag 50838 (0xc696) encountered
[ WARN:0@70.985] global grfmt_tiff.cpp:123 TIFF_Warning TIFFReadDirectory: Unknown field with tag 50839 (0xc697) encountered
[ WARN:0@70.986] global grfmt_tiff.cpp:123 TIFF_Warning TIFFReadDirectory: Unknown field with tag 50838 (0xc696) encountered
[ WARN:0@70.986] global grfmt_tiff.cpp:123 TIFF_Warning TIFFReadDirectory: Unknown field with tag 50839 (0xc697) encountered
[ WARN:0@70.987] global grfmt_tiff.cpp:123 TIFF_Warning TIFFReadDirectory: Unknown field with tag 50838 (0xc696) encountered
[ WARN:0@70.987] global grfmt_tiff.cpp:123 TIFF_Warning TIFFReadDirectory: Unknown field with tag 50839 (0xc697) encountered
[ WARN:0@70.990] global grfmt_tiff.cpp:123 TIFF_Warning TIFFReadDirectory: Unknown field with tag 50838 (0xc696) encountered
[ WARN:0@70.990] global grfmt_tiff.cpp:123 TIFF_Warning TIFFReadDirectory: Unknown field with tag 50839 (0xc697) encountered
[ WARN:0@70.991] global grfmt_tiff.cpp:123 TIFF_Warning TIFFReadDirectory: Unknown field with tag 50838 (0xc696) encountered
[ WARN:0@70.991] global grfmt_tiff.cpp:123 TIFF_Warning TIFFReadDirectory: Unknown field with tag 50839 (0xc697) encountered
[ WARN:0@70.992] global grfmt_tiff.cpp:123 TIFF_Warning TIFFReadDirectory: Unknown field with tag 50838 (0xc696) encountered
[ WARN:0@70.992] global grfmt_tiff.cpp:123 TIFF_Warning TIFFReadDirectory: Unknown field with tag 50839 (0xc697) encountered
[ WARN:0@70.993] global grfmt_tiff.cpp:123 TIFF_Warning TIFFReadDirectory: Unknown field with tag 50838 (0xc696) encountered
[ WARN:0@70.993] global grfmt_tiff.cpp:123 TIFF_Warning TIFFReadDirectory: Unknown field with tag 50839 (0xc697) encountered
[ WARN:0@70.995] global grfmt_tiff.cpp:123 TIFF_Warning TIFFReadDirectory: Unknown field with tag 50838 (0xc696) encountered
[ WARN:0@70.995] global grfmt_tiff.cpp:123 TIFF_Warning TIFFReadDirectory: Unknown field with tag 50839 (0xc697) encountered
[ WARN:0@70.996] global grfmt_tiff.cpp:123 TIFF_Warning TIFFReadDirectory: Unknown field with tag 50838 (0xc696) encountered
[ WARN:0@70.996] global grfmt_tiff.cpp:123 TIFF_Warning TIFFReadDirectory: Unknown field with tag 50839 (0xc697) encountered
[ WARN:0@70.999] global grfmt_tiff.cpp:123 TIFF_Warning TIFFReadDirectory: Unknown field with tag 50838 (0xc696) encountered
[ WARN:0@70.999] global grfmt_tiff.cpp:123 TIFF_Warning TIFFReadDirectory: Unknown field with tag 50839 (0xc697) encountered
[ WARN:0@71.000] global grfmt_tiff.cpp:123 TIFF_Warning TIFFReadDirectory: Unknown field with tag 50838 (0xc696) encountered
[ WARN:0@71.000] global grfmt_tiff.cpp:123 TIFF_Warning TIFFReadDirectory: Unknown field with tag 50839 (0xc697) encountered
[ WARN:0@71.003] global grfmt_tiff.cpp:123 TIFF_Warning TIFFReadDirectory: Unknown field with tag 50838 (0xc696) encountered
[ WARN:0@71.003] global grfmt_tiff.cpp:123 TIFF_Warning TIFFReadDirectory: Unknown field with tag 50839 (0xc697) encountered
[ WARN:0@71.006] global grfmt_tiff.cpp:123 TIFF_Warning TIFFReadDirectory: Unknown field with tag 50838 (0xc696) encountered
[ WARN:0@71.006] global grfmt_tiff.cpp:123 TIFF_Warning TIFFReadDirectory: Unknown field with tag 50839 (0xc697) encountered
[ WARN:0@71.007] global grfmt_tiff.cpp:123 TIFF_Warning TIFFReadDirectory: Unknown field with tag 50838 (0xc696) encountered
[ WARN:0@71.007] global grfmt_tiff.cpp:123 TIFF_Warning TIFFReadDirectory: Unknown field with tag 50839 (0xc697) encountered
[ WARN:0@71.009] global grfmt_tiff.cpp:123 TIFF_Warning TIFFReadDirectory: Unknown field with tag 50838 (0xc696) encountered
[ WARN:0@71.009] global grfmt_tiff.cpp:123 TIFF_Warning TIFFReadDirectory: Unknown field with tag 50839 (0xc697) encountered
[ WARN:0@71.010] global grfmt_tiff.cpp:123 TIFF_Warning TIFFReadDirectory: Unknown field with tag 50838 (0xc696) encountered
[ WARN:0@71.010] global grfmt_tiff.cpp:123 TIFF_Warning TIFFReadDirectory: Unknown field with tag 50839 (0xc697) encountered
[ WARN:0@71.011] global grfmt_tiff.cpp:123 TIFF_Warning TIFFReadDirectory: Unknown field with tag 50838 (0xc696) encountered
[ WARN:0@71.011] global grfmt_tiff.cpp:123 TIFF_Warning TIFFReadDirectory: Unknown field with tag 50839 (0xc697) encountered
[ WARN:0@71.015] global grfmt_tiff.cpp:123 TIFF_Warning TIFFReadDirectory: Unknown field with tag 50838 (0xc696) encountered
[ WARN:0@71.015] global grfmt_tiff.cpp:123 TIFF_Warning TIFFReadDirectory: Unknown field with tag 50839 (0xc697) encountered
[ WARN:0@71.016] global grfmt_tiff.cpp:123 TIFF_Warning TIFFReadDirectory: Unknown field with tag 50838 (0xc696) encountered
[ WARN:0@71.016] global grfmt_tiff.cpp:123 TIFF_Warning TIFFReadDirectory: Unknown field with tag 50839 (0xc697) encountered
[ WARN:0@71.018] global grfmt_tiff.cpp:123 TIFF_Warning TIFFReadDirectory: Unknown field with tag 50838 (0xc696) encountered
[ WARN:0@71.018] global grfmt_tiff.cpp:123 TIFF_Warning TIFFReadDirectory: Unknown field with tag 50839 (0xc697) encountered
[ WARN:0@71.019] global grfmt_tiff.cpp:123 TIFF_Warning TIFFReadDirectory: Unknown field with tag 50838 (0xc696) encountered
[ WARN:0@71.019] global grfmt_tiff.cpp:123 TIFF_Warning TIFFReadDirectory: Unknown field with tag 50839 (0xc697) encountered
[ WARN:0@71.023] global grfmt_tiff.cpp:123 TIFF_Warning TIFFReadDirectory: Unknown field with tag 50838 (0xc696) encountered
[ WARN:0@71.023] global grfmt_tiff.cpp:123 TIFF_Warning TIFFReadDirectory: Unknown field with tag 50839 (0xc697) encountered
[ WARN:0@71.025] global grfmt_tiff.cpp:123 TIFF_Warning TIFFReadDirectory: Unknown field with tag 50838 (0xc696) encountered
[ WARN:0@71.025] global grfmt_tiff.cpp:123 TIFF_Warning TIFFReadDirectory: Unknown field with tag 50839 (0xc697) encountered
[ WARN:0@71.027] global grfmt_tiff.cpp:123 TIFF_Warning TIFFReadDirectory: Unknown field with tag 50838 (0xc696) encountered
[ WARN:0@71.027] global grfmt_tiff.cpp:123 TIFF_Warning TIFFReadDirectory: Unknown field with tag 50839 (0xc697) encountered
[ WARN:0@71.028] global grfmt_tiff.cpp:123 TIFF_Warning TIFFReadDirectory: Unknown field with tag 50838 (0xc696) encountered
[ WARN:0@71.028] global grfmt_tiff.cpp:123 TIFF_Warning TIFFReadDirectory: Unknown field with tag 50839 (0xc697) encountered
[ WARN:0@71.030] global grfmt_tiff.cpp:123 TIFF_Warning TIFFReadDirectory: Unknown field with tag 50838 (0xc696) encountered
[ WARN:0@71.030] global grfmt_tiff.cpp:123 TIFF_Warning TIFFReadDirectory: Unknown field with tag 50839 (0xc697) encountered
[ WARN:0@71.031] global grfmt_tiff.cpp:123 TIFF_Warning TIFFReadDirectory: Unknown field with tag 50838 (0xc696) encountered
[ WARN:0@71.031] global grfmt_tiff.cpp:123 TIFF_Warning TIFFReadDirectory: Unknown field with tag 50839 (0xc697) encountered
[ WARN:0@71.032] global grfmt_tiff.cpp:123 TIFF_Warning TIFFReadDirectory: Unknown field with tag 50838 (0xc696) encountered
[ WARN:0@71.032] global grfmt_tiff.cpp:123 TIFF_Warning TIFFReadDirectory: Unknown field with tag 50839 (0xc697) encountered
[ WARN:0@71.588] global grfmt_tiff.cpp:123 TIFF_Warning TIFFReadDirectory: Unknown field with tag 50838 (0xc696) encountered
[ WARN:0@71.588] global grfmt_tiff.cpp:123 TIFF_Warning TIFFReadDirectory: Unknown field with tag 50839 (0xc697) encountered
[ WARN:0@71.838] global grfmt_tiff.cpp:123 TIFF_Warning TIFFReadDirectory: Unknown field with tag 50838 (0xc696) encountered
[ WARN:0@71.838] global grfmt_tiff.cpp:123 TIFF_Warning TIFFReadDirectory: Unknown field with tag 50839 (0xc697) encountered
[ WARN:0@71.841] global grfmt_tiff.cpp:123 TIFF_Warning TIFFReadDirectory: Unknown field with tag 50838 (0xc696) encountered
[ WARN:0@71.841] global grfmt_tiff.cpp:123 TIFF_Warning TIFFReadDirectory: Unknown field with tag 50839 (0xc697) encountered
[ WARN:0@71.842] global grfmt_tiff.cpp:123 TIFF_Warning TIFFReadDirectory: Unknown field with tag 50838 (0xc696) encountered
[ WARN:0@71.842] global grfmt_tiff.cpp:123 TIFF_Warning TIFFReadDirectory: Unknown field with tag 50839 (0xc697) encountered
[ WARN:0@71.843] global grfmt_tiff.cpp:123 TIFF_Warning TIFFReadDirectory: Unknown field with tag 50838 (0xc696) encountered
[ WARN:0@71.843] global grfmt_tiff.cpp:123 TIFF_Warning TIFFReadDirectory: Unknown field with tag 50839 (0xc697) encountered
[ WARN:0@71.846] global grfmt_tiff.cpp:123 TIFF_Warning TIFFReadDirectory: Unknown field with tag 50838 (0xc696) encountered
[ WARN:0@71.846] global grfmt_tiff.cpp:123 TIFF_Warning TIFFReadDirectory: Unknown field with tag 50839 (0xc697) encountered
[ WARN:0@71.847] global grfmt_tiff.cpp:123 TIFF_Warning TIFFReadDirectory: Unknown field with tag 50838 (0xc696) encountered
[ WARN:0@71.847] global grfmt_tiff.cpp:123 TIFF_Warning TIFFReadDirectory: Unknown field with tag 50839 (0xc697) encountered
[ WARN:0@71.849] global grfmt_tiff.cpp:123 TIFF_Warning TIFFReadDirectory: Unknown field with tag 50838 (0xc696) encountered
[ WARN:0@71.849] global grfmt_tiff.cpp:123 TIFF_Warning TIFFReadDirectory: Unknown field with tag 50839 (0xc697) encountered
[ WARN:0@71.851] global grfmt_tiff.cpp:123 TIFF_Warning TIFFReadDirectory: Unknown field with tag 50838 (0xc696) encountered
[ WARN:0@71.851] global grfmt_tiff.cpp:123 TIFF_Warning TIFFReadDirectory: Unknown field with tag 50839 (0xc697) encountered
[ WARN:0@71.853] global grfmt_tiff.cpp:123 TIFF_Warning TIFFReadDirectory: Unknown field with tag 50838 (0xc696) encountered
[ WARN:0@71.853] global grfmt_tiff.cpp:123 TIFF_Warning TIFFReadDirectory: Unknown field with tag 50839 (0xc697) encountered
[ WARN:0@71.856] global grfmt_tiff.cpp:123 TIFF_Warning TIFFReadDirectory: Unknown field with tag 50838 (0xc696) encountered
[ WARN:0@71.856] global grfmt_tiff.cpp:123 TIFF_Warning TIFFReadDirectory: Unknown field with tag 50839 (0xc697) encountered
[ WARN:0@71.857] global grfmt_tiff.cpp:123 TIFF_Warning TIFFReadDirectory: Unknown field with tag 50838 (0xc696) encountered
[ WARN:0@71.857] global grfmt_tiff.cpp:123 TIFF_Warning TIFFReadDirectory: Unknown field with tag 50839 (0xc697) encountered
[ WARN:0@71.860] global grfmt_tiff.cpp:123 TIFF_Warning TIFFReadDirectory: Unknown field with tag 50838 (0xc696) encountered
[ WARN:0@71.860] global grfmt_tiff.cpp:123 TIFF_Warning TIFFReadDirectory: Unknown field with tag 50839 (0xc697) encountered
[ WARN:0@71.861] global grfmt_tiff.cpp:123 TIFF_Warning TIFFReadDirectory: Unknown field with tag 50838 (0xc696) encountered
[ WARN:0@71.861] global grfmt_tiff.cpp:123 TIFF_Warning TIFFReadDirectory: Unknown field with tag 50839 (0xc697) encountered
[ WARN:0@71.862] global grfmt_tiff.cpp:123 TIFF_Warning TIFFReadDirectory: Unknown field with tag 50838 (0xc696) encountered
[ WARN:0@71.862] global grfmt_tiff.cpp:123 TIFF_Warning TIFFReadDirectory: Unknown field with tag 50839 (0xc697) encountered
[ WARN:0@71.865] global grfmt_tiff.cpp:123 TIFF_Warning TIFFReadDirectory: Unknown field with tag 50838 (0xc696) encountered
[ WARN:0@71.865] global grfmt_tiff.cpp:123 TIFF_Warning TIFFReadDirectory: Unknown field with tag 50839 (0xc697) encountered
[ WARN:0@71.866] global grfmt_tiff.cpp:123 TIFF_Warning TIFFReadDirectory: Unknown field with tag 50838 (0xc696) encountered
[ WARN:0@71.866] global grfmt_tiff.cpp:123 TIFF_Warning TIFFReadDirectory: Unknown field with tag 50839 (0xc697) encountered
[ WARN:0@71.868] global grfmt_tiff.cpp:123 TIFF_Warning TIFFReadDirectory: Unknown field with tag 50838 (0xc696) encountered
[ WARN:0@71.868] global grfmt_tiff.cpp:123 TIFF_Warning TIFFReadDirectory: Unknown field with tag 50839 (0xc697) encountered
[ WARN:0@71.869] global grfmt_tiff.cpp:123 TIFF_Warning TIFFReadDirectory: Unknown field with tag 50838 (0xc696) encountered
[ WARN:0@71.869] global grfmt_tiff.cpp:123 TIFF_Warning TIFFReadDirectory: Unknown field with tag 50839 (0xc697) encountered
[ WARN:0@71.873] global grfmt_tiff.cpp:123 TIFF_Warning TIFFReadDirectory: Unknown field with tag 50838 (0xc696) encountered
[ WARN:0@71.873] global grfmt_tiff.cpp:123 TIFF_Warning TIFFReadDirectory: Unknown field with tag 50839 (0xc697) encountered
[ WARN:0@71.875] global grfmt_tiff.cpp:123 TIFF_Warning TIFFReadDirectory: Unknown field with tag 50838 (0xc696) encountered
[ WARN:0@71.875] global grfmt_tiff.cpp:123 TIFF_Warning TIFFReadDirectory: Unknown field with tag 50839 (0xc697) encountered
[ WARN:0@71.877] global grfmt_tiff.cpp:123 TIFF_Warning TIFFReadDirectory: Unknown field with tag 50838 (0xc696) encountered
[ WARN:0@71.877] global grfmt_tiff.cpp:123 TIFF_Warning TIFFReadDirectory: Unknown field with tag 50839 (0xc697) encountered
[ WARN:0@71.878] global grfmt_tiff.cpp:123 TIFF_Warning TIFFReadDirectory: Unknown field with tag 50838 (0xc696) encountered
[ WARN:0@71.878] global grfmt_tiff.cpp:123 TIFF_Warning TIFFReadDirectory: Unknown field with tag 50839 (0xc697) encountered
[ WARN:0@71.879] global grfmt_tiff.cpp:123 TIFF_Warning TIFFReadDirectory: Unknown field with tag 50838 (0xc696) encountered
[ WARN:0@71.879] global grfmt_tiff.cpp:123 TIFF_Warning TIFFReadDirectory: Unknown field with tag 50839 (0xc697) encountered
[ WARN:0@71.880] global grfmt_tiff.cpp:123 TIFF_Warning TIFFReadDirectory: Unknown field with tag 50838 (0xc696) encountered
[ WARN:0@71.880] global grfmt_tiff.cpp:123 TIFF_Warning TIFFReadDirectory: Unknown field with tag 50839 (0xc697) encountered
[ WARN:0@71.881] global grfmt_tiff.cpp:123 TIFF_Warning TIFFReadDirectory: Unknown field with tag 50838 (0xc696) encountered
[ WARN:0@71.881] global grfmt_tiff.cpp:123 TIFF_Warning TIFFReadDirectory: Unknown field with tag 50839 (0xc697) encountered
[ WARN:0@73.499] global grfmt_tiff.cpp:123 TIFF_Warning TIFFReadDirectory: Unknown field with tag 50838 (0xc696) encountered
[ WARN:0@73.499] global grfmt_tiff.cpp:123 TIFF_Warning TIFFReadDirectory: Unknown field with tag 50839 (0xc697) encountered
[ WARN:0@73.501] global grfmt_tiff.cpp:123 TIFF_Warning TIFFReadDirectory: Unknown field with tag 50838 (0xc696) encountered
[ WARN:0@73.501] global grfmt_tiff.cpp:123 TIFF_Warning TIFFReadDirectory: Unknown field with tag 50839 (0xc697) encountered
[ WARN:0@73.502] global grfmt_tiff.cpp:123 TIFF_Warning TIFFReadDirectory: Unknown field with tag 50838 (0xc696) encountered
[ WARN:0@73.502] global grfmt_tiff.cpp:123 TIFF_Warning TIFFReadDirectory: Unknown field with tag 50839 (0xc697) encountered
[ WARN:0@73.503] global grfmt_tiff.cpp:123 TIFF_Warning TIFFReadDirectory: Unknown field with tag 50838 (0xc696) encountered
[ WARN:0@73.503] global grfmt_tiff.cpp:123 TIFF_Warning TIFFReadDirectory: Unknown field with tag 50839 (0xc697) encountered
[ WARN:0@73.505] global grfmt_tiff.cpp:123 TIFF_Warning TIFFReadDirectory: Unknown field with tag 50838 (0xc696) encountered
[ WARN:0@73.505] global grfmt_tiff.cpp:123 TIFF_Warning TIFFReadDirectory: Unknown field with tag 50839 (0xc697) encountered
[ WARN:0@73.507] global grfmt_tiff.cpp:123 TIFF_Warning TIFFReadDirectory: Unknown field with tag 50838 (0xc696) encountered
[ WARN:0@73.507] global grfmt_tiff.cpp:123 TIFF_Warning TIFFReadDirectory: Unknown field with tag 50839 (0xc697) encountered
[ WARN:0@73.510] global grfmt_tiff.cpp:123 TIFF_Warning TIFFReadDirectory: Unknown field with tag 50838 (0xc696) encountered
[ WARN:0@73.510] global grfmt_tiff.cpp:123 TIFF_Warning TIFFReadDirectory: Unknown field with tag 50839 (0xc697) encountered
[ WARN:0@73.512] global grfmt_tiff.cpp:123 TIFF_Warning TIFFReadDirectory: Unknown field with tag 50838 (0xc696) encountered
[ WARN:0@73.512] global grfmt_tiff.cpp:123 TIFF_Warning TIFFReadDirectory: Unknown field with tag 50839 (0xc697) encountered
[ WARN:0@73.514] global grfmt_tiff.cpp:123 TIFF_Warning TIFFReadDirectory: Unknown field with tag 50838 (0xc696) encountered
[ WARN:0@73.514] global grfmt_tiff.cpp:123 TIFF_Warning TIFFReadDirectory: Unknown field with tag 50839 (0xc697) encountered
[ WARN:0@73.517] global grfmt_tiff.cpp:123 TIFF_Warning TIFFReadDirectory: Unknown field with tag 50838 (0xc696) encountered
[ WARN:0@73.517] global grfmt_tiff.cpp:123 TIFF_Warning TIFFReadDirectory: Unknown field with tag 50839 (0xc697) encountered
[ WARN:0@73.518] global grfmt_tiff.cpp:123 TIFF_Warning TIFFReadDirectory: Unknown field with tag 50838 (0xc696) encountered
[ WARN:0@73.518] global grfmt_tiff.cpp:123 TIFF_Warning TIFFReadDirectory: Unknown field with tag 50839 (0xc697) encountered
[ WARN:0@73.521] global grfmt_tiff.cpp:123 TIFF_Warning TIFFReadDirectory: Unknown field with tag 50838 (0xc696) encountered
[ WARN:0@73.521] global grfmt_tiff.cpp:123 TIFF_Warning TIFFReadDirectory: Unknown field with tag 50839 (0xc697) encountered
[ WARN:0@73.522] global grfmt_tiff.cpp:123 TIFF_Warning TIFFReadDirectory: Unknown field with tag 50838 (0xc696) encountered
[ WARN:0@73.522] global grfmt_tiff.cpp:123 TIFF_Warning TIFFReadDirectory: Unknown field with tag 50839 (0xc697) encountered
[ WARN:0@73.523] global grfmt_tiff.cpp:123 TIFF_Warning TIFFReadDirectory: Unknown field with tag 50838 (0xc696) encountered
[ WARN:0@73.523] global grfmt_tiff.cpp:123 TIFF_Warning TIFFReadDirectory: Unknown field with tag 50839 (0xc697) encountered
[ WARN:0@73.526] global grfmt_tiff.cpp:123 TIFF_Warning TIFFReadDirectory: Unknown field with tag 50838 (0xc696) encountered
[ WARN:0@73.526] global grfmt_tiff.cpp:123 TIFF_Warning TIFFReadDirectory: Unknown field with tag 50839 (0xc697) encountered
[ WARN:0@73.527] global grfmt_tiff.cpp:123 TIFF_Warning TIFFReadDirectory: Unknown field with tag 50838 (0xc696) encountered
[ WARN:0@73.527] global grfmt_tiff.cpp:123 TIFF_Warning TIFFReadDirectory: Unknown field with tag 50839 (0xc697) encountered
[ WARN:0@73.529] global grfmt_tiff.cpp:123 TIFF_Warning TIFFReadDirectory: Unknown field with tag 50838 (0xc696) encountered
[ WARN:0@73.529] global grfmt_tiff.cpp:123 TIFF_Warning TIFFReadDirectory: Unknown field with tag 50839 (0xc697) encountered
[ WARN:0@73.530] global grfmt_tiff.cpp:123 TIFF_Warning TIFFReadDirectory: Unknown field with tag 50838 (0xc696) encountered
[ WARN:0@73.530] global grfmt_tiff.cpp:123 TIFF_Warning TIFFReadDirectory: Unknown field with tag 50839 (0xc697) encountered
[ WARN:0@73.533] global grfmt_tiff.cpp:123 TIFF_Warning TIFFReadDirectory: Unknown field with tag 50838 (0xc696) encountered
[ WARN:0@73.533] global grfmt_tiff.cpp:123 TIFF_Warning TIFFReadDirectory: Unknown field with tag 50839 (0xc697) encountered
[ WARN:0@73.536] global grfmt_tiff.cpp:123 TIFF_Warning TIFFReadDirectory: Unknown field with tag 50838 (0xc696) encountered
[ WARN:0@73.536] global grfmt_tiff.cpp:123 TIFF_Warning TIFFReadDirectory: Unknown field with tag 50839 (0xc697) encountered
[ WARN:0@73.538] global grfmt_tiff.cpp:123 TIFF_Warning TIFFReadDirectory: Unknown field with tag 50838 (0xc696) encountered
[ WARN:0@73.538] global grfmt_tiff.cpp:123 TIFF_Warning TIFFReadDirectory: Unknown field with tag 50839 (0xc697) encountered
[ WARN:0@73.539] global grfmt_tiff.cpp:123 TIFF_Warning TIFFReadDirectory: Unknown field with tag 50838 (0xc696) encountered
[ WARN:0@73.539] global grfmt_tiff.cpp:123 TIFF_Warning TIFFReadDirectory: Unknown field with tag 50839 (0xc697) encountered
[ WARN:0@73.540] global grfmt_tiff.cpp:123 TIFF_Warning TIFFReadDirectory: Unknown field with tag 50838 (0xc696) encountered
[ WARN:0@73.540] global grfmt_tiff.cpp:123 TIFF_Warning TIFFReadDirectory: Unknown field with tag 50839 (0xc697) encountered
[ WARN:0@73.541] global grfmt_tiff.cpp:123 TIFF_Warning TIFFReadDirectory: Unknown field with tag 50838 (0xc696) encountered
[ WARN:0@73.541] global grfmt_tiff.cpp:123 TIFF_Warning TIFFReadDirectory: Unknown field with tag 50839 (0xc697) encountered
[ WARN:0@73.542] global grfmt_tiff.cpp:123 TIFF_Warning TIFFReadDirectory: Unknown field with tag 50838 (0xc696) encountered
[ WARN:0@73.542] global grfmt_tiff.cpp:123 TIFF_Warning TIFFReadDirectory: Unknown field with tag 50839 (0xc697) encountered
[ WARN:0@73.545] global grfmt_tiff.cpp:123 TIFF_Warning TIFFReadDirectory: Unknown field with tag 50838 (0xc696) encountered
[ WARN:0@73.545] global grfmt_tiff.cpp:123 TIFF_Warning TIFFReadDirectory: Unknown field with tag 50839 (0xc697) encountered
[ WARN:0@73.546] global grfmt_tiff.cpp:123 TIFF_Warning TIFFReadDirectory: Unknown field with tag 50838 (0xc696) encountered
[ WARN:0@73.546] global grfmt_tiff.cpp:123 TIFF_Warning TIFFReadDirectory: Unknown field with tag 50839 (0xc697) encountered
[ WARN:0@73.547] global grfmt_tiff.cpp:123 TIFF_Warning TIFFReadDirectory: Unknown field with tag 50838 (0xc696) encountered
[ WARN:0@73.547] global grfmt_tiff.cpp:123 TIFF_Warning TIFFReadDirectory: Unknown field with tag 50839 (0xc697) encountered
[ WARN:0@73.548] global grfmt_tiff.cpp:123 TIFF_Warning TIFFReadDirectory: Unknown field with tag 50838 (0xc696) encountered
[ WARN:0@73.548] global grfmt_tiff.cpp:123 TIFF_Warning TIFFReadDirectory: Unknown field with tag 50839 (0xc697) encountered
[ WARN:0@73.550] global grfmt_tiff.cpp:123 TIFF_Warning TIFFReadDirectory: Unknown field with tag 50838 (0xc696) encountered
[ WARN:0@73.550] global grfmt_tiff.cpp:123 TIFF_Warning TIFFReadDirectory: Unknown field with tag 50839 (0xc697) encountered
[ WARN:0@73.551] global grfmt_tiff.cpp:123 TIFF_Warning TIFFReadDirectory: Unknown field with tag 50838 (0xc696) encountered
[ WARN:0@73.551] global grfmt_tiff.cpp:123 TIFF_Warning TIFFReadDirectory: Unknown field with tag 50839 (0xc697) encountered
[ WARN:0@73.553] global grfmt_tiff.cpp:123 TIFF_Warning TIFFReadDirectory: Unknown field with tag 50838 (0xc696) encountered
[ WARN:0@73.553] global grfmt_tiff.cpp:123 TIFF_Warning TIFFReadDirectory: Unknown field with tag 50839 (0xc697) encountered
[ WARN:0@73.555] global grfmt_tiff.cpp:123 TIFF_Warning TIFFReadDirectory: Unknown field with tag 50838 (0xc696) encountered
[ WARN:0@73.555] global grfmt_tiff.cpp:123 TIFF_Warning TIFFReadDirectory: Unknown field with tag 50839 (0xc697) encountered
[ WARN:0@73.557] global grfmt_tiff.cpp:123 TIFF_Warning TIFFReadDirectory: Unknown field with tag 50838 (0xc696) encountered
[ WARN:0@73.557] global grfmt_tiff.cpp:123 TIFF_Warning TIFFReadDirectory: Unknown field with tag 50839 (0xc697) encountered
[ WARN:0@73.560] global grfmt_tiff.cpp:123 TIFF_Warning TIFFReadDirectory: Unknown field with tag 50838 (0xc696) encountered
[ WARN:0@73.560] global grfmt_tiff.cpp:123 TIFF_Warning TIFFReadDirectory: Unknown field with tag 50839 (0xc697) encountered
[ WARN:0@73.561] global grfmt_tiff.cpp:123 TIFF_Warning TIFFReadDirectory: Unknown field with tag 50838 (0xc696) encountered
[ WARN:0@73.561] global grfmt_tiff.cpp:123 TIFF_Warning TIFFReadDirectory: Unknown field with tag 50839 (0xc697) encountered
[ WARN:0@73.563] global grfmt_tiff.cpp:123 TIFF_Warning TIFFReadDirectory: Unknown field with tag 50838 (0xc696) encountered
[ WARN:0@73.563] global grfmt_tiff.cpp:123 TIFF_Warning TIFFReadDirectory: Unknown field with tag 50839 (0xc697) encountered
[ WARN:0@73.565] global grfmt_tiff.cpp:123 TIFF_Warning TIFFReadDirectory: Unknown field with tag 50838 (0xc696) encountered
[ WARN:0@73.565] global grfmt_tiff.cpp:123 TIFF_Warning TIFFReadDirectory: Unknown field with tag 50839 (0xc697) encountered
[ WARN:0@73.565] global grfmt_tiff.cpp:123 TIFF_Warning TIFFReadDirectory: Unknown field with tag 50838 (0xc696) encountered
[ WARN:0@73.566] global grfmt_tiff.cpp:123 TIFF_Warning TIFFReadDirectory: Unknown field with tag 50839 (0xc697) encountered
[ WARN:0@73.569] global grfmt_tiff.cpp:123 TIFF_Warning TIFFReadDirectory: Unknown field with tag 50838 (0xc696) encountered
[ WARN:0@73.569] global grfmt_tiff.cpp:123 TIFF_Warning TIFFReadDirectory: Unknown field with tag 50839 (0xc697) encountered
[ WARN:0@73.570] global grfmt_tiff.cpp:123 TIFF_Warning TIFFReadDirectory: Unknown field with tag 50838 (0xc696) encountered
[ WARN:0@73.570] global grfmt_tiff.cpp:123 TIFF_Warning TIFFReadDirectory: Unknown field with tag 50839 (0xc697) encountered
[ WARN:0@73.572] global grfmt_tiff.cpp:123 TIFF_Warning TIFFReadDirectory: Unknown field with tag 50838 (0xc696) encountered
[ WARN:0@73.572] global grfmt_tiff.cpp:123 TIFF_Warning TIFFReadDirectory: Unknown field with tag 50839 (0xc697) encountered
[ WARN:0@73.573] global grfmt_tiff.cpp:123 TIFF_Warning TIFFReadDirectory: Unknown field with tag 50838 (0xc696) encountered
[ WARN:0@73.573] global grfmt_tiff.cpp:123 TIFF_Warning TIFFReadDirectory: Unknown field with tag 50839 (0xc697) encountered
[ WARN:0@73.576] global grfmt_tiff.cpp:123 TIFF_Warning TIFFReadDirectory: Unknown field with tag 50838 (0xc696) encountered
[ WARN:0@73.576] global grfmt_tiff.cpp:123 TIFF_Warning TIFFReadDirectory: Unknown field with tag 50839 (0xc697) encountered
[ WARN:0@73.578] global grfmt_tiff.cpp:123 TIFF_Warning TIFFReadDirectory: Unknown field with tag 50838 (0xc696) encountered
[ WARN:0@73.578] global grfmt_tiff.cpp:123 TIFF_Warning TIFFReadDirectory: Unknown field with tag 50839 (0xc697) encountered
[ WARN:0@73.580] global grfmt_tiff.cpp:123 TIFF_Warning TIFFReadDirectory: Unknown field with tag 50838 (0xc696) encountered
[ WARN:0@73.580] global grfmt_tiff.cpp:123 TIFF_Warning TIFFReadDirectory: Unknown field with tag 50839 (0xc697) encountered
[ WARN:0@73.581] global grfmt_tiff.cpp:123 TIFF_Warning TIFFReadDirectory: Unknown field with tag 50838 (0xc696) encountered
[ WARN:0@73.581] global grfmt_tiff.cpp:123 TIFF_Warning TIFFReadDirectory: Unknown field with tag 50839 (0xc697) encountered
[ WARN:0@73.583] global grfmt_tiff.cpp:123 TIFF_Warning TIFFReadDirectory: Unknown field with tag 50838 (0xc696) encountered
[ WARN:0@73.583] global grfmt_tiff.cpp:123 TIFF_Warning TIFFReadDirectory: Unknown field with tag 50839 (0xc697) encountered
[ WARN:0@73.584] global grfmt_tiff.cpp:123 TIFF_Warning TIFFReadDirectory: Unknown field with tag 50838 (0xc696) encountered
[ WARN:0@73.584] global grfmt_tiff.cpp:123 TIFF_Warning TIFFReadDirectory: Unknown field with tag 50839 (0xc697) encountered
[ WARN:0@73.585] global grfmt_tiff.cpp:123 TIFF_Warning TIFFReadDirectory: Unknown field with tag 50838 (0xc696) encountered
[ WARN:0@73.585] global grfmt_tiff.cpp:123 TIFF_Warning TIFFReadDirectory: Unknown field with tag 50839 (0xc697) encountered
[ WARN:0@75.376] global grfmt_tiff.cpp:123 TIFF_Warning TIFFReadDirectory: Unknown field with tag 50838 (0xc696) encountered
[ WARN:0@75.376] global grfmt_tiff.cpp:123 TIFF_Warning TIFFReadDirectory: Unknown field with tag 50839 (0xc697) encountered
[ WARN:0@75.378] global grfmt_tiff.cpp:123 TIFF_Warning TIFFReadDirectory: Unknown field with tag 50838 (0xc696) encountered
[ WARN:0@75.378] global grfmt_tiff.cpp:123 TIFF_Warning TIFFReadDirectory: Unknown field with tag 50839 (0xc697) encountered
[ WARN:0@75.379] global grfmt_tiff.cpp:123 TIFF_Warning TIFFReadDirectory: Unknown field with tag 50838 (0xc696) encountered
[ WARN:0@75.379] global grfmt_tiff.cpp:123 TIFF_Warning TIFFReadDirectory: Unknown field with tag 50839 (0xc697) encountered
[ WARN:0@75.381] global grfmt_tiff.cpp:123 TIFF_Warning TIFFReadDirectory: Unknown field with tag 50838 (0xc696) encountered
[ WARN:0@75.381] global grfmt_tiff.cpp:123 TIFF_Warning TIFFReadDirectory: Unknown field with tag 50839 (0xc697) encountered
[ WARN:0@75.383] global grfmt_tiff.cpp:123 TIFF_Warning TIFFReadDirectory: Unknown field with tag 50838 (0xc696) encountered
[ WARN:0@75.383] global grfmt_tiff.cpp:123 TIFF_Warning TIFFReadDirectory: Unknown field with tag 50839 (0xc697) encountered
[ WARN:0@75.385] global grfmt_tiff.cpp:123 TIFF_Warning TIFFReadDirectory: Unknown field with tag 50838 (0xc696) encountered
[ WARN:0@75.385] global grfmt_tiff.cpp:123 TIFF_Warning TIFFReadDirectory: Unknown field with tag 50839 (0xc697) encountered
[ WARN:0@75.388] global grfmt_tiff.cpp:123 TIFF_Warning TIFFReadDirectory: Unknown field with tag 50838 (0xc696) encountered
[ WARN:0@75.388] global grfmt_tiff.cpp:123 TIFF_Warning TIFFReadDirectory: Unknown field with tag 50839 (0xc697) encountered
[ WARN:0@75.389] global grfmt_tiff.cpp:123 TIFF_Warning TIFFReadDirectory: Unknown field with tag 50838 (0xc696) encountered
[ WARN:0@75.389] global grfmt_tiff.cpp:123 TIFF_Warning TIFFReadDirectory: Unknown field with tag 50839 (0xc697) encountered
[ WARN:0@75.391] global grfmt_tiff.cpp:123 TIFF_Warning TIFFReadDirectory: Unknown field with tag 50838 (0xc696) encountered
[ WARN:0@75.391] global grfmt_tiff.cpp:123 TIFF_Warning TIFFReadDirectory: Unknown field with tag 50839 (0xc697) encountered
[ WARN:0@75.395] global grfmt_tiff.cpp:123 TIFF_Warning TIFFReadDirectory: Unknown field with tag 50838 (0xc696) encountered
[ WARN:0@75.395] global grfmt_tiff.cpp:123 TIFF_Warning TIFFReadDirectory: Unknown field with tag 50839 (0xc697) encountered
[ WARN:0@75.395] global grfmt_tiff.cpp:123 TIFF_Warning TIFFReadDirectory: Unknown field with tag 50838 (0xc696) encountered
[ WARN:0@75.395] global grfmt_tiff.cpp:123 TIFF_Warning TIFFReadDirectory: Unknown field with tag 50839 (0xc697) encountered
[ WARN:0@75.398] global grfmt_tiff.cpp:123 TIFF_Warning TIFFReadDirectory: Unknown field with tag 50838 (0xc696) encountered
[ WARN:0@75.398] global grfmt_tiff.cpp:123 TIFF_Warning TIFFReadDirectory: Unknown field with tag 50839 (0xc697) encountered
[ WARN:0@75.399] global grfmt_tiff.cpp:123 TIFF_Warning TIFFReadDirectory: Unknown field with tag 50838 (0xc696) encountered
[ WARN:0@75.399] global grfmt_tiff.cpp:123 TIFF_Warning TIFFReadDirectory: Unknown field with tag 50839 (0xc697) encountered
[ WARN:0@75.400] global grfmt_tiff.cpp:123 TIFF_Warning TIFFReadDirectory: Unknown field with tag 50838 (0xc696) encountered
[ WARN:0@75.400] global grfmt_tiff.cpp:123 TIFF_Warning TIFFReadDirectory: Unknown field with tag 50839 (0xc697) encountered
[ WARN:0@75.403] global grfmt_tiff.cpp:123 TIFF_Warning TIFFReadDirectory: Unknown field with tag 50838 (0xc696) encountered
[ WARN:0@75.403] global grfmt_tiff.cpp:123 TIFF_Warning TIFFReadDirectory: Unknown field with tag 50839 (0xc697) encountered
[ WARN:0@75.404] global grfmt_tiff.cpp:123 TIFF_Warning TIFFReadDirectory: Unknown field with tag 50838 (0xc696) encountered
[ WARN:0@75.404] global grfmt_tiff.cpp:123 TIFF_Warning TIFFReadDirectory: Unknown field with tag 50839 (0xc697) encountered
[ WARN:0@75.406] global grfmt_tiff.cpp:123 TIFF_Warning TIFFReadDirectory: Unknown field with tag 50838 (0xc696) encountered
[ WARN:0@75.406] global grfmt_tiff.cpp:123 TIFF_Warning TIFFReadDirectory: Unknown field with tag 50839 (0xc697) encountered
[ WARN:0@75.407] global grfmt_tiff.cpp:123 TIFF_Warning TIFFReadDirectory: Unknown field with tag 50838 (0xc696) encountered
[ WARN:0@75.407] global grfmt_tiff.cpp:123 TIFF_Warning TIFFReadDirectory: Unknown field with tag 50839 (0xc697) encountered
[ WARN:0@75.411] global grfmt_tiff.cpp:123 TIFF_Warning TIFFReadDirectory: Unknown field with tag 50838 (0xc696) encountered
[ WARN:0@75.411] global grfmt_tiff.cpp:123 TIFF_Warning TIFFReadDirectory: Unknown field with tag 50839 (0xc697) encountered
[ WARN:0@75.413] global grfmt_tiff.cpp:123 TIFF_Warning TIFFReadDirectory: Unknown field with tag 50838 (0xc696) encountered
[ WARN:0@75.413] global grfmt_tiff.cpp:123 TIFF_Warning TIFFReadDirectory: Unknown field with tag 50839 (0xc697) encountered
[ WARN:0@75.415] global grfmt_tiff.cpp:123 TIFF_Warning TIFFReadDirectory: Unknown field with tag 50838 (0xc696) encountered
[ WARN:0@75.415] global grfmt_tiff.cpp:123 TIFF_Warning TIFFReadDirectory: Unknown field with tag 50839 (0xc697) encountered
[ WARN:0@75.416] global grfmt_tiff.cpp:123 TIFF_Warning TIFFReadDirectory: Unknown field with tag 50838 (0xc696) encountered
[ WARN:0@75.416] global grfmt_tiff.cpp:123 TIFF_Warning TIFFReadDirectory: Unknown field with tag 50839 (0xc697) encountered
[ WARN:0@75.418] global grfmt_tiff.cpp:123 TIFF_Warning TIFFReadDirectory: Unknown field with tag 50838 (0xc696) encountered
[ WARN:0@75.418] global grfmt_tiff.cpp:123 TIFF_Warning TIFFReadDirectory: Unknown field with tag 50839 (0xc697) encountered
[ WARN:0@75.419] global grfmt_tiff.cpp:123 TIFF_Warning TIFFReadDirectory: Unknown field with tag 50838 (0xc696) encountered
[ WARN:0@75.419] global grfmt_tiff.cpp:123 TIFF_Warning TIFFReadDirectory: Unknown field with tag 50839 (0xc697) encountered
[ WARN:0@75.420] global grfmt_tiff.cpp:123 TIFF_Warning TIFFReadDirectory: Unknown field with tag 50838 (0xc696) encountered
[ WARN:0@75.420] global grfmt_tiff.cpp:123 TIFF_Warning TIFFReadDirectory: Unknown field with tag 50839 (0xc697) encountered
[ WARN:0@76.064] global grfmt_tiff.cpp:123 TIFF_Warning TIFFReadDirectory: Unknown field with tag 50838 (0xc696) encountered
[ WARN:0@76.064] global grfmt_tiff.cpp:123 TIFF_Warning TIFFReadDirectory: Unknown field with tag 50839 (0xc697) encountered
[ WARN:0@76.217] global grfmt_tiff.cpp:123 TIFF_Warning TIFFReadDirectory: Unknown field with tag 50838 (0xc696) encountered
[ WARN:0@76.217] global grfmt_tiff.cpp:123 TIFF_Warning TIFFReadDirectory: Unknown field with tag 50839 (0xc697) encountered
[ WARN:0@76.219] global grfmt_tiff.cpp:123 TIFF_Warning TIFFReadDirectory: Unknown field with tag 50838 (0xc696) encountered
[ WARN:0@76.219] global grfmt_tiff.cpp:123 TIFF_Warning TIFFReadDirectory: Unknown field with tag 50839 (0xc697) encountered
[ WARN:0@76.220] global grfmt_tiff.cpp:123 TIFF_Warning TIFFReadDirectory: Unknown field with tag 50838 (0xc696) encountered
[ WARN:0@76.220] global grfmt_tiff.cpp:123 TIFF_Warning TIFFReadDirectory: Unknown field with tag 50839 (0xc697) encountered
[ WARN:0@76.221] global grfmt_tiff.cpp:123 TIFF_Warning TIFFReadDirectory: Unknown field with tag 50838 (0xc696) encountered
[ WARN:0@76.221] global grfmt_tiff.cpp:123 TIFF_Warning TIFFReadDirectory: Unknown field with tag 50839 (0xc697) encountered
[ WARN:0@76.224] global grfmt_tiff.cpp:123 TIFF_Warning TIFFReadDirectory: Unknown field with tag 50838 (0xc696) encountered
[ WARN:0@76.224] global grfmt_tiff.cpp:123 TIFF_Warning TIFFReadDirectory: Unknown field with tag 50839 (0xc697) encountered
[ WARN:0@76.225] global grfmt_tiff.cpp:123 TIFF_Warning TIFFReadDirectory: Unknown field with tag 50838 (0xc696) encountered
[ WARN:0@76.225] global grfmt_tiff.cpp:123 TIFF_Warning TIFFReadDirectory: Unknown field with tag 50839 (0xc697) encountered
[ WARN:0@76.228] global grfmt_tiff.cpp:123 TIFF_Warning TIFFReadDirectory: Unknown field with tag 50838 (0xc696) encountered
[ WARN:0@76.228] global grfmt_tiff.cpp:123 TIFF_Warning TIFFReadDirectory: Unknown field with tag 50839 (0xc697) encountered
[ WARN:0@76.229] global grfmt_tiff.cpp:123 TIFF_Warning TIFFReadDirectory: Unknown field with tag 50838 (0xc696) encountered
[ WARN:0@76.229] global grfmt_tiff.cpp:123 TIFF_Warning TIFFReadDirectory: Unknown field with tag 50839 (0xc697) encountered
[ WARN:0@76.232] global grfmt_tiff.cpp:123 TIFF_Warning TIFFReadDirectory: Unknown field with tag 50838 (0xc696) encountered
[ WARN:0@76.232] global grfmt_tiff.cpp:123 TIFF_Warning TIFFReadDirectory: Unknown field with tag 50839 (0xc697) encountered
[ WARN:0@76.235] global grfmt_tiff.cpp:123 TIFF_Warning TIFFReadDirectory: Unknown field with tag 50838 (0xc696) encountered
[ WARN:0@76.235] global grfmt_tiff.cpp:123 TIFF_Warning TIFFReadDirectory: Unknown field with tag 50839 (0xc697) encountered
[ WARN:0@76.236] global grfmt_tiff.cpp:123 TIFF_Warning TIFFReadDirectory: Unknown field with tag 50838 (0xc696) encountered
[ WARN:0@76.236] global grfmt_tiff.cpp:123 TIFF_Warning TIFFReadDirectory: Unknown field with tag 50839 (0xc697) encountered
[ WARN:0@76.238] global grfmt_tiff.cpp:123 TIFF_Warning TIFFReadDirectory: Unknown field with tag 50838 (0xc696) encountered
[ WARN:0@76.238] global grfmt_tiff.cpp:123 TIFF_Warning TIFFReadDirectory: Unknown field with tag 50839 (0xc697) encountered
[ WARN:0@76.240] global grfmt_tiff.cpp:123 TIFF_Warning TIFFReadDirectory: Unknown field with tag 50838 (0xc696) encountered
[ WARN:0@76.240] global grfmt_tiff.cpp:123 TIFF_Warning TIFFReadDirectory: Unknown field with tag 50839 (0xc697) encountered
[ WARN:0@76.241] global grfmt_tiff.cpp:123 TIFF_Warning TIFFReadDirectory: Unknown field with tag 50838 (0xc696) encountered
[ WARN:0@76.241] global grfmt_tiff.cpp:123 TIFF_Warning TIFFReadDirectory: Unknown field with tag 50839 (0xc697) encountered
[ WARN:0@76.244] global grfmt_tiff.cpp:123 TIFF_Warning TIFFReadDirectory: Unknown field with tag 50838 (0xc696) encountered
[ WARN:0@76.244] global grfmt_tiff.cpp:123 TIFF_Warning TIFFReadDirectory: Unknown field with tag 50839 (0xc697) encountered
[ WARN:0@76.246] global grfmt_tiff.cpp:123 TIFF_Warning TIFFReadDirectory: Unknown field with tag 50838 (0xc696) encountered
[ WARN:0@76.246] global grfmt_tiff.cpp:123 TIFF_Warning TIFFReadDirectory: Unknown field with tag 50839 (0xc697) encountered
[ WARN:0@76.248] global grfmt_tiff.cpp:123 TIFF_Warning TIFFReadDirectory: Unknown field with tag 50838 (0xc696) encountered
[ WARN:0@76.248] global grfmt_tiff.cpp:123 TIFF_Warning TIFFReadDirectory: Unknown field with tag 50839 (0xc697) encountered
[ WARN:0@76.249] global grfmt_tiff.cpp:123 TIFF_Warning TIFFReadDirectory: Unknown field with tag 50838 (0xc696) encountered
[ WARN:0@76.249] global grfmt_tiff.cpp:123 TIFF_Warning TIFFReadDirectory: Unknown field with tag 50839 (0xc697) encountered
[ WARN:0@76.252] global grfmt_tiff.cpp:123 TIFF_Warning TIFFReadDirectory: Unknown field with tag 50838 (0xc696) encountered
[ WARN:0@76.252] global grfmt_tiff.cpp:123 TIFF_Warning TIFFReadDirectory: Unknown field with tag 50839 (0xc697) encountered
[ WARN:0@76.254] global grfmt_tiff.cpp:123 TIFF_Warning TIFFReadDirectory: Unknown field with tag 50838 (0xc696) encountered
[ WARN:0@76.254] global grfmt_tiff.cpp:123 TIFF_Warning TIFFReadDirectory: Unknown field with tag 50839 (0xc697) encountered
[ WARN:0@76.256] global grfmt_tiff.cpp:123 TIFF_Warning TIFFReadDirectory: Unknown field with tag 50838 (0xc696) encountered
[ WARN:0@76.256] global grfmt_tiff.cpp:123 TIFF_Warning TIFFReadDirectory: Unknown field with tag 50839 (0xc697) encountered
[ WARN:0@76.257] global grfmt_tiff.cpp:123 TIFF_Warning TIFFReadDirectory: Unknown field with tag 50838 (0xc696) encountered
[ WARN:0@76.257] global grfmt_tiff.cpp:123 TIFF_Warning TIFFReadDirectory: Unknown field with tag 50839 (0xc697) encountered
[ WARN:0@76.260] global grfmt_tiff.cpp:123 TIFF_Warning TIFFReadDirectory: Unknown field with tag 50838 (0xc696) encountered
[ WARN:0@76.260] global grfmt_tiff.cpp:123 TIFF_Warning TIFFReadDirectory: Unknown field with tag 50839 (0xc697) encountered
[ WARN:0@76.262] global grfmt_tiff.cpp:123 TIFF_Warning TIFFReadDirectory: Unknown field with tag 50838 (0xc696) encountered
[ WARN:0@76.262] global grfmt_tiff.cpp:123 TIFF_Warning TIFFReadDirectory: Unknown field with tag 50839 (0xc697) encountered
[ WARN:0@76.263] global grfmt_tiff.cpp:123 TIFF_Warning TIFFReadDirectory: Unknown field with tag 50838 (0xc696) encountered
[ WARN:0@76.263] global grfmt_tiff.cpp:123 TIFF_Warning TIFFReadDirectory: Unknown field with tag 50839 (0xc697) encountered
[ WARN:0@76.266] global grfmt_tiff.cpp:123 TIFF_Warning TIFFReadDirectory: Unknown field with tag 50838 (0xc696) encountered
[ WARN:0@76.266] global grfmt_tiff.cpp:123 TIFF_Warning TIFFReadDirectory: Unknown field with tag 50839 (0xc697) encountered
[ WARN:0@76.267] global grfmt_tiff.cpp:123 TIFF_Warning TIFFReadDirectory: Unknown field with tag 50838 (0xc696) encountered
[ WARN:0@76.267] global grfmt_tiff.cpp:123 TIFF_Warning TIFFReadDirectory: Unknown field with tag 50839 (0xc697) encountered
[ WARN:0@76.268] global grfmt_tiff.cpp:123 TIFF_Warning TIFFReadDirectory: Unknown field with tag 50838 (0xc696) encountered
[ WARN:0@76.268] global grfmt_tiff.cpp:123 TIFF_Warning TIFFReadDirectory: Unknown field with tag 50839 (0xc697) encountered
[ WARN:0@76.269] global grfmt_tiff.cpp:123 TIFF_Warning TIFFReadDirectory: Unknown field with tag 50838 (0xc696) encountered
[ WARN:0@76.269] global grfmt_tiff.cpp:123 TIFF_Warning TIFFReadDirectory: Unknown field with tag 50839 (0xc697) encountered
[ WARN:0@76.271] global grfmt_tiff.cpp:123 TIFF_Warning TIFFReadDirectory: Unknown field with tag 50838 (0xc696) encountered
[ WARN:0@76.271] global grfmt_tiff.cpp:123 TIFF_Warning TIFFReadDirectory: Unknown field with tag 50839 (0xc697) encountered
[ WARN:0@76.272] global grfmt_tiff.cpp:123 TIFF_Warning TIFFReadDirectory: Unknown field with tag 50838 (0xc696) encountered
[ WARN:0@76.272] global grfmt_tiff.cpp:123 TIFF_Warning TIFFReadDirectory: Unknown field with tag 50839 (0xc697) encountered
[ WARN:0@76.274] global grfmt_tiff.cpp:123 TIFF_Warning TIFFReadDirectory: Unknown field with tag 50838 (0xc696) encountered
[ WARN:0@76.274] global grfmt_tiff.cpp:123 TIFF_Warning TIFFReadDirectory: Unknown field with tag 50839 (0xc697) encountered
[ WARN:0@76.275] global grfmt_tiff.cpp:123 TIFF_Warning TIFFReadDirectory: Unknown field with tag 50838 (0xc696) encountered
[ WARN:0@76.275] global grfmt_tiff.cpp:123 TIFF_Warning TIFFReadDirectory: Unknown field with tag 50839 (0xc697) encountered
[ WARN:0@76.278] global grfmt_tiff.cpp:123 TIFF_Warning TIFFReadDirectory: Unknown field with tag 50838 (0xc696) encountered
[ WARN:0@76.278] global grfmt_tiff.cpp:123 TIFF_Warning TIFFReadDirectory: Unknown field with tag 50839 (0xc697) encountered
[ WARN:0@76.281] global grfmt_tiff.cpp:123 TIFF_Warning TIFFReadDirectory: Unknown field with tag 50838 (0xc696) encountered
[ WARN:0@76.281] global grfmt_tiff.cpp:123 TIFF_Warning TIFFReadDirectory: Unknown field with tag 50839 (0xc697) encountered
[ WARN:0@76.282] global grfmt_tiff.cpp:123 TIFF_Warning TIFFReadDirectory: Unknown field with tag 50838 (0xc696) encountered
[ WARN:0@76.282] global grfmt_tiff.cpp:123 TIFF_Warning TIFFReadDirectory: Unknown field with tag 50839 (0xc697) encountered
[ WARN:0@76.285] global grfmt_tiff.cpp:123 TIFF_Warning TIFFReadDirectory: Unknown field with tag 50838 (0xc696) encountered
[ WARN:0@76.285] global grfmt_tiff.cpp:123 TIFF_Warning TIFFReadDirectory: Unknown field with tag 50839 (0xc697) encountered
[ WARN:0@76.286] global grfmt_tiff.cpp:123 TIFF_Warning TIFFReadDirectory: Unknown field with tag 50838 (0xc696) encountered
[ WARN:0@76.286] global grfmt_tiff.cpp:123 TIFF_Warning TIFFReadDirectory: Unknown field with tag 50839 (0xc697) encountered
[ WARN:0@76.287] global grfmt_tiff.cpp:123 TIFF_Warning TIFFReadDirectory: Unknown field with tag 50838 (0xc696) encountered
[ WARN:0@76.287] global grfmt_tiff.cpp:123 TIFF_Warning TIFFReadDirectory: Unknown field with tag 50839 (0xc697) encountered
[ WARN:0@76.291] global grfmt_tiff.cpp:123 TIFF_Warning TIFFReadDirectory: Unknown field with tag 50838 (0xc696) encountered
[ WARN:0@76.291] global grfmt_tiff.cpp:123 TIFF_Warning TIFFReadDirectory: Unknown field with tag 50839 (0xc697) encountered
[ WARN:0@76.292] global grfmt_tiff.cpp:123 TIFF_Warning TIFFReadDirectory: Unknown field with tag 50838 (0xc696) encountered
[ WARN:0@76.292] global grfmt_tiff.cpp:123 TIFF_Warning TIFFReadDirectory: Unknown field with tag 50839 (0xc697) encountered
[ WARN:0@76.294] global grfmt_tiff.cpp:123 TIFF_Warning TIFFReadDirectory: Unknown field with tag 50838 (0xc696) encountered
[ WARN:0@76.294] global grfmt_tiff.cpp:123 TIFF_Warning TIFFReadDirectory: Unknown field with tag 50839 (0xc697) encountered
[ WARN:0@76.295] global grfmt_tiff.cpp:123 TIFF_Warning TIFFReadDirectory: Unknown field with tag 50838 (0xc696) encountered
[ WARN:0@76.295] global grfmt_tiff.cpp:123 TIFF_Warning TIFFReadDirectory: Unknown field with tag 50839 (0xc697) encountered
[ WARN:0@76.298] global grfmt_tiff.cpp:123 TIFF_Warning TIFFReadDirectory: Unknown field with tag 50838 (0xc696) encountered
[ WARN:0@76.298] global grfmt_tiff.cpp:123 TIFF_Warning TIFFReadDirectory: Unknown field with tag 50839 (0xc697) encountered
[ WARN:0@76.300] global grfmt_tiff.cpp:123 TIFF_Warning TIFFReadDirectory: Unknown field with tag 50838 (0xc696) encountered
[ WARN:0@76.300] global grfmt_tiff.cpp:123 TIFF_Warning TIFFReadDirectory: Unknown field with tag 50839 (0xc697) encountered
[ WARN:0@76.303] global grfmt_tiff.cpp:123 TIFF_Warning TIFFReadDirectory: Unknown field with tag 50838 (0xc696) encountered
[ WARN:0@76.303] global grfmt_tiff.cpp:123 TIFF_Warning TIFFReadDirectory: Unknown field with tag 50839 (0xc697) encountered
[ WARN:0@76.304] global grfmt_tiff.cpp:123 TIFF_Warning TIFFReadDirectory: Unknown field with tag 50838 (0xc696) encountered
[ WARN:0@76.304] global grfmt_tiff.cpp:123 TIFF_Warning TIFFReadDirectory: Unknown field with tag 50839 (0xc697) encountered
[ WARN:0@76.306] global grfmt_tiff.cpp:123 TIFF_Warning TIFFReadDirectory: Unknown field with tag 50838 (0xc696) encountered
[ WARN:0@76.306] global grfmt_tiff.cpp:123 TIFF_Warning TIFFReadDirectory: Unknown field with tag 50839 (0xc697) encountered
[ WARN:0@76.307] global grfmt_tiff.cpp:123 TIFF_Warning TIFFReadDirectory: Unknown field with tag 50838 (0xc696) encountered
[ WARN:0@76.307] global grfmt_tiff.cpp:123 TIFF_Warning TIFFReadDirectory: Unknown field with tag 50839 (0xc697) encountered
[ WARN:0@76.308] global grfmt_tiff.cpp:123 TIFF_Warning TIFFReadDirectory: Unknown field with tag 50838 (0xc696) encountered
[ WARN:0@76.308] global grfmt_tiff.cpp:123 TIFF_Warning TIFFReadDirectory: Unknown field with tag 50839 (0xc697) encountered
[ WARN:0@77.220] global grfmt_tiff.cpp:123 TIFF_Warning TIFFReadDirectory: Unknown field with tag 50838 (0xc696) encountered
[ WARN:0@77.220] global grfmt_tiff.cpp:123 TIFF_Warning TIFFReadDirectory: Unknown field with tag 50839 (0xc697) encountered
[ WARN:0@77.222] global grfmt_tiff.cpp:123 TIFF_Warning TIFFReadDirectory: Unknown field with tag 50838 (0xc696) encountered
[ WARN:0@77.222] global grfmt_tiff.cpp:123 TIFF_Warning TIFFReadDirectory: Unknown field with tag 50839 (0xc697) encountered
[ WARN:0@77.223] global grfmt_tiff.cpp:123 TIFF_Warning TIFFReadDirectory: Unknown field with tag 50838 (0xc696) encountered
[ WARN:0@77.223] global grfmt_tiff.cpp:123 TIFF_Warning TIFFReadDirectory: Unknown field with tag 50839 (0xc697) encountered
[ WARN:0@77.224] global grfmt_tiff.cpp:123 TIFF_Warning TIFFReadDirectory: Unknown field with tag 50838 (0xc696) encountered
[ WARN:0@77.224] global grfmt_tiff.cpp:123 TIFF_Warning TIFFReadDirectory: Unknown field with tag 50839 (0xc697) encountered
[ WARN:0@77.227] global grfmt_tiff.cpp:123 TIFF_Warning TIFFReadDirectory: Unknown field with tag 50838 (0xc696) encountered
[ WARN:0@77.227] global grfmt_tiff.cpp:123 TIFF_Warning TIFFReadDirectory: Unknown field with tag 50839 (0xc697) encountered
[ WARN:0@77.228] global grfmt_tiff.cpp:123 TIFF_Warning TIFFReadDirectory: Unknown field with tag 50838 (0xc696) encountered
[ WARN:0@77.228] global grfmt_tiff.cpp:123 TIFF_Warning TIFFReadDirectory: Unknown field with tag 50839 (0xc697) encountered
[ WARN:0@77.232] global grfmt_tiff.cpp:123 TIFF_Warning TIFFReadDirectory: Unknown field with tag 50838 (0xc696) encountered
[ WARN:0@77.232] global grfmt_tiff.cpp:123 TIFF_Warning TIFFReadDirectory: Unknown field with tag 50839 (0xc697) encountered
[ WARN:0@77.233] global grfmt_tiff.cpp:123 TIFF_Warning TIFFReadDirectory: Unknown field with tag 50838 (0xc696) encountered
[ WARN:0@77.233] global grfmt_tiff.cpp:123 TIFF_Warning TIFFReadDirectory: Unknown field with tag 50839 (0xc697) encountered
[ WARN:0@77.235] global grfmt_tiff.cpp:123 TIFF_Warning TIFFReadDirectory: Unknown field with tag 50838 (0xc696) encountered
[ WARN:0@77.235] global grfmt_tiff.cpp:123 TIFF_Warning TIFFReadDirectory: Unknown field with tag 50839 (0xc697) encountered
[ WARN:0@77.239] global grfmt_tiff.cpp:123 TIFF_Warning TIFFReadDirectory: Unknown field with tag 50838 (0xc696) encountered
[ WARN:0@77.239] global grfmt_tiff.cpp:123 TIFF_Warning TIFFReadDirectory: Unknown field with tag 50839 (0xc697) encountered
[ WARN:0@77.239] global grfmt_tiff.cpp:123 TIFF_Warning TIFFReadDirectory: Unknown field with tag 50838 (0xc696) encountered
[ WARN:0@77.239] global grfmt_tiff.cpp:123 TIFF_Warning TIFFReadDirectory: Unknown field with tag 50839 (0xc697) encountered
[ WARN:0@77.242] global grfmt_tiff.cpp:123 TIFF_Warning TIFFReadDirectory: Unknown field with tag 50838 (0xc696) encountered
[ WARN:0@77.242] global grfmt_tiff.cpp:123 TIFF_Warning TIFFReadDirectory: Unknown field with tag 50839 (0xc697) encountered
[ WARN:0@77.243] global grfmt_tiff.cpp:123 TIFF_Warning TIFFReadDirectory: Unknown field with tag 50838 (0xc696) encountered
[ WARN:0@77.243] global grfmt_tiff.cpp:123 TIFF_Warning TIFFReadDirectory: Unknown field with tag 50839 (0xc697) encountered
[ WARN:0@77.244] global grfmt_tiff.cpp:123 TIFF_Warning TIFFReadDirectory: Unknown field with tag 50838 (0xc696) encountered
[ WARN:0@77.244] global grfmt_tiff.cpp:123 TIFF_Warning TIFFReadDirectory: Unknown field with tag 50839 (0xc697) encountered
[ WARN:0@77.247] global grfmt_tiff.cpp:123 TIFF_Warning TIFFReadDirectory: Unknown field with tag 50838 (0xc696) encountered
[ WARN:0@77.247] global grfmt_tiff.cpp:123 TIFF_Warning TIFFReadDirectory: Unknown field with tag 50839 (0xc697) encountered
[ WARN:0@77.248] global grfmt_tiff.cpp:123 TIFF_Warning TIFFReadDirectory: Unknown field with tag 50838 (0xc696) encountered
[ WARN:0@77.248] global grfmt_tiff.cpp:123 TIFF_Warning TIFFReadDirectory: Unknown field with tag 50839 (0xc697) encountered
[ WARN:0@77.251] global grfmt_tiff.cpp:123 TIFF_Warning TIFFReadDirectory: Unknown field with tag 50838 (0xc696) encountered
[ WARN:0@77.251] global grfmt_tiff.cpp:123 TIFF_Warning TIFFReadDirectory: Unknown field with tag 50839 (0xc697) encountered
[ WARN:0@77.252] global grfmt_tiff.cpp:123 TIFF_Warning TIFFReadDirectory: Unknown field with tag 50838 (0xc696) encountered
[ WARN:0@77.252] global grfmt_tiff.cpp:123 TIFF_Warning TIFFReadDirectory: Unknown field with tag 50839 (0xc697) encountered
[ WARN:0@77.255] global grfmt_tiff.cpp:123 TIFF_Warning TIFFReadDirectory: Unknown field with tag 50838 (0xc696) encountered
[ WARN:0@77.255] global grfmt_tiff.cpp:123 TIFF_Warning TIFFReadDirectory: Unknown field with tag 50839 (0xc697) encountered
[ WARN:0@77.257] global grfmt_tiff.cpp:123 TIFF_Warning TIFFReadDirectory: Unknown field with tag 50838 (0xc696) encountered
[ WARN:0@77.257] global grfmt_tiff.cpp:123 TIFF_Warning TIFFReadDirectory: Unknown field with tag 50839 (0xc697) encountered
[ WARN:0@77.259] global grfmt_tiff.cpp:123 TIFF_Warning TIFFReadDirectory: Unknown field with tag 50838 (0xc696) encountered
[ WARN:0@77.259] global grfmt_tiff.cpp:123 TIFF_Warning TIFFReadDirectory: Unknown field with tag 50839 (0xc697) encountered
[ WARN:0@77.260] global grfmt_tiff.cpp:123 TIFF_Warning TIFFReadDirectory: Unknown field with tag 50838 (0xc696) encountered
[ WARN:0@77.260] global grfmt_tiff.cpp:123 TIFF_Warning TIFFReadDirectory: Unknown field with tag 50839 (0xc697) encountered
[ WARN:0@77.262] global grfmt_tiff.cpp:123 TIFF_Warning TIFFReadDirectory: Unknown field with tag 50838 (0xc696) encountered
[ WARN:0@77.262] global grfmt_tiff.cpp:123 TIFF_Warning TIFFReadDirectory: Unknown field with tag 50839 (0xc697) encountered
[ WARN:0@77.263] global grfmt_tiff.cpp:123 TIFF_Warning TIFFReadDirectory: Unknown field with tag 50838 (0xc696) encountered
[ WARN:0@77.263] global grfmt_tiff.cpp:123 TIFF_Warning TIFFReadDirectory: Unknown field with tag 50839 (0xc697) encountered
[ WARN:0@77.264] global grfmt_tiff.cpp:123 TIFF_Warning TIFFReadDirectory: Unknown field with tag 50838 (0xc696) encountered
[ WARN:0@77.264] global grfmt_tiff.cpp:123 TIFF_Warning TIFFReadDirectory: Unknown field with tag 50839 (0xc697) encountered
[ WARN:0@77.953] global grfmt_tiff.cpp:123 TIFF_Warning TIFFReadDirectory: Unknown field with tag 50838 (0xc696) encountered
[ WARN:0@77.953] global grfmt_tiff.cpp:123 TIFF_Warning TIFFReadDirectory: Unknown field with tag 50839 (0xc697) encountered
[ WARN:0@78.107] global grfmt_tiff.cpp:123 TIFF_Warning TIFFReadDirectory: Unknown field with tag 50838 (0xc696) encountered
[ WARN:0@78.107] global grfmt_tiff.cpp:123 TIFF_Warning TIFFReadDirectory: Unknown field with tag 50839 (0xc697) encountered
[ WARN:0@78.109] global grfmt_tiff.cpp:123 TIFF_Warning TIFFReadDirectory: Unknown field with tag 50838 (0xc696) encountered
[ WARN:0@78.109] global grfmt_tiff.cpp:123 TIFF_Warning TIFFReadDirectory: Unknown field with tag 50839 (0xc697) encountered
[ WARN:0@78.111] global grfmt_tiff.cpp:123 TIFF_Warning TIFFReadDirectory: Unknown field with tag 50838 (0xc696) encountered
[ WARN:0@78.111] global grfmt_tiff.cpp:123 TIFF_Warning TIFFReadDirectory: Unknown field with tag 50839 (0xc697) encountered
[ WARN:0@78.112] global grfmt_tiff.cpp:123 TIFF_Warning TIFFReadDirectory: Unknown field with tag 50838 (0xc696) encountered
[ WARN:0@78.112] global grfmt_tiff.cpp:123 TIFF_Warning TIFFReadDirectory: Unknown field with tag 50839 (0xc697) encountered
[ WARN:0@78.114] global grfmt_tiff.cpp:123 TIFF_Warning TIFFReadDirectory: Unknown field with tag 50838 (0xc696) encountered
[ WARN:0@78.114] global grfmt_tiff.cpp:123 TIFF_Warning TIFFReadDirectory: Unknown field with tag 50839 (0xc697) encountered
[ WARN:0@78.115] global grfmt_tiff.cpp:123 TIFF_Warning TIFFReadDirectory: Unknown field with tag 50838 (0xc696) encountered
[ WARN:0@78.115] global grfmt_tiff.cpp:123 TIFF_Warning TIFFReadDirectory: Unknown field with tag 50839 (0xc697) encountered
[ WARN:0@78.119] global grfmt_tiff.cpp:123 TIFF_Warning TIFFReadDirectory: Unknown field with tag 50838 (0xc696) encountered
[ WARN:0@78.119] global grfmt_tiff.cpp:123 TIFF_Warning TIFFReadDirectory: Unknown field with tag 50839 (0xc697) encountered
[ WARN:0@78.120] global grfmt_tiff.cpp:123 TIFF_Warning TIFFReadDirectory: Unknown field with tag 50838 (0xc696) encountered
[ WARN:0@78.120] global grfmt_tiff.cpp:123 TIFF_Warning TIFFReadDirectory: Unknown field with tag 50839 (0xc697) encountered
[ WARN:0@78.123] global grfmt_tiff.cpp:123 TIFF_Warning TIFFReadDirectory: Unknown field with tag 50838 (0xc696) encountered
[ WARN:0@78.123] global grfmt_tiff.cpp:123 TIFF_Warning TIFFReadDirectory: Unknown field with tag 50839 (0xc697) encountered
[ WARN:0@78.126] global grfmt_tiff.cpp:123 TIFF_Warning TIFFReadDirectory: Unknown field with tag 50838 (0xc696) encountered
[ WARN:0@78.126] global grfmt_tiff.cpp:123 TIFF_Warning TIFFReadDirectory: Unknown field with tag 50839 (0xc697) encountered
[ WARN:0@78.127] global grfmt_tiff.cpp:123 TIFF_Warning TIFFReadDirectory: Unknown field with tag 50838 (0xc696) encountered
[ WARN:0@78.127] global grfmt_tiff.cpp:123 TIFF_Warning TIFFReadDirectory: Unknown field with tag 50839 (0xc697) encountered
[ WARN:0@78.129] global grfmt_tiff.cpp:123 TIFF_Warning TIFFReadDirectory: Unknown field with tag 50838 (0xc696) encountered
[ WARN:0@78.129] global grfmt_tiff.cpp:123 TIFF_Warning TIFFReadDirectory: Unknown field with tag 50839 (0xc697) encountered
[ WARN:0@78.130] global grfmt_tiff.cpp:123 TIFF_Warning TIFFReadDirectory: Unknown field with tag 50838 (0xc696) encountered
[ WARN:0@78.130] global grfmt_tiff.cpp:123 TIFF_Warning TIFFReadDirectory: Unknown field with tag 50839 (0xc697) encountered
[ WARN:0@78.131] global grfmt_tiff.cpp:123 TIFF_Warning TIFFReadDirectory: Unknown field with tag 50838 (0xc696) encountered
[ WARN:0@78.131] global grfmt_tiff.cpp:123 TIFF_Warning TIFFReadDirectory: Unknown field with tag 50839 (0xc697) encountered
[ WARN:0@78.135] global grfmt_tiff.cpp:123 TIFF_Warning TIFFReadDirectory: Unknown field with tag 50838 (0xc696) encountered
[ WARN:0@78.135] global grfmt_tiff.cpp:123 TIFF_Warning TIFFReadDirectory: Unknown field with tag 50839 (0xc697) encountered
[ WARN:0@78.136] global grfmt_tiff.cpp:123 TIFF_Warning TIFFReadDirectory: Unknown field with tag 50838 (0xc696) encountered
[ WARN:0@78.136] global grfmt_tiff.cpp:123 TIFF_Warning TIFFReadDirectory: Unknown field with tag 50839 (0xc697) encountered
[ WARN:0@78.138] global grfmt_tiff.cpp:123 TIFF_Warning TIFFReadDirectory: Unknown field with tag 50838 (0xc696) encountered
[ WARN:0@78.138] global grfmt_tiff.cpp:123 TIFF_Warning TIFFReadDirectory: Unknown field with tag 50839 (0xc697) encountered
[ WARN:0@78.139] global grfmt_tiff.cpp:123 TIFF_Warning TIFFReadDirectory: Unknown field with tag 50838 (0xc696) encountered
[ WARN:0@78.139] global grfmt_tiff.cpp:123 TIFF_Warning TIFFReadDirectory: Unknown field with tag 50839 (0xc697) encountered
[ WARN:0@78.143] global grfmt_tiff.cpp:123 TIFF_Warning TIFFReadDirectory: Unknown field with tag 50838 (0xc696) encountered
[ WARN:0@78.143] global grfmt_tiff.cpp:123 TIFF_Warning TIFFReadDirectory: Unknown field with tag 50839 (0xc697) encountered
[ WARN:0@78.145] global grfmt_tiff.cpp:123 TIFF_Warning TIFFReadDirectory: Unknown field with tag 50838 (0xc696) encountered
[ WARN:0@78.145] global grfmt_tiff.cpp:123 TIFF_Warning TIFFReadDirectory: Unknown field with tag 50839 (0xc697) encountered
[ WARN:0@78.147] global grfmt_tiff.cpp:123 TIFF_Warning TIFFReadDirectory: Unknown field with tag 50838 (0xc696) encountered
[ WARN:0@78.147] global grfmt_tiff.cpp:123 TIFF_Warning TIFFReadDirectory: Unknown field with tag 50839 (0xc697) encountered
[ WARN:0@78.148] global grfmt_tiff.cpp:123 TIFF_Warning TIFFReadDirectory: Unknown field with tag 50838 (0xc696) encountered
[ WARN:0@78.148] global grfmt_tiff.cpp:123 TIFF_Warning TIFFReadDirectory: Unknown field with tag 50839 (0xc697) encountered
[ WARN:0@78.151] global grfmt_tiff.cpp:123 TIFF_Warning TIFFReadDirectory: Unknown field with tag 50838 (0xc696) encountered
[ WARN:0@78.151] global grfmt_tiff.cpp:123 TIFF_Warning TIFFReadDirectory: Unknown field with tag 50839 (0xc697) encountered
[ WARN:0@78.152] global grfmt_tiff.cpp:123 TIFF_Warning TIFFReadDirectory: Unknown field with tag 50838 (0xc696) encountered
[ WARN:0@78.152] global grfmt_tiff.cpp:123 TIFF_Warning TIFFReadDirectory: Unknown field with tag 50839 (0xc697) encountered
[ WARN:0@78.153] global grfmt_tiff.cpp:123 TIFF_Warning TIFFReadDirectory: Unknown field with tag 50838 (0xc696) encountered
[ WARN:0@78.153] global grfmt_tiff.cpp:123 TIFF_Warning TIFFReadDirectory: Unknown field with tag 50839 (0xc697) encountered
[ WARN:0@78.156] global grfmt_tiff.cpp:123 TIFF_Warning TIFFReadDirectory: Unknown field with tag 50838 (0xc696) encountered
[ WARN:0@78.156] global grfmt_tiff.cpp:123 TIFF_Warning TIFFReadDirectory: Unknown field with tag 50839 (0xc697) encountered
[ WARN:0@78.157] global grfmt_tiff.cpp:123 TIFF_Warning TIFFReadDirectory: Unknown field with tag 50838 (0xc696) encountered
[ WARN:0@78.157] global grfmt_tiff.cpp:123 TIFF_Warning TIFFReadDirectory: Unknown field with tag 50839 (0xc697) encountered
[ WARN:0@78.158] global grfmt_tiff.cpp:123 TIFF_Warning TIFFReadDirectory: Unknown field with tag 50838 (0xc696) encountered
[ WARN:0@78.158] global grfmt_tiff.cpp:123 TIFF_Warning TIFFReadDirectory: Unknown field with tag 50839 (0xc697) encountered
[ WARN:0@78.159] global grfmt_tiff.cpp:123 TIFF_Warning TIFFReadDirectory: Unknown field with tag 50838 (0xc696) encountered
[ WARN:0@78.159] global grfmt_tiff.cpp:123 TIFF_Warning TIFFReadDirectory: Unknown field with tag 50839 (0xc697) encountered
[ WARN:0@78.161] global grfmt_tiff.cpp:123 TIFF_Warning TIFFReadDirectory: Unknown field with tag 50838 (0xc696) encountered
[ WARN:0@78.161] global grfmt_tiff.cpp:123 TIFF_Warning TIFFReadDirectory: Unknown field with tag 50839 (0xc697) encountered
[ WARN:0@78.162] global grfmt_tiff.cpp:123 TIFF_Warning TIFFReadDirectory: Unknown field with tag 50838 (0xc696) encountered
[ WARN:0@78.162] global grfmt_tiff.cpp:123 TIFF_Warning TIFFReadDirectory: Unknown field with tag 50839 (0xc697) encountered
[ WARN:0@78.165] global grfmt_tiff.cpp:123 TIFF_Warning TIFFReadDirectory: Unknown field with tag 50838 (0xc696) encountered
[ WARN:0@78.165] global grfmt_tiff.cpp:123 TIFF_Warning TIFFReadDirectory: Unknown field with tag 50839 (0xc697) encountered
[ WARN:0@78.166] global grfmt_tiff.cpp:123 TIFF_Warning TIFFReadDirectory: Unknown field with tag 50838 (0xc696) encountered
[ WARN:0@78.166] global grfmt_tiff.cpp:123 TIFF_Warning TIFFReadDirectory: Unknown field with tag 50839 (0xc697) encountered
[ WARN:0@78.169] global grfmt_tiff.cpp:123 TIFF_Warning TIFFReadDirectory: Unknown field with tag 50838 (0xc696) encountered
[ WARN:0@78.169] global grfmt_tiff.cpp:123 TIFF_Warning TIFFReadDirectory: Unknown field with tag 50839 (0xc697) encountered
[ WARN:0@78.172] global grfmt_tiff.cpp:123 TIFF_Warning TIFFReadDirectory: Unknown field with tag 50838 (0xc696) encountered
[ WARN:0@78.172] global grfmt_tiff.cpp:123 TIFF_Warning TIFFReadDirectory: Unknown field with tag 50839 (0xc697) encountered
[ WARN:0@78.173] global grfmt_tiff.cpp:123 TIFF_Warning TIFFReadDirectory: Unknown field with tag 50838 (0xc696) encountered
[ WARN:0@78.173] global grfmt_tiff.cpp:123 TIFF_Warning TIFFReadDirectory: Unknown field with tag 50839 (0xc697) encountered
[ WARN:0@78.175] global grfmt_tiff.cpp:123 TIFF_Warning TIFFReadDirectory: Unknown field with tag 50838 (0xc696) encountered
[ WARN:0@78.175] global grfmt_tiff.cpp:123 TIFF_Warning TIFFReadDirectory: Unknown field with tag 50839 (0xc697) encountered
[ WARN:0@78.176] global grfmt_tiff.cpp:123 TIFF_Warning TIFFReadDirectory: Unknown field with tag 50838 (0xc696) encountered
[ WARN:0@78.176] global grfmt_tiff.cpp:123 TIFF_Warning TIFFReadDirectory: Unknown field with tag 50839 (0xc697) encountered
[ WARN:0@78.177] global grfmt_tiff.cpp:123 TIFF_Warning TIFFReadDirectory: Unknown field with tag 50838 (0xc696) encountered
[ WARN:0@78.177] global grfmt_tiff.cpp:123 TIFF_Warning TIFFReadDirectory: Unknown field with tag 50839 (0xc697) encountered
[ WARN:0@78.181] global grfmt_tiff.cpp:123 TIFF_Warning TIFFReadDirectory: Unknown field with tag 50838 (0xc696) encountered
[ WARN:0@78.181] global grfmt_tiff.cpp:123 TIFF_Warning TIFFReadDirectory: Unknown field with tag 50839 (0xc697) encountered
[ WARN:0@78.182] global grfmt_tiff.cpp:123 TIFF_Warning TIFFReadDirectory: Unknown field with tag 50838 (0xc696) encountered
[ WARN:0@78.182] global grfmt_tiff.cpp:123 TIFF_Warning TIFFReadDirectory: Unknown field with tag 50839 (0xc697) encountered
[ WARN:0@78.184] global grfmt_tiff.cpp:123 TIFF_Warning TIFFReadDirectory: Unknown field with tag 50838 (0xc696) encountered
[ WARN:0@78.184] global grfmt_tiff.cpp:123 TIFF_Warning TIFFReadDirectory: Unknown field with tag 50839 (0xc697) encountered
[ WARN:0@78.185] global grfmt_tiff.cpp:123 TIFF_Warning TIFFReadDirectory: Unknown field with tag 50838 (0xc696) encountered
[ WARN:0@78.185] global grfmt_tiff.cpp:123 TIFF_Warning TIFFReadDirectory: Unknown field with tag 50839 (0xc697) encountered
[ WARN:0@78.188] global grfmt_tiff.cpp:123 TIFF_Warning TIFFReadDirectory: Unknown field with tag 50838 (0xc696) encountered
[ WARN:0@78.188] global grfmt_tiff.cpp:123 TIFF_Warning TIFFReadDirectory: Unknown field with tag 50839 (0xc697) encountered
[ WARN:0@78.190] global grfmt_tiff.cpp:123 TIFF_Warning TIFFReadDirectory: Unknown field with tag 50838 (0xc696) encountered
[ WARN:0@78.190] global grfmt_tiff.cpp:123 TIFF_Warning TIFFReadDirectory: Unknown field with tag 50839 (0xc697) encountered
[ WARN:0@78.193] global grfmt_tiff.cpp:123 TIFF_Warning TIFFReadDirectory: Unknown field with tag 50838 (0xc696) encountered
[ WARN:0@78.193] global grfmt_tiff.cpp:123 TIFF_Warning TIFFReadDirectory: Unknown field with tag 50839 (0xc697) encountered
[ WARN:0@78.193] global grfmt_tiff.cpp:123 TIFF_Warning TIFFReadDirectory: Unknown field with tag 50838 (0xc696) encountered
[ WARN:0@78.193] global grfmt_tiff.cpp:123 TIFF_Warning TIFFReadDirectory: Unknown field with tag 50839 (0xc697) encountered
[ WARN:0@78.195] global grfmt_tiff.cpp:123 TIFF_Warning TIFFReadDirectory: Unknown field with tag 50838 (0xc696) encountered
[ WARN:0@78.196] global grfmt_tiff.cpp:123 TIFF_Warning TIFFReadDirectory: Unknown field with tag 50839 (0xc697) encountered
[ WARN:0@78.197] global grfmt_tiff.cpp:123 TIFF_Warning TIFFReadDirectory: Unknown field with tag 50838 (0xc696) encountered
[ WARN:0@78.197] global grfmt_tiff.cpp:123 TIFF_Warning TIFFReadDirectory: Unknown field with tag 50839 (0xc697) encountered
[ WARN:0@78.198] global grfmt_tiff.cpp:123 TIFF_Warning TIFFReadDirectory: Unknown field with tag 50838 (0xc696) encountered
[ WARN:0@78.198] global grfmt_tiff.cpp:123 TIFF_Warning TIFFReadDirectory: Unknown field with tag 50839 (0xc697) encountered
[ WARN:0@79.115] global grfmt_tiff.cpp:123 TIFF_Warning TIFFReadDirectory: Unknown field with tag 50838 (0xc696) encountered
[ WARN:0@79.115] global grfmt_tiff.cpp:123 TIFF_Warning TIFFReadDirectory: Unknown field with tag 50839 (0xc697) encountered
[ WARN:0@79.117] global grfmt_tiff.cpp:123 TIFF_Warning TIFFReadDirectory: Unknown field with tag 50838 (0xc696) encountered
[ WARN:0@79.117] global grfmt_tiff.cpp:123 TIFF_Warning TIFFReadDirectory: Unknown field with tag 50839 (0xc697) encountered
[ WARN:0@79.118] global grfmt_tiff.cpp:123 TIFF_Warning TIFFReadDirectory: Unknown field with tag 50838 (0xc696) encountered
[ WARN:0@79.118] global grfmt_tiff.cpp:123 TIFF_Warning TIFFReadDirectory: Unknown field with tag 50839 (0xc697) encountered
[ WARN:0@79.119] global grfmt_tiff.cpp:123 TIFF_Warning TIFFReadDirectory: Unknown field with tag 50838 (0xc696) encountered
[ WARN:0@79.119] global grfmt_tiff.cpp:123 TIFF_Warning TIFFReadDirectory: Unknown field with tag 50839 (0xc697) encountered
[ WARN:0@79.122] global grfmt_tiff.cpp:123 TIFF_Warning TIFFReadDirectory: Unknown field with tag 50838 (0xc696) encountered
[ WARN:0@79.122] global grfmt_tiff.cpp:123 TIFF_Warning TIFFReadDirectory: Unknown field with tag 50839 (0xc697) encountered
[ WARN:0@79.124] global grfmt_tiff.cpp:123 TIFF_Warning TIFFReadDirectory: Unknown field with tag 50838 (0xc696) encountered
[ WARN:0@79.124] global grfmt_tiff.cpp:123 TIFF_Warning TIFFReadDirectory: Unknown field with tag 50839 (0xc697) encountered
[ WARN:0@79.126] global grfmt_tiff.cpp:123 TIFF_Warning TIFFReadDirectory: Unknown field with tag 50838 (0xc696) encountered
[ WARN:0@79.126] global grfmt_tiff.cpp:123 TIFF_Warning TIFFReadDirectory: Unknown field with tag 50839 (0xc697) encountered
[ WARN:0@79.127] global grfmt_tiff.cpp:123 TIFF_Warning TIFFReadDirectory: Unknown field with tag 50838 (0xc696) encountered
[ WARN:0@79.127] global grfmt_tiff.cpp:123 TIFF_Warning TIFFReadDirectory: Unknown field with tag 50839 (0xc697) encountered
[ WARN:0@79.130] global grfmt_tiff.cpp:123 TIFF_Warning TIFFReadDirectory: Unknown field with tag 50838 (0xc696) encountered
[ WARN:0@79.130] global grfmt_tiff.cpp:123 TIFF_Warning TIFFReadDirectory: Unknown field with tag 50839 (0xc697) encountered
[ WARN:0@79.133] global grfmt_tiff.cpp:123 TIFF_Warning TIFFReadDirectory: Unknown field with tag 50838 (0xc696) encountered
[ WARN:0@79.133] global grfmt_tiff.cpp:123 TIFF_Warning TIFFReadDirectory: Unknown field with tag 50839 (0xc697) encountered
[ WARN:0@79.134] global grfmt_tiff.cpp:123 TIFF_Warning TIFFReadDirectory: Unknown field with tag 50838 (0xc696) encountered
[ WARN:0@79.134] global grfmt_tiff.cpp:123 TIFF_Warning TIFFReadDirectory: Unknown field with tag 50839 (0xc697) encountered
[ WARN:0@79.136] global grfmt_tiff.cpp:123 TIFF_Warning TIFFReadDirectory: Unknown field with tag 50838 (0xc696) encountered
[ WARN:0@79.136] global grfmt_tiff.cpp:123 TIFF_Warning TIFFReadDirectory: Unknown field with tag 50839 (0xc697) encountered
[ WARN:0@79.138] global grfmt_tiff.cpp:123 TIFF_Warning TIFFReadDirectory: Unknown field with tag 50838 (0xc696) encountered
[ WARN:0@79.138] global grfmt_tiff.cpp:123 TIFF_Warning TIFFReadDirectory: Unknown field with tag 50839 (0xc697) encountered
[ WARN:0@79.139] global grfmt_tiff.cpp:123 TIFF_Warning TIFFReadDirectory: Unknown field with tag 50838 (0xc696) encountered
[ WARN:0@79.139] global grfmt_tiff.cpp:123 TIFF_Warning TIFFReadDirectory: Unknown field with tag 50839 (0xc697) encountered
[ WARN:0@79.142] global grfmt_tiff.cpp:123 TIFF_Warning TIFFReadDirectory: Unknown field with tag 50838 (0xc696) encountered
[ WARN:0@79.142] global grfmt_tiff.cpp:123 TIFF_Warning TIFFReadDirectory: Unknown field with tag 50839 (0xc697) encountered
[ WARN:0@79.143] global grfmt_tiff.cpp:123 TIFF_Warning TIFFReadDirectory: Unknown field with tag 50838 (0xc696) encountered
[ WARN:0@79.143] global grfmt_tiff.cpp:123 TIFF_Warning TIFFReadDirectory: Unknown field with tag 50839 (0xc697) encountered
[ WARN:0@79.146] global grfmt_tiff.cpp:123 TIFF_Warning TIFFReadDirectory: Unknown field with tag 50838 (0xc696) encountered
[ WARN:0@79.146] global grfmt_tiff.cpp:123 TIFF_Warning TIFFReadDirectory: Unknown field with tag 50839 (0xc697) encountered
[ WARN:0@79.147] global grfmt_tiff.cpp:123 TIFF_Warning TIFFReadDirectory: Unknown field with tag 50838 (0xc696) encountered
[ WARN:0@79.147] global grfmt_tiff.cpp:123 TIFF_Warning TIFFReadDirectory: Unknown field with tag 50839 (0xc697) encountered
[ WARN:0@79.150] global grfmt_tiff.cpp:123 TIFF_Warning TIFFReadDirectory: Unknown field with tag 50838 (0xc696) encountered
[ WARN:0@79.150] global grfmt_tiff.cpp:123 TIFF_Warning TIFFReadDirectory: Unknown field with tag 50839 (0xc697) encountered
[ WARN:0@79.152] global grfmt_tiff.cpp:123 TIFF_Warning TIFFReadDirectory: Unknown field with tag 50838 (0xc696) encountered
[ WARN:0@79.152] global grfmt_tiff.cpp:123 TIFF_Warning TIFFReadDirectory: Unknown field with tag 50839 (0xc697) encountered
[ WARN:0@79.154] global grfmt_tiff.cpp:123 TIFF_Warning TIFFReadDirectory: Unknown field with tag 50838 (0xc696) encountered
[ WARN:0@79.154] global grfmt_tiff.cpp:123 TIFF_Warning TIFFReadDirectory: Unknown field with tag 50839 (0xc697) encountered
[ WARN:0@79.155] global grfmt_tiff.cpp:123 TIFF_Warning TIFFReadDirectory: Unknown field with tag 50838 (0xc696) encountered
[ WARN:0@79.155] global grfmt_tiff.cpp:123 TIFF_Warning TIFFReadDirectory: Unknown field with tag 50839 (0xc697) encountered
[ WARN:0@79.157] global grfmt_tiff.cpp:123 TIFF_Warning TIFFReadDirectory: Unknown field with tag 50838 (0xc696) encountered
[ WARN:0@79.157] global grfmt_tiff.cpp:123 TIFF_Warning TIFFReadDirectory: Unknown field with tag 50839 (0xc697) encountered
[ WARN:0@79.158] global grfmt_tiff.cpp:123 TIFF_Warning TIFFReadDirectory: Unknown field with tag 50838 (0xc696) encountered
[ WARN:0@79.158] global grfmt_tiff.cpp:123 TIFF_Warning TIFFReadDirectory: Unknown field with tag 50839 (0xc697) encountered
[ WARN:0@79.159] global grfmt_tiff.cpp:123 TIFF_Warning TIFFReadDirectory: Unknown field with tag 50838 (0xc696) encountered
[ WARN:0@79.159] global grfmt_tiff.cpp:123 TIFF_Warning TIFFReadDirectory: Unknown field with tag 50839 (0xc697) encountered
[ WARN:0@79.751] global grfmt_tiff.cpp:123 TIFF_Warning TIFFReadDirectory: Unknown field with tag 50838 (0xc696) encountered
[ WARN:0@79.751] global grfmt_tiff.cpp:123 TIFF_Warning TIFFReadDirectory: Unknown field with tag 50839 (0xc697) encountered
[ WARN:0@79.907] global grfmt_tiff.cpp:123 TIFF_Warning TIFFReadDirectory: Unknown field with tag 50838 (0xc696) encountered
[ WARN:0@79.907] global grfmt_tiff.cpp:123 TIFF_Warning TIFFReadDirectory: Unknown field with tag 50839 (0xc697) encountered
[ WARN:0@79.910] global grfmt_tiff.cpp:123 TIFF_Warning TIFFReadDirectory: Unknown field with tag 50838 (0xc696) encountered
[ WARN:0@79.910] global grfmt_tiff.cpp:123 TIFF_Warning TIFFReadDirectory: Unknown field with tag 50839 (0xc697) encountered
[ WARN:0@79.911] global grfmt_tiff.cpp:123 TIFF_Warning TIFFReadDirectory: Unknown field with tag 50838 (0xc696) encountered
[ WARN:0@79.911] global grfmt_tiff.cpp:123 TIFF_Warning TIFFReadDirectory: Unknown field with tag 50839 (0xc697) encountered
[ WARN:0@79.912] global grfmt_tiff.cpp:123 TIFF_Warning TIFFReadDirectory: Unknown field with tag 50838 (0xc696) encountered
[ WARN:0@79.912] global grfmt_tiff.cpp:123 TIFF_Warning TIFFReadDirectory: Unknown field with tag 50839 (0xc697) encountered
[ WARN:0@79.915] global grfmt_tiff.cpp:123 TIFF_Warning TIFFReadDirectory: Unknown field with tag 50838 (0xc696) encountered
[ WARN:0@79.915] global grfmt_tiff.cpp:123 TIFF_Warning TIFFReadDirectory: Unknown field with tag 50839 (0xc697) encountered
[ WARN:0@79.916] global grfmt_tiff.cpp:123 TIFF_Warning TIFFReadDirectory: Unknown field with tag 50838 (0xc696) encountered
[ WARN:0@79.916] global grfmt_tiff.cpp:123 TIFF_Warning TIFFReadDirectory: Unknown field with tag 50839 (0xc697) encountered
[ WARN:0@79.920] global grfmt_tiff.cpp:123 TIFF_Warning TIFFReadDirectory: Unknown field with tag 50838 (0xc696) encountered
[ WARN:0@79.920] global grfmt_tiff.cpp:123 TIFF_Warning TIFFReadDirectory: Unknown field with tag 50839 (0xc697) encountered
[ WARN:0@79.921] global grfmt_tiff.cpp:123 TIFF_Warning TIFFReadDirectory: Unknown field with tag 50838 (0xc696) encountered
[ WARN:0@79.921] global grfmt_tiff.cpp:123 TIFF_Warning TIFFReadDirectory: Unknown field with tag 50839 (0xc697) encountered
[ WARN:0@79.924] global grfmt_tiff.cpp:123 TIFF_Warning TIFFReadDirectory: Unknown field with tag 50838 (0xc696) encountered
[ WARN:0@79.924] global grfmt_tiff.cpp:123 TIFF_Warning TIFFReadDirectory: Unknown field with tag 50839 (0xc697) encountered
[ WARN:0@79.928] global grfmt_tiff.cpp:123 TIFF_Warning TIFFReadDirectory: Unknown field with tag 50838 (0xc696) encountered
[ WARN:0@79.928] global grfmt_tiff.cpp:123 TIFF_Warning TIFFReadDirectory: Unknown field with tag 50839 (0xc697) encountered
[ WARN:0@79.929] global grfmt_tiff.cpp:123 TIFF_Warning TIFFReadDirectory: Unknown field with tag 50838 (0xc696) encountered
[ WARN:0@79.929] global grfmt_tiff.cpp:123 TIFF_Warning TIFFReadDirectory: Unknown field with tag 50839 (0xc697) encountered
[ WARN:0@79.931] global grfmt_tiff.cpp:123 TIFF_Warning TIFFReadDirectory: Unknown field with tag 50838 (0xc696) encountered
[ WARN:0@79.931] global grfmt_tiff.cpp:123 TIFF_Warning TIFFReadDirectory: Unknown field with tag 50839 (0xc697) encountered
[ WARN:0@79.932] global grfmt_tiff.cpp:123 TIFF_Warning TIFFReadDirectory: Unknown field with tag 50838 (0xc696) encountered
[ WARN:0@79.932] global grfmt_tiff.cpp:123 TIFF_Warning TIFFReadDirectory: Unknown field with tag 50839 (0xc697) encountered
[ WARN:0@79.933] global grfmt_tiff.cpp:123 TIFF_Warning TIFFReadDirectory: Unknown field with tag 50838 (0xc696) encountered
[ WARN:0@79.933] global grfmt_tiff.cpp:123 TIFF_Warning TIFFReadDirectory: Unknown field with tag 50839 (0xc697) encountered
[ WARN:0@79.937] global grfmt_tiff.cpp:123 TIFF_Warning TIFFReadDirectory: Unknown field with tag 50838 (0xc696) encountered
[ WARN:0@79.937] global grfmt_tiff.cpp:123 TIFF_Warning TIFFReadDirectory: Unknown field with tag 50839 (0xc697) encountered
[ WARN:0@79.938] global grfmt_tiff.cpp:123 TIFF_Warning TIFFReadDirectory: Unknown field with tag 50838 (0xc696) encountered
[ WARN:0@79.938] global grfmt_tiff.cpp:123 TIFF_Warning TIFFReadDirectory: Unknown field with tag 50839 (0xc697) encountered
[ WARN:0@79.940] global grfmt_tiff.cpp:123 TIFF_Warning TIFFReadDirectory: Unknown field with tag 50838 (0xc696) encountered
[ WARN:0@79.940] global grfmt_tiff.cpp:123 TIFF_Warning TIFFReadDirectory: Unknown field with tag 50839 (0xc697) encountered
[ WARN:0@79.941] global grfmt_tiff.cpp:123 TIFF_Warning TIFFReadDirectory: Unknown field with tag 50838 (0xc696) encountered
[ WARN:0@79.941] global grfmt_tiff.cpp:123 TIFF_Warning TIFFReadDirectory: Unknown field with tag 50839 (0xc697) encountered
[ WARN:0@79.944] global grfmt_tiff.cpp:123 TIFF_Warning TIFFReadDirectory: Unknown field with tag 50838 (0xc696) encountered
[ WARN:0@79.944] global grfmt_tiff.cpp:123 TIFF_Warning TIFFReadDirectory: Unknown field with tag 50839 (0xc697) encountered
[ WARN:0@79.947] global grfmt_tiff.cpp:123 TIFF_Warning TIFFReadDirectory: Unknown field with tag 50838 (0xc696) encountered
[ WARN:0@79.947] global grfmt_tiff.cpp:123 TIFF_Warning TIFFReadDirectory: Unknown field with tag 50839 (0xc697) encountered
[ WARN:0@79.949] global grfmt_tiff.cpp:123 TIFF_Warning TIFFReadDirectory: Unknown field with tag 50838 (0xc696) encountered
[ WARN:0@79.949] global grfmt_tiff.cpp:123 TIFF_Warning TIFFReadDirectory: Unknown field with tag 50839 (0xc697) encountered
[ WARN:0@79.950] global grfmt_tiff.cpp:123 TIFF_Warning TIFFReadDirectory: Unknown field with tag 50838 (0xc696) encountered
[ WARN:0@79.950] global grfmt_tiff.cpp:123 TIFF_Warning TIFFReadDirectory: Unknown field with tag 50839 (0xc697) encountered
[ WARN:0@79.952] global grfmt_tiff.cpp:123 TIFF_Warning TIFFReadDirectory: Unknown field with tag 50838 (0xc696) encountered
[ WARN:0@79.952] global grfmt_tiff.cpp:123 TIFF_Warning TIFFReadDirectory: Unknown field with tag 50839 (0xc697) encountered
[ WARN:0@79.953] global grfmt_tiff.cpp:123 TIFF_Warning TIFFReadDirectory: Unknown field with tag 50838 (0xc696) encountered
[ WARN:0@79.953] global grfmt_tiff.cpp:123 TIFF_Warning TIFFReadDirectory: Unknown field with tag 50839 (0xc697) encountered
[ WARN:0@79.954] global grfmt_tiff.cpp:123 TIFF_Warning TIFFReadDirectory: Unknown field with tag 50838 (0xc696) encountered
[ WARN:0@79.954] global grfmt_tiff.cpp:123 TIFF_Warning TIFFReadDirectory: Unknown field with tag 50839 (0xc697) encountered
[ WARN:0@79.957] global grfmt_tiff.cpp:123 TIFF_Warning TIFFReadDirectory: Unknown field with tag 50838 (0xc696) encountered
[ WARN:0@79.957] global grfmt_tiff.cpp:123 TIFF_Warning TIFFReadDirectory: Unknown field with tag 50839 (0xc697) encountered
[ WARN:0@79.958] global grfmt_tiff.cpp:123 TIFF_Warning TIFFReadDirectory: Unknown field with tag 50838 (0xc696) encountered
[ WARN:0@79.958] global grfmt_tiff.cpp:123 TIFF_Warning TIFFReadDirectory: Unknown field with tag 50839 (0xc697) encountered
[ WARN:0@79.959] global grfmt_tiff.cpp:123 TIFF_Warning TIFFReadDirectory: Unknown field with tag 50838 (0xc696) encountered
[ WARN:0@79.959] global grfmt_tiff.cpp:123 TIFF_Warning TIFFReadDirectory: Unknown field with tag 50839 (0xc697) encountered
[ WARN:0@79.960] global grfmt_tiff.cpp:123 TIFF_Warning TIFFReadDirectory: Unknown field with tag 50838 (0xc696) encountered
[ WARN:0@79.960] global grfmt_tiff.cpp:123 TIFF_Warning TIFFReadDirectory: Unknown field with tag 50839 (0xc697) encountered
[ WARN:0@79.962] global grfmt_tiff.cpp:123 TIFF_Warning TIFFReadDirectory: Unknown field with tag 50838 (0xc696) encountered
[ WARN:0@79.962] global grfmt_tiff.cpp:123 TIFF_Warning TIFFReadDirectory: Unknown field with tag 50839 (0xc697) encountered
[ WARN:0@79.964] global grfmt_tiff.cpp:123 TIFF_Warning TIFFReadDirectory: Unknown field with tag 50838 (0xc696) encountered
[ WARN:0@79.964] global grfmt_tiff.cpp:123 TIFF_Warning TIFFReadDirectory: Unknown field with tag 50839 (0xc697) encountered
[ WARN:0@79.966] global grfmt_tiff.cpp:123 TIFF_Warning TIFFReadDirectory: Unknown field with tag 50838 (0xc696) encountered
[ WARN:0@79.966] global grfmt_tiff.cpp:123 TIFF_Warning TIFFReadDirectory: Unknown field with tag 50839 (0xc697) encountered
[ WARN:0@79.967] global grfmt_tiff.cpp:123 TIFF_Warning TIFFReadDirectory: Unknown field with tag 50838 (0xc696) encountered
[ WARN:0@79.967] global grfmt_tiff.cpp:123 TIFF_Warning TIFFReadDirectory: Unknown field with tag 50839 (0xc697) encountered
[ WARN:0@79.970] global grfmt_tiff.cpp:123 TIFF_Warning TIFFReadDirectory: Unknown field with tag 50838 (0xc696) encountered
[ WARN:0@79.970] global grfmt_tiff.cpp:123 TIFF_Warning TIFFReadDirectory: Unknown field with tag 50839 (0xc697) encountered
[ WARN:0@79.973] global grfmt_tiff.cpp:123 TIFF_Warning TIFFReadDirectory: Unknown field with tag 50838 (0xc696) encountered
[ WARN:0@79.973] global grfmt_tiff.cpp:123 TIFF_Warning TIFFReadDirectory: Unknown field with tag 50839 (0xc697) encountered
[ WARN:0@79.974] global grfmt_tiff.cpp:123 TIFF_Warning TIFFReadDirectory: Unknown field with tag 50838 (0xc696) encountered
[ WARN:0@79.974] global grfmt_tiff.cpp:123 TIFF_Warning TIFFReadDirectory: Unknown field with tag 50839 (0xc697) encountered
[ WARN:0@79.977] global grfmt_tiff.cpp:123 TIFF_Warning TIFFReadDirectory: Unknown field with tag 50838 (0xc696) encountered
[ WARN:0@79.977] global grfmt_tiff.cpp:123 TIFF_Warning TIFFReadDirectory: Unknown field with tag 50839 (0xc697) encountered
[ WARN:0@79.978] global grfmt_tiff.cpp:123 TIFF_Warning TIFFReadDirectory: Unknown field with tag 50838 (0xc696) encountered
[ WARN:0@79.978] global grfmt_tiff.cpp:123 TIFF_Warning TIFFReadDirectory: Unknown field with tag 50839 (0xc697) encountered
[ WARN:0@79.979] global grfmt_tiff.cpp:123 TIFF_Warning TIFFReadDirectory: Unknown field with tag 50838 (0xc696) encountered
[ WARN:0@79.979] global grfmt_tiff.cpp:123 TIFF_Warning TIFFReadDirectory: Unknown field with tag 50839 (0xc697) encountered
[ WARN:0@79.983] global grfmt_tiff.cpp:123 TIFF_Warning TIFFReadDirectory: Unknown field with tag 50838 (0xc696) encountered
[ WARN:0@79.983] global grfmt_tiff.cpp:123 TIFF_Warning TIFFReadDirectory: Unknown field with tag 50839 (0xc697) encountered
[ WARN:0@79.984] global grfmt_tiff.cpp:123 TIFF_Warning TIFFReadDirectory: Unknown field with tag 50838 (0xc696) encountered
[ WARN:0@79.984] global grfmt_tiff.cpp:123 TIFF_Warning TIFFReadDirectory: Unknown field with tag 50839 (0xc697) encountered
[ WARN:0@79.986] global grfmt_tiff.cpp:123 TIFF_Warning TIFFReadDirectory: Unknown field with tag 50838 (0xc696) encountered
[ WARN:0@79.986] global grfmt_tiff.cpp:123 TIFF_Warning TIFFReadDirectory: Unknown field with tag 50839 (0xc697) encountered
[ WARN:0@79.987] global grfmt_tiff.cpp:123 TIFF_Warning TIFFReadDirectory: Unknown field with tag 50838 (0xc696) encountered
[ WARN:0@79.987] global grfmt_tiff.cpp:123 TIFF_Warning TIFFReadDirectory: Unknown field with tag 50839 (0xc697) encountered
[ WARN:0@79.990] global grfmt_tiff.cpp:123 TIFF_Warning TIFFReadDirectory: Unknown field with tag 50838 (0xc696) encountered
[ WARN:0@79.990] global grfmt_tiff.cpp:123 TIFF_Warning TIFFReadDirectory: Unknown field with tag 50839 (0xc697) encountered
[ WARN:0@79.992] global grfmt_tiff.cpp:123 TIFF_Warning TIFFReadDirectory: Unknown field with tag 50838 (0xc696) encountered
[ WARN:0@79.992] global grfmt_tiff.cpp:123 TIFF_Warning TIFFReadDirectory: Unknown field with tag 50839 (0xc697) encountered
[ WARN:0@79.995] global grfmt_tiff.cpp:123 TIFF_Warning TIFFReadDirectory: Unknown field with tag 50838 (0xc696) encountered
[ WARN:0@79.995] global grfmt_tiff.cpp:123 TIFF_Warning TIFFReadDirectory: Unknown field with tag 50839 (0xc697) encountered
[ WARN:0@79.996] global grfmt_tiff.cpp:123 TIFF_Warning TIFFReadDirectory: Unknown field with tag 50838 (0xc696) encountered
[ WARN:0@79.996] global grfmt_tiff.cpp:123 TIFF_Warning TIFFReadDirectory: Unknown field with tag 50839 (0xc697) encountered
[ WARN:0@79.997] global grfmt_tiff.cpp:123 TIFF_Warning TIFFReadDirectory: Unknown field with tag 50838 (0xc696) encountered
[ WARN:0@79.997] global grfmt_tiff.cpp:123 TIFF_Warning TIFFReadDirectory: Unknown field with tag 50839 (0xc697) encountered
[ WARN:0@79.999] global grfmt_tiff.cpp:123 TIFF_Warning TIFFReadDirectory: Unknown field with tag 50838 (0xc696) encountered
[ WARN:0@79.999] global grfmt_tiff.cpp:123 TIFF_Warning TIFFReadDirectory: Unknown field with tag 50839 (0xc697) encountered
[ WARN:0@80.000] global grfmt_tiff.cpp:123 TIFF_Warning TIFFReadDirectory: Unknown field with tag 50838 (0xc696) encountered
[ WARN:0@80.000] global grfmt_tiff.cpp:123 TIFF_Warning TIFFReadDirectory: Unknown field with tag 50839 (0xc697) encountered
[ WARN:0@80.552] global grfmt_tiff.cpp:123 TIFF_Warning TIFFReadDirectory: Unknown field with tag 50838 (0xc696) encountered
[ WARN:0@80.552] global grfmt_tiff.cpp:123 TIFF_Warning TIFFReadDirectory: Unknown field with tag 50839 (0xc697) encountered
[ WARN:0@81.414] global grfmt_tiff.cpp:123 TIFF_Warning TIFFReadDirectory: Unknown field with tag 50838 (0xc696) encountered
[ WARN:0@81.414] global grfmt_tiff.cpp:123 TIFF_Warning TIFFReadDirectory: Unknown field with tag 50839 (0xc697) encountered
[ WARN:0@81.416] global grfmt_tiff.cpp:123 TIFF_Warning TIFFReadDirectory: Unknown field with tag 50838 (0xc696) encountered
[ WARN:0@81.416] global grfmt_tiff.cpp:123 TIFF_Warning TIFFReadDirectory: Unknown field with tag 50839 (0xc697) encountered
[ WARN:0@81.417] global grfmt_tiff.cpp:123 TIFF_Warning TIFFReadDirectory: Unknown field with tag 50838 (0xc696) encountered
[ WARN:0@81.417] global grfmt_tiff.cpp:123 TIFF_Warning TIFFReadDirectory: Unknown field with tag 50839 (0xc697) encountered
[ WARN:0@81.418] global grfmt_tiff.cpp:123 TIFF_Warning TIFFReadDirectory: Unknown field with tag 50838 (0xc696) encountered
[ WARN:0@81.418] global grfmt_tiff.cpp:123 TIFF_Warning TIFFReadDirectory: Unknown field with tag 50839 (0xc697) encountered
[ WARN:0@81.421] global grfmt_tiff.cpp:123 TIFF_Warning TIFFReadDirectory: Unknown field with tag 50838 (0xc696) encountered
[ WARN:0@81.421] global grfmt_tiff.cpp:123 TIFF_Warning TIFFReadDirectory: Unknown field with tag 50839 (0xc697) encountered
[ WARN:0@81.422] global grfmt_tiff.cpp:123 TIFF_Warning TIFFReadDirectory: Unknown field with tag 50838 (0xc696) encountered
[ WARN:0@81.422] global grfmt_tiff.cpp:123 TIFF_Warning TIFFReadDirectory: Unknown field with tag 50839 (0xc697) encountered
[ WARN:0@81.424] global grfmt_tiff.cpp:123 TIFF_Warning TIFFReadDirectory: Unknown field with tag 50838 (0xc696) encountered
[ WARN:0@81.425] global grfmt_tiff.cpp:123 TIFF_Warning TIFFReadDirectory: Unknown field with tag 50839 (0xc697) encountered
[ WARN:0@81.426] global grfmt_tiff.cpp:123 TIFF_Warning TIFFReadDirectory: Unknown field with tag 50838 (0xc696) encountered
[ WARN:0@81.426] global grfmt_tiff.cpp:123 TIFF_Warning TIFFReadDirectory: Unknown field with tag 50839 (0xc697) encountered
[ WARN:0@81.430] global grfmt_tiff.cpp:123 TIFF_Warning TIFFReadDirectory: Unknown field with tag 50838 (0xc696) encountered
[ WARN:0@81.430] global grfmt_tiff.cpp:123 TIFF_Warning TIFFReadDirectory: Unknown field with tag 50839 (0xc697) encountered
[ WARN:0@81.433] global grfmt_tiff.cpp:123 TIFF_Warning TIFFReadDirectory: Unknown field with tag 50838 (0xc696) encountered
[ WARN:0@81.433] global grfmt_tiff.cpp:123 TIFF_Warning TIFFReadDirectory: Unknown field with tag 50839 (0xc697) encountered
[ WARN:0@81.434] global grfmt_tiff.cpp:123 TIFF_Warning TIFFReadDirectory: Unknown field with tag 50838 (0xc696) encountered
[ WARN:0@81.434] global grfmt_tiff.cpp:123 TIFF_Warning TIFFReadDirectory: Unknown field with tag 50839 (0xc697) encountered
[ WARN:0@81.436] global grfmt_tiff.cpp:123 TIFF_Warning TIFFReadDirectory: Unknown field with tag 50838 (0xc696) encountered
[ WARN:0@81.436] global grfmt_tiff.cpp:123 TIFF_Warning TIFFReadDirectory: Unknown field with tag 50839 (0xc697) encountered
[ WARN:0@81.437] global grfmt_tiff.cpp:123 TIFF_Warning TIFFReadDirectory: Unknown field with tag 50838 (0xc696) encountered
[ WARN:0@81.437] global grfmt_tiff.cpp:123 TIFF_Warning TIFFReadDirectory: Unknown field with tag 50839 (0xc697) encountered
[ WARN:0@81.439] global grfmt_tiff.cpp:123 TIFF_Warning TIFFReadDirectory: Unknown field with tag 50838 (0xc696) encountered
[ WARN:0@81.439] global grfmt_tiff.cpp:123 TIFF_Warning TIFFReadDirectory: Unknown field with tag 50839 (0xc697) encountered
[ WARN:0@81.442] global grfmt_tiff.cpp:123 TIFF_Warning TIFFReadDirectory: Unknown field with tag 50838 (0xc696) encountered
[ WARN:0@81.442] global grfmt_tiff.cpp:123 TIFF_Warning TIFFReadDirectory: Unknown field with tag 50839 (0xc697) encountered
[ WARN:0@81.443] global grfmt_tiff.cpp:123 TIFF_Warning TIFFReadDirectory: Unknown field with tag 50838 (0xc696) encountered
[ WARN:0@81.443] global grfmt_tiff.cpp:123 TIFF_Warning TIFFReadDirectory: Unknown field with tag 50839 (0xc697) encountered
[ WARN:0@81.446] global grfmt_tiff.cpp:123 TIFF_Warning TIFFReadDirectory: Unknown field with tag 50838 (0xc696) encountered
[ WARN:0@81.446] global grfmt_tiff.cpp:123 TIFF_Warning TIFFReadDirectory: Unknown field with tag 50839 (0xc697) encountered
[ WARN:0@81.446] global grfmt_tiff.cpp:123 TIFF_Warning TIFFReadDirectory: Unknown field with tag 50838 (0xc696) encountered
[ WARN:0@81.447] global grfmt_tiff.cpp:123 TIFF_Warning TIFFReadDirectory: Unknown field with tag 50839 (0xc697) encountered
[ WARN:0@81.450] global grfmt_tiff.cpp:123 TIFF_Warning TIFFReadDirectory: Unknown field with tag 50838 (0xc696) encountered
[ WARN:0@81.450] global grfmt_tiff.cpp:123 TIFF_Warning TIFFReadDirectory: Unknown field with tag 50839 (0xc697) encountered
[ WARN:0@81.452] global grfmt_tiff.cpp:123 TIFF_Warning TIFFReadDirectory: Unknown field with tag 50838 (0xc696) encountered
[ WARN:0@81.452] global grfmt_tiff.cpp:123 TIFF_Warning TIFFReadDirectory: Unknown field with tag 50839 (0xc697) encountered
[ WARN:0@81.454] global grfmt_tiff.cpp:123 TIFF_Warning TIFFReadDirectory: Unknown field with tag 50838 (0xc696) encountered
[ WARN:0@81.454] global grfmt_tiff.cpp:123 TIFF_Warning TIFFReadDirectory: Unknown field with tag 50839 (0xc697) encountered
[ WARN:0@81.455] global grfmt_tiff.cpp:123 TIFF_Warning TIFFReadDirectory: Unknown field with tag 50838 (0xc696) encountered
[ WARN:0@81.455] global grfmt_tiff.cpp:123 TIFF_Warning TIFFReadDirectory: Unknown field with tag 50839 (0xc697) encountered
[ WARN:0@81.457] global grfmt_tiff.cpp:123 TIFF_Warning TIFFReadDirectory: Unknown field with tag 50838 (0xc696) encountered
[ WARN:0@81.457] global grfmt_tiff.cpp:123 TIFF_Warning TIFFReadDirectory: Unknown field with tag 50839 (0xc697) encountered
[ WARN:0@81.458] global grfmt_tiff.cpp:123 TIFF_Warning TIFFReadDirectory: Unknown field with tag 50838 (0xc696) encountered
[ WARN:0@81.458] global grfmt_tiff.cpp:123 TIFF_Warning TIFFReadDirectory: Unknown field with tag 50839 (0xc697) encountered
[ WARN:0@81.459] global grfmt_tiff.cpp:123 TIFF_Warning TIFFReadDirectory: Unknown field with tag 50838 (0xc696) encountered
[ WARN:0@81.459] global grfmt_tiff.cpp:123 TIFF_Warning TIFFReadDirectory: Unknown field with tag 50839 (0xc697) encountered
[ WARN:0@81.462] global grfmt_tiff.cpp:123 TIFF_Warning TIFFReadDirectory: Unknown field with tag 50838 (0xc696) encountered
[ WARN:0@81.462] global grfmt_tiff.cpp:123 TIFF_Warning TIFFReadDirectory: Unknown field with tag 50839 (0xc697) encountered
[ WARN:0@81.463] global grfmt_tiff.cpp:123 TIFF_Warning TIFFReadDirectory: Unknown field with tag 50838 (0xc696) encountered
[ WARN:0@81.463] global grfmt_tiff.cpp:123 TIFF_Warning TIFFReadDirectory: Unknown field with tag 50839 (0xc697) encountered
[ WARN:0@81.464] global grfmt_tiff.cpp:123 TIFF_Warning TIFFReadDirectory: Unknown field with tag 50838 (0xc696) encountered
[ WARN:0@81.464] global grfmt_tiff.cpp:123 TIFF_Warning TIFFReadDirectory: Unknown field with tag 50839 (0xc697) encountered
[ WARN:0@81.465] global grfmt_tiff.cpp:123 TIFF_Warning TIFFReadDirectory: Unknown field with tag 50838 (0xc696) encountered
[ WARN:0@81.465] global grfmt_tiff.cpp:123 TIFF_Warning TIFFReadDirectory: Unknown field with tag 50839 (0xc697) encountered
[ WARN:0@81.467] global grfmt_tiff.cpp:123 TIFF_Warning TIFFReadDirectory: Unknown field with tag 50838 (0xc696) encountered
[ WARN:0@81.467] global grfmt_tiff.cpp:123 TIFF_Warning TIFFReadDirectory: Unknown field with tag 50839 (0xc697) encountered
[ WARN:0@81.468] global grfmt_tiff.cpp:123 TIFF_Warning TIFFReadDirectory: Unknown field with tag 50838 (0xc696) encountered
[ WARN:0@81.468] global grfmt_tiff.cpp:123 TIFF_Warning TIFFReadDirectory: Unknown field with tag 50839 (0xc697) encountered
[ WARN:0@81.470] global grfmt_tiff.cpp:123 TIFF_Warning TIFFReadDirectory: Unknown field with tag 50838 (0xc696) encountered
[ WARN:0@81.470] global grfmt_tiff.cpp:123 TIFF_Warning TIFFReadDirectory: Unknown field with tag 50839 (0xc697) encountered
[ WARN:0@81.472] global grfmt_tiff.cpp:123 TIFF_Warning TIFFReadDirectory: Unknown field with tag 50838 (0xc696) encountered
[ WARN:0@81.472] global grfmt_tiff.cpp:123 TIFF_Warning TIFFReadDirectory: Unknown field with tag 50839 (0xc697) encountered
[ WARN:0@81.474] global grfmt_tiff.cpp:123 TIFF_Warning TIFFReadDirectory: Unknown field with tag 50838 (0xc696) encountered
[ WARN:0@81.474] global grfmt_tiff.cpp:123 TIFF_Warning TIFFReadDirectory: Unknown field with tag 50839 (0xc697) encountered
[ WARN:0@81.478] global grfmt_tiff.cpp:123 TIFF_Warning TIFFReadDirectory: Unknown field with tag 50838 (0xc696) encountered
[ WARN:0@81.478] global grfmt_tiff.cpp:123 TIFF_Warning TIFFReadDirectory: Unknown field with tag 50839 (0xc697) encountered
[ WARN:0@81.479] global grfmt_tiff.cpp:123 TIFF_Warning TIFFReadDirectory: Unknown field with tag 50838 (0xc696) encountered
[ WARN:0@81.479] global grfmt_tiff.cpp:123 TIFF_Warning TIFFReadDirectory: Unknown field with tag 50839 (0xc697) encountered
[ WARN:0@81.481] global grfmt_tiff.cpp:123 TIFF_Warning TIFFReadDirectory: Unknown field with tag 50838 (0xc696) encountered
[ WARN:0@81.481] global grfmt_tiff.cpp:123 TIFF_Warning TIFFReadDirectory: Unknown field with tag 50839 (0xc697) encountered
[ WARN:0@81.482] global grfmt_tiff.cpp:123 TIFF_Warning TIFFReadDirectory: Unknown field with tag 50838 (0xc696) encountered
[ WARN:0@81.482] global grfmt_tiff.cpp:123 TIFF_Warning TIFFReadDirectory: Unknown field with tag 50839 (0xc697) encountered
[ WARN:0@81.483] global grfmt_tiff.cpp:123 TIFF_Warning TIFFReadDirectory: Unknown field with tag 50838 (0xc696) encountered
[ WARN:0@81.483] global grfmt_tiff.cpp:123 TIFF_Warning TIFFReadDirectory: Unknown field with tag 50839 (0xc697) encountered
[ WARN:0@81.487] global grfmt_tiff.cpp:123 TIFF_Warning TIFFReadDirectory: Unknown field with tag 50838 (0xc696) encountered
[ WARN:0@81.487] global grfmt_tiff.cpp:123 TIFF_Warning TIFFReadDirectory: Unknown field with tag 50839 (0xc697) encountered
[ WARN:0@81.488] global grfmt_tiff.cpp:123 TIFF_Warning TIFFReadDirectory: Unknown field with tag 50838 (0xc696) encountered
[ WARN:0@81.488] global grfmt_tiff.cpp:123 TIFF_Warning TIFFReadDirectory: Unknown field with tag 50839 (0xc697) encountered
[ WARN:0@81.490] global grfmt_tiff.cpp:123 TIFF_Warning TIFFReadDirectory: Unknown field with tag 50838 (0xc696) encountered
[ WARN:0@81.490] global grfmt_tiff.cpp:123 TIFF_Warning TIFFReadDirectory: Unknown field with tag 50839 (0xc697) encountered
[ WARN:0@81.491] global grfmt_tiff.cpp:123 TIFF_Warning TIFFReadDirectory: Unknown field with tag 50838 (0xc696) encountered
[ WARN:0@81.491] global grfmt_tiff.cpp:123 TIFF_Warning TIFFReadDirectory: Unknown field with tag 50839 (0xc697) encountered
[ WARN:0@81.494] global grfmt_tiff.cpp:123 TIFF_Warning TIFFReadDirectory: Unknown field with tag 50838 (0xc696) encountered
[ WARN:0@81.494] global grfmt_tiff.cpp:123 TIFF_Warning TIFFReadDirectory: Unknown field with tag 50839 (0xc697) encountered
[ WARN:0@81.496] global grfmt_tiff.cpp:123 TIFF_Warning TIFFReadDirectory: Unknown field with tag 50838 (0xc696) encountered
[ WARN:0@81.496] global grfmt_tiff.cpp:123 TIFF_Warning TIFFReadDirectory: Unknown field with tag 50839 (0xc697) encountered
[ WARN:0@81.498] global grfmt_tiff.cpp:123 TIFF_Warning TIFFReadDirectory: Unknown field with tag 50838 (0xc696) encountered
[ WARN:0@81.498] global grfmt_tiff.cpp:123 TIFF_Warning TIFFReadDirectory: Unknown field with tag 50839 (0xc697) encountered
[ WARN:0@81.499] global grfmt_tiff.cpp:123 TIFF_Warning TIFFReadDirectory: Unknown field with tag 50838 (0xc696) encountered
[ WARN:0@81.499] global grfmt_tiff.cpp:123 TIFF_Warning TIFFReadDirectory: Unknown field with tag 50839 (0xc697) encountered
[ WARN:0@81.501] global grfmt_tiff.cpp:123 TIFF_Warning TIFFReadDirectory: Unknown field with tag 50838 (0xc696) encountered
[ WARN:0@81.501] global grfmt_tiff.cpp:123 TIFF_Warning TIFFReadDirectory: Unknown field with tag 50839 (0xc697) encountered
[ WARN:0@81.503] global grfmt_tiff.cpp:123 TIFF_Warning TIFFReadDirectory: Unknown field with tag 50838 (0xc696) encountered
[ WARN:0@81.503] global grfmt_tiff.cpp:123 TIFF_Warning TIFFReadDirectory: Unknown field with tag 50839 (0xc697) encountered
[ WARN:0@81.503] global grfmt_tiff.cpp:123 TIFF_Warning TIFFReadDirectory: Unknown field with tag 50838 (0xc696) encountered
[ WARN:0@81.503] global grfmt_tiff.cpp:123 TIFF_Warning TIFFReadDirectory: Unknown field with tag 50839 (0xc697) encountered
[ WARN:0@82.177] global grfmt_tiff.cpp:123 TIFF_Warning TIFFReadDirectory: Unknown field with tag 50838 (0xc696) encountered
[ WARN:0@82.177] global grfmt_tiff.cpp:123 TIFF_Warning TIFFReadDirectory: Unknown field with tag 50839 (0xc697) encountered
[ WARN:0@82.330] global grfmt_tiff.cpp:123 TIFF_Warning TIFFReadDirectory: Unknown field with tag 50838 (0xc696) encountered
[ WARN:0@82.330] global grfmt_tiff.cpp:123 TIFF_Warning TIFFReadDirectory: Unknown field with tag 50839 (0xc697) encountered
[ WARN:0@82.333] global grfmt_tiff.cpp:123 TIFF_Warning TIFFReadDirectory: Unknown field with tag 50838 (0xc696) encountered
[ WARN:0@82.333] global grfmt_tiff.cpp:123 TIFF_Warning TIFFReadDirectory: Unknown field with tag 50839 (0xc697) encountered
[ WARN:0@82.334] global grfmt_tiff.cpp:123 TIFF_Warning TIFFReadDirectory: Unknown field with tag 50838 (0xc696) encountered
[ WARN:0@82.334] global grfmt_tiff.cpp:123 TIFF_Warning TIFFReadDirectory: Unknown field with tag 50839 (0xc697) encountered
[ WARN:0@82.335] global grfmt_tiff.cpp:123 TIFF_Warning TIFFReadDirectory: Unknown field with tag 50838 (0xc696) encountered
[ WARN:0@82.335] global grfmt_tiff.cpp:123 TIFF_Warning TIFFReadDirectory: Unknown field with tag 50839 (0xc697) encountered
[ WARN:0@82.337] global grfmt_tiff.cpp:123 TIFF_Warning TIFFReadDirectory: Unknown field with tag 50838 (0xc696) encountered
[ WARN:0@82.337] global grfmt_tiff.cpp:123 TIFF_Warning TIFFReadDirectory: Unknown field with tag 50839 (0xc697) encountered
[ WARN:0@82.339] global grfmt_tiff.cpp:123 TIFF_Warning TIFFReadDirectory: Unknown field with tag 50838 (0xc696) encountered
[ WARN:0@82.339] global grfmt_tiff.cpp:123 TIFF_Warning TIFFReadDirectory: Unknown field with tag 50839 (0xc697) encountered
[ WARN:0@82.342] global grfmt_tiff.cpp:123 TIFF_Warning TIFFReadDirectory: Unknown field with tag 50838 (0xc696) encountered
[ WARN:0@82.342] global grfmt_tiff.cpp:123 TIFF_Warning TIFFReadDirectory: Unknown field with tag 50839 (0xc697) encountered
[ WARN:0@82.343] global grfmt_tiff.cpp:123 TIFF_Warning TIFFReadDirectory: Unknown field with tag 50838 (0xc696) encountered
[ WARN:0@82.343] global grfmt_tiff.cpp:123 TIFF_Warning TIFFReadDirectory: Unknown field with tag 50839 (0xc697) encountered
[ WARN:0@82.346] global grfmt_tiff.cpp:123 TIFF_Warning TIFFReadDirectory: Unknown field with tag 50838 (0xc696) encountered
[ WARN:0@82.346] global grfmt_tiff.cpp:123 TIFF_Warning TIFFReadDirectory: Unknown field with tag 50839 (0xc697) encountered
[ WARN:0@82.349] global grfmt_tiff.cpp:123 TIFF_Warning TIFFReadDirectory: Unknown field with tag 50838 (0xc696) encountered
[ WARN:0@82.349] global grfmt_tiff.cpp:123 TIFF_Warning TIFFReadDirectory: Unknown field with tag 50839 (0xc697) encountered
[ WARN:0@82.350] global grfmt_tiff.cpp:123 TIFF_Warning TIFFReadDirectory: Unknown field with tag 50838 (0xc696) encountered
[ WARN:0@82.350] global grfmt_tiff.cpp:123 TIFF_Warning TIFFReadDirectory: Unknown field with tag 50839 (0xc697) encountered
[ WARN:0@82.353] global grfmt_tiff.cpp:123 TIFF_Warning TIFFReadDirectory: Unknown field with tag 50838 (0xc696) encountered
[ WARN:0@82.353] global grfmt_tiff.cpp:123 TIFF_Warning TIFFReadDirectory: Unknown field with tag 50839 (0xc697) encountered
[ WARN:0@82.354] global grfmt_tiff.cpp:123 TIFF_Warning TIFFReadDirectory: Unknown field with tag 50838 (0xc696) encountered
[ WARN:0@82.354] global grfmt_tiff.cpp:123 TIFF_Warning TIFFReadDirectory: Unknown field with tag 50839 (0xc697) encountered
[ WARN:0@82.355] global grfmt_tiff.cpp:123 TIFF_Warning TIFFReadDirectory: Unknown field with tag 50838 (0xc696) encountered
[ WARN:0@82.355] global grfmt_tiff.cpp:123 TIFF_Warning TIFFReadDirectory: Unknown field with tag 50839 (0xc697) encountered
[ WARN:0@82.358] global grfmt_tiff.cpp:123 TIFF_Warning TIFFReadDirectory: Unknown field with tag 50838 (0xc696) encountered
[ WARN:0@82.358] global grfmt_tiff.cpp:123 TIFF_Warning TIFFReadDirectory: Unknown field with tag 50839 (0xc697) encountered
[ WARN:0@82.360] global grfmt_tiff.cpp:123 TIFF_Warning TIFFReadDirectory: Unknown field with tag 50838 (0xc696) encountered
[ WARN:0@82.360] global grfmt_tiff.cpp:123 TIFF_Warning TIFFReadDirectory: Unknown field with tag 50839 (0xc697) encountered
[ WARN:0@82.362] global grfmt_tiff.cpp:123 TIFF_Warning TIFFReadDirectory: Unknown field with tag 50838 (0xc696) encountered
[ WARN:0@82.362] global grfmt_tiff.cpp:123 TIFF_Warning TIFFReadDirectory: Unknown field with tag 50839 (0xc697) encountered
[ WARN:0@82.363] global grfmt_tiff.cpp:123 TIFF_Warning TIFFReadDirectory: Unknown field with tag 50838 (0xc696) encountered
[ WARN:0@82.363] global grfmt_tiff.cpp:123 TIFF_Warning TIFFReadDirectory: Unknown field with tag 50839 (0xc697) encountered
[ WARN:0@82.366] global grfmt_tiff.cpp:123 TIFF_Warning TIFFReadDirectory: Unknown field with tag 50838 (0xc696) encountered
[ WARN:0@82.366] global grfmt_tiff.cpp:123 TIFF_Warning TIFFReadDirectory: Unknown field with tag 50839 (0xc697) encountered
[ WARN:0@82.368] global grfmt_tiff.cpp:123 TIFF_Warning TIFFReadDirectory: Unknown field with tag 50838 (0xc696) encountered
[ WARN:0@82.368] global grfmt_tiff.cpp:123 TIFF_Warning TIFFReadDirectory: Unknown field with tag 50839 (0xc697) encountered
[ WARN:0@82.370] global grfmt_tiff.cpp:123 TIFF_Warning TIFFReadDirectory: Unknown field with tag 50838 (0xc696) encountered
[ WARN:0@82.370] global grfmt_tiff.cpp:123 TIFF_Warning TIFFReadDirectory: Unknown field with tag 50839 (0xc697) encountered
[ WARN:0@82.371] global grfmt_tiff.cpp:123 TIFF_Warning TIFFReadDirectory: Unknown field with tag 50838 (0xc696) encountered
[ WARN:0@82.371] global grfmt_tiff.cpp:123 TIFF_Warning TIFFReadDirectory: Unknown field with tag 50839 (0xc697) encountered
[ WARN:0@82.375] global grfmt_tiff.cpp:123 TIFF_Warning TIFFReadDirectory: Unknown field with tag 50838 (0xc696) encountered
[ WARN:0@82.375] global grfmt_tiff.cpp:123 TIFF_Warning TIFFReadDirectory: Unknown field with tag 50839 (0xc697) encountered
[ WARN:0@82.376] global grfmt_tiff.cpp:123 TIFF_Warning TIFFReadDirectory: Unknown field with tag 50838 (0xc696) encountered
[ WARN:0@82.376] global grfmt_tiff.cpp:123 TIFF_Warning TIFFReadDirectory: Unknown field with tag 50839 (0xc697) encountered
[ WARN:0@82.377] global grfmt_tiff.cpp:123 TIFF_Warning TIFFReadDirectory: Unknown field with tag 50838 (0xc696) encountered
[ WARN:0@82.377] global grfmt_tiff.cpp:123 TIFF_Warning TIFFReadDirectory: Unknown field with tag 50839 (0xc697) encountered
[ WARN:0@82.380] global grfmt_tiff.cpp:123 TIFF_Warning TIFFReadDirectory: Unknown field with tag 50838 (0xc696) encountered
[ WARN:0@82.380] global grfmt_tiff.cpp:123 TIFF_Warning TIFFReadDirectory: Unknown field with tag 50839 (0xc697) encountered
[ WARN:0@82.381] global grfmt_tiff.cpp:123 TIFF_Warning TIFFReadDirectory: Unknown field with tag 50838 (0xc696) encountered
[ WARN:0@82.381] global grfmt_tiff.cpp:123 TIFF_Warning TIFFReadDirectory: Unknown field with tag 50839 (0xc697) encountered
[ WARN:0@82.382] global grfmt_tiff.cpp:123 TIFF_Warning TIFFReadDirectory: Unknown field with tag 50838 (0xc696) encountered
[ WARN:0@82.382] global grfmt_tiff.cpp:123 TIFF_Warning TIFFReadDirectory: Unknown field with tag 50839 (0xc697) encountered
[ WARN:0@82.383] global grfmt_tiff.cpp:123 TIFF_Warning TIFFReadDirectory: Unknown field with tag 50838 (0xc696) encountered
[ WARN:0@82.383] global grfmt_tiff.cpp:123 TIFF_Warning TIFFReadDirectory: Unknown field with tag 50839 (0xc697) encountered
[ WARN:0@82.385] global grfmt_tiff.cpp:123 TIFF_Warning TIFFReadDirectory: Unknown field with tag 50838 (0xc696) encountered
[ WARN:0@82.385] global grfmt_tiff.cpp:123 TIFF_Warning TIFFReadDirectory: Unknown field with tag 50839 (0xc697) encountered
[ WARN:0@82.386] global grfmt_tiff.cpp:123 TIFF_Warning TIFFReadDirectory: Unknown field with tag 50838 (0xc696) encountered
[ WARN:0@82.386] global grfmt_tiff.cpp:123 TIFF_Warning TIFFReadDirectory: Unknown field with tag 50839 (0xc697) encountered
[ WARN:0@82.389] global grfmt_tiff.cpp:123 TIFF_Warning TIFFReadDirectory: Unknown field with tag 50838 (0xc696) encountered
[ WARN:0@82.389] global grfmt_tiff.cpp:123 TIFF_Warning TIFFReadDirectory: Unknown field with tag 50839 (0xc697) encountered
[ WARN:0@82.390] global grfmt_tiff.cpp:123 TIFF_Warning TIFFReadDirectory: Unknown field with tag 50838 (0xc696) encountered
[ WARN:0@82.390] global grfmt_tiff.cpp:123 TIFF_Warning TIFFReadDirectory: Unknown field with tag 50839 (0xc697) encountered
[ WARN:0@82.393] global grfmt_tiff.cpp:123 TIFF_Warning TIFFReadDirectory: Unknown field with tag 50838 (0xc696) encountered
[ WARN:0@82.393] global grfmt_tiff.cpp:123 TIFF_Warning TIFFReadDirectory: Unknown field with tag 50839 (0xc697) encountered
[ WARN:0@82.396] global grfmt_tiff.cpp:123 TIFF_Warning TIFFReadDirectory: Unknown field with tag 50838 (0xc696) encountered
[ WARN:0@82.396] global grfmt_tiff.cpp:123 TIFF_Warning TIFFReadDirectory: Unknown field with tag 50839 (0xc697) encountered
[ WARN:0@82.397] global grfmt_tiff.cpp:123 TIFF_Warning TIFFReadDirectory: Unknown field with tag 50838 (0xc696) encountered
[ WARN:0@82.397] global grfmt_tiff.cpp:123 TIFF_Warning TIFFReadDirectory: Unknown field with tag 50839 (0xc697) encountered
[ WARN:0@82.399] global grfmt_tiff.cpp:123 TIFF_Warning TIFFReadDirectory: Unknown field with tag 50838 (0xc696) encountered
[ WARN:0@82.399] global grfmt_tiff.cpp:123 TIFF_Warning TIFFReadDirectory: Unknown field with tag 50839 (0xc697) encountered
[ WARN:0@82.400] global grfmt_tiff.cpp:123 TIFF_Warning TIFFReadDirectory: Unknown field with tag 50838 (0xc696) encountered
[ WARN:0@82.400] global grfmt_tiff.cpp:123 TIFF_Warning TIFFReadDirectory: Unknown field with tag 50839 (0xc697) encountered
[ WARN:0@82.402] global grfmt_tiff.cpp:123 TIFF_Warning TIFFReadDirectory: Unknown field with tag 50838 (0xc696) encountered
[ WARN:0@82.402] global grfmt_tiff.cpp:123 TIFF_Warning TIFFReadDirectory: Unknown field with tag 50839 (0xc697) encountered
[ WARN:0@82.405] global grfmt_tiff.cpp:123 TIFF_Warning TIFFReadDirectory: Unknown field with tag 50838 (0xc696) encountered
[ WARN:0@82.405] global grfmt_tiff.cpp:123 TIFF_Warning TIFFReadDirectory: Unknown field with tag 50839 (0xc697) encountered
[ WARN:0@82.406] global grfmt_tiff.cpp:123 TIFF_Warning TIFFReadDirectory: Unknown field with tag 50838 (0xc696) encountered
[ WARN:0@82.406] global grfmt_tiff.cpp:123 TIFF_Warning TIFFReadDirectory: Unknown field with tag 50839 (0xc697) encountered
[ WARN:0@82.408] global grfmt_tiff.cpp:123 TIFF_Warning TIFFReadDirectory: Unknown field with tag 50838 (0xc696) encountered
[ WARN:0@82.408] global grfmt_tiff.cpp:123 TIFF_Warning TIFFReadDirectory: Unknown field with tag 50839 (0xc697) encountered
[ WARN:0@82.409] global grfmt_tiff.cpp:123 TIFF_Warning TIFFReadDirectory: Unknown field with tag 50838 (0xc696) encountered
[ WARN:0@82.409] global grfmt_tiff.cpp:123 TIFF_Warning TIFFReadDirectory: Unknown field with tag 50839 (0xc697) encountered
[ WARN:0@82.412] global grfmt_tiff.cpp:123 TIFF_Warning TIFFReadDirectory: Unknown field with tag 50838 (0xc696) encountered
[ WARN:0@82.413] global grfmt_tiff.cpp:123 TIFF_Warning TIFFReadDirectory: Unknown field with tag 50839 (0xc697) encountered
[ WARN:0@82.415] global grfmt_tiff.cpp:123 TIFF_Warning TIFFReadDirectory: Unknown field with tag 50838 (0xc696) encountered
[ WARN:0@82.415] global grfmt_tiff.cpp:123 TIFF_Warning TIFFReadDirectory: Unknown field with tag 50839 (0xc697) encountered
[ WARN:0@82.417] global grfmt_tiff.cpp:123 TIFF_Warning TIFFReadDirectory: Unknown field with tag 50838 (0xc696) encountered
[ WARN:0@82.417] global grfmt_tiff.cpp:123 TIFF_Warning TIFFReadDirectory: Unknown field with tag 50839 (0xc697) encountered
[ WARN:0@82.418] global grfmt_tiff.cpp:123 TIFF_Warning TIFFReadDirectory: Unknown field with tag 50838 (0xc696) encountered
[ WARN:0@82.418] global grfmt_tiff.cpp:123 TIFF_Warning TIFFReadDirectory: Unknown field with tag 50839 (0xc697) encountered
[ WARN:0@82.420] global grfmt_tiff.cpp:123 TIFF_Warning TIFFReadDirectory: Unknown field with tag 50838 (0xc696) encountered
[ WARN:0@82.420] global grfmt_tiff.cpp:123 TIFF_Warning TIFFReadDirectory: Unknown field with tag 50839 (0xc697) encountered
[ WARN:0@82.421] global grfmt_tiff.cpp:123 TIFF_Warning TIFFReadDirectory: Unknown field with tag 50838 (0xc696) encountered
[ WARN:0@82.421] global grfmt_tiff.cpp:123 TIFF_Warning TIFFReadDirectory: Unknown field with tag 50839 (0xc697) encountered
[ WARN:0@82.422] global grfmt_tiff.cpp:123 TIFF_Warning TIFFReadDirectory: Unknown field with tag 50838 (0xc696) encountered
[ WARN:0@82.422] global grfmt_tiff.cpp:123 TIFF_Warning TIFFReadDirectory: Unknown field with tag 50839 (0xc697) encountered
[ WARN:0@82.980] global grfmt_tiff.cpp:123 TIFF_Warning TIFFReadDirectory: Unknown field with tag 50838 (0xc696) encountered
[ WARN:0@82.980] global grfmt_tiff.cpp:123 TIFF_Warning TIFFReadDirectory: Unknown field with tag 50839 (0xc697) encountered
[ WARN:0@83.133] global grfmt_tiff.cpp:123 TIFF_Warning TIFFReadDirectory: Unknown field with tag 50838 (0xc696) encountered
[ WARN:0@83.133] global grfmt_tiff.cpp:123 TIFF_Warning TIFFReadDirectory: Unknown field with tag 50839 (0xc697) encountered
[ WARN:0@83.135] global grfmt_tiff.cpp:123 TIFF_Warning TIFFReadDirectory: Unknown field with tag 50838 (0xc696) encountered
[ WARN:0@83.135] global grfmt_tiff.cpp:123 TIFF_Warning TIFFReadDirectory: Unknown field with tag 50839 (0xc697) encountered
[ WARN:0@83.137] global grfmt_tiff.cpp:123 TIFF_Warning TIFFReadDirectory: Unknown field with tag 50838 (0xc696) encountered
[ WARN:0@83.137] global grfmt_tiff.cpp:123 TIFF_Warning TIFFReadDirectory: Unknown field with tag 50839 (0xc697) encountered
[ WARN:0@83.138] global grfmt_tiff.cpp:123 TIFF_Warning TIFFReadDirectory: Unknown field with tag 50838 (0xc696) encountered
[ WARN:0@83.138] global grfmt_tiff.cpp:123 TIFF_Warning TIFFReadDirectory: Unknown field with tag 50839 (0xc697) encountered
[ WARN:0@83.140] global grfmt_tiff.cpp:123 TIFF_Warning TIFFReadDirectory: Unknown field with tag 50838 (0xc696) encountered
[ WARN:0@83.140] global grfmt_tiff.cpp:123 TIFF_Warning TIFFReadDirectory: Unknown field with tag 50839 (0xc697) encountered
[ WARN:0@83.141] global grfmt_tiff.cpp:123 TIFF_Warning TIFFReadDirectory: Unknown field with tag 50838 (0xc696) encountered
[ WARN:0@83.141] global grfmt_tiff.cpp:123 TIFF_Warning TIFFReadDirectory: Unknown field with tag 50839 (0xc697) encountered
[ WARN:0@83.144] global grfmt_tiff.cpp:123 TIFF_Warning TIFFReadDirectory: Unknown field with tag 50838 (0xc696) encountered
[ WARN:0@83.144] global grfmt_tiff.cpp:123 TIFF_Warning TIFFReadDirectory: Unknown field with tag 50839 (0xc697) encountered
[ WARN:0@83.146] global grfmt_tiff.cpp:123 TIFF_Warning TIFFReadDirectory: Unknown field with tag 50838 (0xc696) encountered
[ WARN:0@83.146] global grfmt_tiff.cpp:123 TIFF_Warning TIFFReadDirectory: Unknown field with tag 50839 (0xc697) encountered
[ WARN:0@83.148] global grfmt_tiff.cpp:123 TIFF_Warning TIFFReadDirectory: Unknown field with tag 50838 (0xc696) encountered
[ WARN:0@83.148] global grfmt_tiff.cpp:123 TIFF_Warning TIFFReadDirectory: Unknown field with tag 50839 (0xc697) encountered
[ WARN:0@83.151] global grfmt_tiff.cpp:123 TIFF_Warning TIFFReadDirectory: Unknown field with tag 50838 (0xc696) encountered
[ WARN:0@83.152] global grfmt_tiff.cpp:123 TIFF_Warning TIFFReadDirectory: Unknown field with tag 50839 (0xc697) encountered
[ WARN:0@83.152] global grfmt_tiff.cpp:123 TIFF_Warning TIFFReadDirectory: Unknown field with tag 50838 (0xc696) encountered
[ WARN:0@83.152] global grfmt_tiff.cpp:123 TIFF_Warning TIFFReadDirectory: Unknown field with tag 50839 (0xc697) encountered
[ WARN:0@83.155] global grfmt_tiff.cpp:123 TIFF_Warning TIFFReadDirectory: Unknown field with tag 50838 (0xc696) encountered
[ WARN:0@83.155] global grfmt_tiff.cpp:123 TIFF_Warning TIFFReadDirectory: Unknown field with tag 50839 (0xc697) encountered
[ WARN:0@83.156] global grfmt_tiff.cpp:123 TIFF_Warning TIFFReadDirectory: Unknown field with tag 50838 (0xc696) encountered
[ WARN:0@83.156] global grfmt_tiff.cpp:123 TIFF_Warning TIFFReadDirectory: Unknown field with tag 50839 (0xc697) encountered
[ WARN:0@83.157] global grfmt_tiff.cpp:123 TIFF_Warning TIFFReadDirectory: Unknown field with tag 50838 (0xc696) encountered
[ WARN:0@83.157] global grfmt_tiff.cpp:123 TIFF_Warning TIFFReadDirectory: Unknown field with tag 50839 (0xc697) encountered
[ WARN:0@83.161] global grfmt_tiff.cpp:123 TIFF_Warning TIFFReadDirectory: Unknown field with tag 50838 (0xc696) encountered
[ WARN:0@83.161] global grfmt_tiff.cpp:123 TIFF_Warning TIFFReadDirectory: Unknown field with tag 50839 (0xc697) encountered
[ WARN:0@83.162] global grfmt_tiff.cpp:123 TIFF_Warning TIFFReadDirectory: Unknown field with tag 50838 (0xc696) encountered
[ WARN:0@83.162] global grfmt_tiff.cpp:123 TIFF_Warning TIFFReadDirectory: Unknown field with tag 50839 (0xc697) encountered
[ WARN:0@83.164] global grfmt_tiff.cpp:123 TIFF_Warning TIFFReadDirectory: Unknown field with tag 50838 (0xc696) encountered
[ WARN:0@83.164] global grfmt_tiff.cpp:123 TIFF_Warning TIFFReadDirectory: Unknown field with tag 50839 (0xc697) encountered
[ WARN:0@83.165] global grfmt_tiff.cpp:123 TIFF_Warning TIFFReadDirectory: Unknown field with tag 50838 (0xc696) encountered
[ WARN:0@83.165] global grfmt_tiff.cpp:123 TIFF_Warning TIFFReadDirectory: Unknown field with tag 50839 (0xc697) encountered
[ WARN:0@83.168] global grfmt_tiff.cpp:123 TIFF_Warning TIFFReadDirectory: Unknown field with tag 50838 (0xc696) encountered
[ WARN:0@83.169] global grfmt_tiff.cpp:123 TIFF_Warning TIFFReadDirectory: Unknown field with tag 50839 (0xc697) encountered
[ WARN:0@83.171] global grfmt_tiff.cpp:123 TIFF_Warning TIFFReadDirectory: Unknown field with tag 50838 (0xc696) encountered
[ WARN:0@83.171] global grfmt_tiff.cpp:123 TIFF_Warning TIFFReadDirectory: Unknown field with tag 50839 (0xc697) encountered
[ WARN:0@83.173] global grfmt_tiff.cpp:123 TIFF_Warning TIFFReadDirectory: Unknown field with tag 50838 (0xc696) encountered
[ WARN:0@83.173] global grfmt_tiff.cpp:123 TIFF_Warning TIFFReadDirectory: Unknown field with tag 50839 (0xc697) encountered
[ WARN:0@83.174] global grfmt_tiff.cpp:123 TIFF_Warning TIFFReadDirectory: Unknown field with tag 50838 (0xc696) encountered
[ WARN:0@83.174] global grfmt_tiff.cpp:123 TIFF_Warning TIFFReadDirectory: Unknown field with tag 50839 (0xc697) encountered
[ WARN:0@83.177] global grfmt_tiff.cpp:123 TIFF_Warning TIFFReadDirectory: Unknown field with tag 50838 (0xc696) encountered
[ WARN:0@83.178] global grfmt_tiff.cpp:123 TIFF_Warning TIFFReadDirectory: Unknown field with tag 50839 (0xc697) encountered
[ WARN:0@83.179] global grfmt_tiff.cpp:123 TIFF_Warning TIFFReadDirectory: Unknown field with tag 50838 (0xc696) encountered
[ WARN:0@83.179] global grfmt_tiff.cpp:123 TIFF_Warning TIFFReadDirectory: Unknown field with tag 50839 (0xc697) encountered
[ WARN:0@83.180] global grfmt_tiff.cpp:123 TIFF_Warning TIFFReadDirectory: Unknown field with tag 50838 (0xc696) encountered
[ WARN:0@83.180] global grfmt_tiff.cpp:123 TIFF_Warning TIFFReadDirectory: Unknown field with tag 50839 (0xc697) encountered
[ WARN:0@83.182] global grfmt_tiff.cpp:123 TIFF_Warning TIFFReadDirectory: Unknown field with tag 50838 (0xc696) encountered
[ WARN:0@83.182] global grfmt_tiff.cpp:123 TIFF_Warning TIFFReadDirectory: Unknown field with tag 50839 (0xc697) encountered
[ WARN:0@83.183] global grfmt_tiff.cpp:123 TIFF_Warning TIFFReadDirectory: Unknown field with tag 50838 (0xc696) encountered
[ WARN:0@83.183] global grfmt_tiff.cpp:123 TIFF_Warning TIFFReadDirectory: Unknown field with tag 50839 (0xc697) encountered
[ WARN:0@83.184] global grfmt_tiff.cpp:123 TIFF_Warning TIFFReadDirectory: Unknown field with tag 50838 (0xc696) encountered
[ WARN:0@83.184] global grfmt_tiff.cpp:123 TIFF_Warning TIFFReadDirectory: Unknown field with tag 50839 (0xc697) encountered
[ WARN:0@83.185] global grfmt_tiff.cpp:123 TIFF_Warning TIFFReadDirectory: Unknown field with tag 50838 (0xc696) encountered
[ WARN:0@83.185] global grfmt_tiff.cpp:123 TIFF_Warning TIFFReadDirectory: Unknown field with tag 50839 (0xc697) encountered
[ WARN:0@83.188] global grfmt_tiff.cpp:123 TIFF_Warning TIFFReadDirectory: Unknown field with tag 50838 (0xc696) encountered
[ WARN:0@83.188] global grfmt_tiff.cpp:123 TIFF_Warning TIFFReadDirectory: Unknown field with tag 50839 (0xc697) encountered
[ WARN:0@83.189] global grfmt_tiff.cpp:123 TIFF_Warning TIFFReadDirectory: Unknown field with tag 50838 (0xc696) encountered
[ WARN:0@83.189] global grfmt_tiff.cpp:123 TIFF_Warning TIFFReadDirectory: Unknown field with tag 50839 (0xc697) encountered
[ WARN:0@83.191] global grfmt_tiff.cpp:123 TIFF_Warning TIFFReadDirectory: Unknown field with tag 50838 (0xc696) encountered
[ WARN:0@83.191] global grfmt_tiff.cpp:123 TIFF_Warning TIFFReadDirectory: Unknown field with tag 50839 (0xc697) encountered
[ WARN:0@83.192] global grfmt_tiff.cpp:123 TIFF_Warning TIFFReadDirectory: Unknown field with tag 50838 (0xc696) encountered
[ WARN:0@83.192] global grfmt_tiff.cpp:123 TIFF_Warning TIFFReadDirectory: Unknown field with tag 50839 (0xc697) encountered
[ WARN:0@83.195] global grfmt_tiff.cpp:123 TIFF_Warning TIFFReadDirectory: Unknown field with tag 50838 (0xc696) encountered
[ WARN:0@83.195] global grfmt_tiff.cpp:123 TIFF_Warning TIFFReadDirectory: Unknown field with tag 50839 (0xc697) encountered
[ WARN:0@83.198] global grfmt_tiff.cpp:123 TIFF_Warning TIFFReadDirectory: Unknown field with tag 50838 (0xc696) encountered
[ WARN:0@83.198] global grfmt_tiff.cpp:123 TIFF_Warning TIFFReadDirectory: Unknown field with tag 50839 (0xc697) encountered
[ WARN:0@83.199] global grfmt_tiff.cpp:123 TIFF_Warning TIFFReadDirectory: Unknown field with tag 50838 (0xc696) encountered
[ WARN:0@83.199] global grfmt_tiff.cpp:123 TIFF_Warning TIFFReadDirectory: Unknown field with tag 50839 (0xc697) encountered
[ WARN:0@83.201] global grfmt_tiff.cpp:123 TIFF_Warning TIFFReadDirectory: Unknown field with tag 50838 (0xc696) encountered
[ WARN:0@83.201] global grfmt_tiff.cpp:123 TIFF_Warning TIFFReadDirectory: Unknown field with tag 50839 (0xc697) encountered
[ WARN:0@83.203] global grfmt_tiff.cpp:123 TIFF_Warning TIFFReadDirectory: Unknown field with tag 50838 (0xc696) encountered
[ WARN:0@83.203] global grfmt_tiff.cpp:123 TIFF_Warning TIFFReadDirectory: Unknown field with tag 50839 (0xc697) encountered
[ WARN:0@83.204] global grfmt_tiff.cpp:123 TIFF_Warning TIFFReadDirectory: Unknown field with tag 50838 (0xc696) encountered
[ WARN:0@83.204] global grfmt_tiff.cpp:123 TIFF_Warning TIFFReadDirectory: Unknown field with tag 50839 (0xc697) encountered
[ WARN:0@83.207] global grfmt_tiff.cpp:123 TIFF_Warning TIFFReadDirectory: Unknown field with tag 50838 (0xc696) encountered
[ WARN:0@83.207] global grfmt_tiff.cpp:123 TIFF_Warning TIFFReadDirectory: Unknown field with tag 50839 (0xc697) encountered
[ WARN:0@83.209] global grfmt_tiff.cpp:123 TIFF_Warning TIFFReadDirectory: Unknown field with tag 50838 (0xc696) encountered
[ WARN:0@83.209] global grfmt_tiff.cpp:123 TIFF_Warning TIFFReadDirectory: Unknown field with tag 50839 (0xc697) encountered
[ WARN:0@83.211] global grfmt_tiff.cpp:123 TIFF_Warning TIFFReadDirectory: Unknown field with tag 50838 (0xc696) encountered
[ WARN:0@83.211] global grfmt_tiff.cpp:123 TIFF_Warning TIFFReadDirectory: Unknown field with tag 50839 (0xc697) encountered
[ WARN:0@83.212] global grfmt_tiff.cpp:123 TIFF_Warning TIFFReadDirectory: Unknown field with tag 50838 (0xc696) encountered
[ WARN:0@83.212] global grfmt_tiff.cpp:123 TIFF_Warning TIFFReadDirectory: Unknown field with tag 50839 (0xc697) encountered
[ WARN:0@83.215] global grfmt_tiff.cpp:123 TIFF_Warning TIFFReadDirectory: Unknown field with tag 50838 (0xc696) encountered
[ WARN:0@83.215] global grfmt_tiff.cpp:123 TIFF_Warning TIFFReadDirectory: Unknown field with tag 50839 (0xc697) encountered
[ WARN:0@83.217] global grfmt_tiff.cpp:123 TIFF_Warning TIFFReadDirectory: Unknown field with tag 50838 (0xc696) encountered
[ WARN:0@83.217] global grfmt_tiff.cpp:123 TIFF_Warning TIFFReadDirectory: Unknown field with tag 50839 (0xc697) encountered
[ WARN:0@83.219] global grfmt_tiff.cpp:123 TIFF_Warning TIFFReadDirectory: Unknown field with tag 50838 (0xc696) encountered
[ WARN:0@83.219] global grfmt_tiff.cpp:123 TIFF_Warning TIFFReadDirectory: Unknown field with tag 50839 (0xc697) encountered
[ WARN:0@83.220] global grfmt_tiff.cpp:123 TIFF_Warning TIFFReadDirectory: Unknown field with tag 50838 (0xc696) encountered
[ WARN:0@83.220] global grfmt_tiff.cpp:123 TIFF_Warning TIFFReadDirectory: Unknown field with tag 50839 (0xc697) encountered
[ WARN:0@83.222] global grfmt_tiff.cpp:123 TIFF_Warning TIFFReadDirectory: Unknown field with tag 50838 (0xc696) encountered
[ WARN:0@83.222] global grfmt_tiff.cpp:123 TIFF_Warning TIFFReadDirectory: Unknown field with tag 50839 (0xc697) encountered
[ WARN:0@83.223] global grfmt_tiff.cpp:123 TIFF_Warning TIFFReadDirectory: Unknown field with tag 50838 (0xc696) encountered
[ WARN:0@83.223] global grfmt_tiff.cpp:123 TIFF_Warning TIFFReadDirectory: Unknown field with tag 50839 (0xc697) encountered
[ WARN:0@83.224] global grfmt_tiff.cpp:123 TIFF_Warning TIFFReadDirectory: Unknown field with tag 50838 (0xc696) encountered
[ WARN:0@83.224] global grfmt_tiff.cpp:123 TIFF_Warning TIFFReadDirectory: Unknown field with tag 50839 (0xc697) encountered
[ WARN:0@83.781] global grfmt_tiff.cpp:123 TIFF_Warning TIFFReadDirectory: Unknown field with tag 50838 (0xc696) encountered
[ WARN:0@83.781] global grfmt_tiff.cpp:123 TIFF_Warning TIFFReadDirectory: Unknown field with tag 50839 (0xc697) encountered
[ WARN:0@83.931] global grfmt_tiff.cpp:123 TIFF_Warning TIFFReadDirectory: Unknown field with tag 50838 (0xc696) encountered
[ WARN:0@83.931] global grfmt_tiff.cpp:123 TIFF_Warning TIFFReadDirectory: Unknown field with tag 50839 (0xc697) encountered
[ WARN:0@83.934] global grfmt_tiff.cpp:123 TIFF_Warning TIFFReadDirectory: Unknown field with tag 50838 (0xc696) encountered
[ WARN:0@83.934] global grfmt_tiff.cpp:123 TIFF_Warning TIFFReadDirectory: Unknown field with tag 50839 (0xc697) encountered
[ WARN:0@83.935] global grfmt_tiff.cpp:123 TIFF_Warning TIFFReadDirectory: Unknown field with tag 50838 (0xc696) encountered
[ WARN:0@83.935] global grfmt_tiff.cpp:123 TIFF_Warning TIFFReadDirectory: Unknown field with tag 50839 (0xc697) encountered
[ WARN:0@83.936] global grfmt_tiff.cpp:123 TIFF_Warning TIFFReadDirectory: Unknown field with tag 50838 (0xc696) encountered
[ WARN:0@83.936] global grfmt_tiff.cpp:123 TIFF_Warning TIFFReadDirectory: Unknown field with tag 50839 (0xc697) encountered
[ WARN:0@83.938] global grfmt_tiff.cpp:123 TIFF_Warning TIFFReadDirectory: Unknown field with tag 50838 (0xc696) encountered
[ WARN:0@83.938] global grfmt_tiff.cpp:123 TIFF_Warning TIFFReadDirectory: Unknown field with tag 50839 (0xc697) encountered
[ WARN:0@83.940] global grfmt_tiff.cpp:123 TIFF_Warning TIFFReadDirectory: Unknown field with tag 50838 (0xc696) encountered
[ WARN:0@83.940] global grfmt_tiff.cpp:123 TIFF_Warning TIFFReadDirectory: Unknown field with tag 50839 (0xc697) encountered
[ WARN:0@83.943] global grfmt_tiff.cpp:123 TIFF_Warning TIFFReadDirectory: Unknown field with tag 50838 (0xc696) encountered
[ WARN:0@83.943] global grfmt_tiff.cpp:123 TIFF_Warning TIFFReadDirectory: Unknown field with tag 50839 (0xc697) encountered
[ WARN:0@83.944] global grfmt_tiff.cpp:123 TIFF_Warning TIFFReadDirectory: Unknown field with tag 50838 (0xc696) encountered
[ WARN:0@83.944] global grfmt_tiff.cpp:123 TIFF_Warning TIFFReadDirectory: Unknown field with tag 50839 (0xc697) encountered
[ WARN:0@83.946] global grfmt_tiff.cpp:123 TIFF_Warning TIFFReadDirectory: Unknown field with tag 50838 (0xc696) encountered
[ WARN:0@83.946] global grfmt_tiff.cpp:123 TIFF_Warning TIFFReadDirectory: Unknown field with tag 50839 (0xc697) encountered
[ WARN:0@83.950] global grfmt_tiff.cpp:123 TIFF_Warning TIFFReadDirectory: Unknown field with tag 50838 (0xc696) encountered
[ WARN:0@83.950] global grfmt_tiff.cpp:123 TIFF_Warning TIFFReadDirectory: Unknown field with tag 50839 (0xc697) encountered
[ WARN:0@83.951] global grfmt_tiff.cpp:123 TIFF_Warning TIFFReadDirectory: Unknown field with tag 50838 (0xc696) encountered
[ WARN:0@83.951] global grfmt_tiff.cpp:123 TIFF_Warning TIFFReadDirectory: Unknown field with tag 50839 (0xc697) encountered
[ WARN:0@83.953] global grfmt_tiff.cpp:123 TIFF_Warning TIFFReadDirectory: Unknown field with tag 50838 (0xc696) encountered
[ WARN:0@83.953] global grfmt_tiff.cpp:123 TIFF_Warning TIFFReadDirectory: Unknown field with tag 50839 (0xc697) encountered
[ WARN:0@83.954] global grfmt_tiff.cpp:123 TIFF_Warning TIFFReadDirectory: Unknown field with tag 50838 (0xc696) encountered
[ WARN:0@83.955] global grfmt_tiff.cpp:123 TIFF_Warning TIFFReadDirectory: Unknown field with tag 50839 (0xc697) encountered
[ WARN:0@83.956] global grfmt_tiff.cpp:123 TIFF_Warning TIFFReadDirectory: Unknown field with tag 50838 (0xc696) encountered
[ WARN:0@83.956] global grfmt_tiff.cpp:123 TIFF_Warning TIFFReadDirectory: Unknown field with tag 50839 (0xc697) encountered
[ WARN:0@83.959] global grfmt_tiff.cpp:123 TIFF_Warning TIFFReadDirectory: Unknown field with tag 50838 (0xc696) encountered
[ WARN:0@83.959] global grfmt_tiff.cpp:123 TIFF_Warning TIFFReadDirectory: Unknown field with tag 50839 (0xc697) encountered
[ WARN:0@83.961] global grfmt_tiff.cpp:123 TIFF_Warning TIFFReadDirectory: Unknown field with tag 50838 (0xc696) encountered
[ WARN:0@83.961] global grfmt_tiff.cpp:123 TIFF_Warning TIFFReadDirectory: Unknown field with tag 50839 (0xc697) encountered
[ WARN:0@83.963] global grfmt_tiff.cpp:123 TIFF_Warning TIFFReadDirectory: Unknown field with tag 50838 (0xc696) encountered
[ WARN:0@83.963] global grfmt_tiff.cpp:123 TIFF_Warning TIFFReadDirectory: Unknown field with tag 50839 (0xc697) encountered
[ WARN:0@83.964] global grfmt_tiff.cpp:123 TIFF_Warning TIFFReadDirectory: Unknown field with tag 50838 (0xc696) encountered
[ WARN:0@83.964] global grfmt_tiff.cpp:123 TIFF_Warning TIFFReadDirectory: Unknown field with tag 50839 (0xc697) encountered
[ WARN:0@83.967] global grfmt_tiff.cpp:123 TIFF_Warning TIFFReadDirectory: Unknown field with tag 50838 (0xc696) encountered
[ WARN:0@83.967] global grfmt_tiff.cpp:123 TIFF_Warning TIFFReadDirectory: Unknown field with tag 50839 (0xc697) encountered
[ WARN:0@83.969] global grfmt_tiff.cpp:123 TIFF_Warning TIFFReadDirectory: Unknown field with tag 50838 (0xc696) encountered
[ WARN:0@83.969] global grfmt_tiff.cpp:123 TIFF_Warning TIFFReadDirectory: Unknown field with tag 50839 (0xc697) encountered
[ WARN:0@83.971] global grfmt_tiff.cpp:123 TIFF_Warning TIFFReadDirectory: Unknown field with tag 50838 (0xc696) encountered
[ WARN:0@83.971] global grfmt_tiff.cpp:123 TIFF_Warning TIFFReadDirectory: Unknown field with tag 50839 (0xc697) encountered
[ WARN:0@83.972] global grfmt_tiff.cpp:123 TIFF_Warning TIFFReadDirectory: Unknown field with tag 50838 (0xc696) encountered
[ WARN:0@83.972] global grfmt_tiff.cpp:123 TIFF_Warning TIFFReadDirectory: Unknown field with tag 50839 (0xc697) encountered
[ WARN:0@83.974] global grfmt_tiff.cpp:123 TIFF_Warning TIFFReadDirectory: Unknown field with tag 50838 (0xc696) encountered
[ WARN:0@83.974] global grfmt_tiff.cpp:123 TIFF_Warning TIFFReadDirectory: Unknown field with tag 50839 (0xc697) encountered
[ WARN:0@83.976] global grfmt_tiff.cpp:123 TIFF_Warning TIFFReadDirectory: Unknown field with tag 50838 (0xc696) encountered
[ WARN:0@83.976] global grfmt_tiff.cpp:123 TIFF_Warning TIFFReadDirectory: Unknown field with tag 50839 (0xc697) encountered
[ WARN:0@83.977] global grfmt_tiff.cpp:123 TIFF_Warning TIFFReadDirectory: Unknown field with tag 50838 (0xc696) encountered
[ WARN:0@83.977] global grfmt_tiff.cpp:123 TIFF_Warning TIFFReadDirectory: Unknown field with tag 50839 (0xc697) encountered
[ WARN:0@83.980] global grfmt_tiff.cpp:123 TIFF_Warning TIFFReadDirectory: Unknown field with tag 50838 (0xc696) encountered
[ WARN:0@83.980] global grfmt_tiff.cpp:123 TIFF_Warning TIFFReadDirectory: Unknown field with tag 50839 (0xc697) encountered
[ WARN:0@83.981] global grfmt_tiff.cpp:123 TIFF_Warning TIFFReadDirectory: Unknown field with tag 50838 (0xc696) encountered
[ WARN:0@83.981] global grfmt_tiff.cpp:123 TIFF_Warning TIFFReadDirectory: Unknown field with tag 50839 (0xc697) encountered
[ WARN:0@83.982] global grfmt_tiff.cpp:123 TIFF_Warning TIFFReadDirectory: Unknown field with tag 50838 (0xc696) encountered
[ WARN:0@83.982] global grfmt_tiff.cpp:123 TIFF_Warning TIFFReadDirectory: Unknown field with tag 50839 (0xc697) encountered
[ WARN:0@83.983] global grfmt_tiff.cpp:123 TIFF_Warning TIFFReadDirectory: Unknown field with tag 50838 (0xc696) encountered
[ WARN:0@83.983] global grfmt_tiff.cpp:123 TIFF_Warning TIFFReadDirectory: Unknown field with tag 50839 (0xc697) encountered
[ WARN:0@83.985] global grfmt_tiff.cpp:123 TIFF_Warning TIFFReadDirectory: Unknown field with tag 50838 (0xc696) encountered
[ WARN:0@83.985] global grfmt_tiff.cpp:123 TIFF_Warning TIFFReadDirectory: Unknown field with tag 50839 (0xc697) encountered
[ WARN:0@83.986] global grfmt_tiff.cpp:123 TIFF_Warning TIFFReadDirectory: Unknown field with tag 50838 (0xc696) encountered
[ WARN:0@83.986] global grfmt_tiff.cpp:123 TIFF_Warning TIFFReadDirectory: Unknown field with tag 50839 (0xc697) encountered
[ WARN:0@83.988] global grfmt_tiff.cpp:123 TIFF_Warning TIFFReadDirectory: Unknown field with tag 50838 (0xc696) encountered
[ WARN:0@83.988] global grfmt_tiff.cpp:123 TIFF_Warning TIFFReadDirectory: Unknown field with tag 50839 (0xc697) encountered
[ WARN:0@83.990] global grfmt_tiff.cpp:123 TIFF_Warning TIFFReadDirectory: Unknown field with tag 50838 (0xc696) encountered
[ WARN:0@83.990] global grfmt_tiff.cpp:123 TIFF_Warning TIFFReadDirectory: Unknown field with tag 50839 (0xc697) encountered
[ WARN:0@83.992] global grfmt_tiff.cpp:123 TIFF_Warning TIFFReadDirectory: Unknown field with tag 50838 (0xc696) encountered
[ WARN:0@83.992] global grfmt_tiff.cpp:123 TIFF_Warning TIFFReadDirectory: Unknown field with tag 50839 (0xc697) encountered
[ WARN:0@83.995] global grfmt_tiff.cpp:123 TIFF_Warning TIFFReadDirectory: Unknown field with tag 50838 (0xc696) encountered
[ WARN:0@83.996] global grfmt_tiff.cpp:123 TIFF_Warning TIFFReadDirectory: Unknown field with tag 50839 (0xc697) encountered
[ WARN:0@83.997] global grfmt_tiff.cpp:123 TIFF_Warning TIFFReadDirectory: Unknown field with tag 50838 (0xc696) encountered
[ WARN:0@83.997] global grfmt_tiff.cpp:123 TIFF_Warning TIFFReadDirectory: Unknown field with tag 50839 (0xc697) encountered
[ WARN:0@83.999] global grfmt_tiff.cpp:123 TIFF_Warning TIFFReadDirectory: Unknown field with tag 50838 (0xc696) encountered
[ WARN:0@83.999] global grfmt_tiff.cpp:123 TIFF_Warning TIFFReadDirectory: Unknown field with tag 50839 (0xc697) encountered
[ WARN:0@84.000] global grfmt_tiff.cpp:123 TIFF_Warning TIFFReadDirectory: Unknown field with tag 50838 (0xc696) encountered
[ WARN:0@84.000] global grfmt_tiff.cpp:123 TIFF_Warning TIFFReadDirectory: Unknown field with tag 50839 (0xc697) encountered
[ WARN:0@84.001] global grfmt_tiff.cpp:123 TIFF_Warning TIFFReadDirectory: Unknown field with tag 50838 (0xc696) encountered
[ WARN:0@84.001] global grfmt_tiff.cpp:123 TIFF_Warning TIFFReadDirectory: Unknown field with tag 50839 (0xc697) encountered
[ WARN:0@84.005] global grfmt_tiff.cpp:123 TIFF_Warning TIFFReadDirectory: Unknown field with tag 50838 (0xc696) encountered
[ WARN:0@84.005] global grfmt_tiff.cpp:123 TIFF_Warning TIFFReadDirectory: Unknown field with tag 50839 (0xc697) encountered
[ WARN:0@84.006] global grfmt_tiff.cpp:123 TIFF_Warning TIFFReadDirectory: Unknown field with tag 50838 (0xc696) encountered
[ WARN:0@84.006] global grfmt_tiff.cpp:123 TIFF_Warning TIFFReadDirectory: Unknown field with tag 50839 (0xc697) encountered
[ WARN:0@84.008] global grfmt_tiff.cpp:123 TIFF_Warning TIFFReadDirectory: Unknown field with tag 50838 (0xc696) encountered
[ WARN:0@84.008] global grfmt_tiff.cpp:123 TIFF_Warning TIFFReadDirectory: Unknown field with tag 50839 (0xc697) encountered
[ WARN:0@84.009] global grfmt_tiff.cpp:123 TIFF_Warning TIFFReadDirectory: Unknown field with tag 50838 (0xc696) encountered
[ WARN:0@84.009] global grfmt_tiff.cpp:123 TIFF_Warning TIFFReadDirectory: Unknown field with tag 50839 (0xc697) encountered
[ WARN:0@84.013] global grfmt_tiff.cpp:123 TIFF_Warning TIFFReadDirectory: Unknown field with tag 50838 (0xc696) encountered
[ WARN:0@84.013] global grfmt_tiff.cpp:123 TIFF_Warning TIFFReadDirectory: Unknown field with tag 50839 (0xc697) encountered
[ WARN:0@84.015] global grfmt_tiff.cpp:123 TIFF_Warning TIFFReadDirectory: Unknown field with tag 50838 (0xc696) encountered
[ WARN:0@84.015] global grfmt_tiff.cpp:123 TIFF_Warning TIFFReadDirectory: Unknown field with tag 50839 (0xc697) encountered
[ WARN:0@84.017] global grfmt_tiff.cpp:123 TIFF_Warning TIFFReadDirectory: Unknown field with tag 50838 (0xc696) encountered
[ WARN:0@84.017] global grfmt_tiff.cpp:123 TIFF_Warning TIFFReadDirectory: Unknown field with tag 50839 (0xc697) encountered
[ WARN:0@84.018] global grfmt_tiff.cpp:123 TIFF_Warning TIFFReadDirectory: Unknown field with tag 50838 (0xc696) encountered
[ WARN:0@84.018] global grfmt_tiff.cpp:123 TIFF_Warning TIFFReadDirectory: Unknown field with tag 50839 (0xc697) encountered
[ WARN:0@84.020] global grfmt_tiff.cpp:123 TIFF_Warning TIFFReadDirectory: Unknown field with tag 50838 (0xc696) encountered
[ WARN:0@84.020] global grfmt_tiff.cpp:123 TIFF_Warning TIFFReadDirectory: Unknown field with tag 50839 (0xc697) encountered
[ WARN:0@84.021] global grfmt_tiff.cpp:123 TIFF_Warning TIFFReadDirectory: Unknown field with tag 50838 (0xc696) encountered
[ WARN:0@84.021] global grfmt_tiff.cpp:123 TIFF_Warning TIFFReadDirectory: Unknown field with tag 50839 (0xc697) encountered
[ WARN:0@84.022] global grfmt_tiff.cpp:123 TIFF_Warning TIFFReadDirectory: Unknown field with tag 50838 (0xc696) encountered
[ WARN:0@84.022] global grfmt_tiff.cpp:123 TIFF_Warning TIFFReadDirectory: Unknown field with tag 50839 (0xc697) encountered
{
  "n": 35,
  "pa_mae": 1.4454561207042038,
  "fl_mae": 7.546089564594948,
  "mt_mae": 1.6220281125348543,
  "umud": 0.4701420626706326,
  "combo": 0.4701420626706326,
  "n_est_scale": 35,
  "n_gt_scale": 0,
  "n_rows": 35,
  "scale_mode": "pred",
  "masks_from": "dl_track",
  "img_size": 512,
  "config": "configs/default.yaml",
  "n_mt_ok": 29,
  "n_mt_bad": 6,
  "n_fl_ok": 23,
  "n_fl_bad": 12,
  "n_pa_ok": 32,
  "n_pa_bad": 3,
  "mt_ratio_median": 1.0010328321780328,
  "fl_ratio_median": 1.0204795688413593,
  "gate2_ok": false,
  "gate0_ok": false
}

per-image ratios (mt_ratio | fl_ratio | pa_err):
  OK im_01_arch.tif: mt=1.00 fl=1.17 pa_err=5.20
  BAD im_02_arch.tif: mt=0.64 fl=0.53 pa_err=5.19
  OK im_03_arch.tif: mt=0.98 fl=1.13 pa_err=4.39
  OK im_04_arch.tif: mt=1.02 fl=0.93 pa_err=0.10
  OK im_05_arch.tif: mt=1.02 fl=1.21 pa_err=7.09
  OK im_06_arch.tif: mt=0.94 fl=0.87 pa_err=1.62
  BAD im_07_arch.tif: mt=1.40 fl=1.29 pa_err=0.98
  OK im_08_arch.tif: mt=1.02 fl=1.02 pa_err=0.00
  OK im_09_arch.tif: mt=1.01 fl=1.07 pa_err=0.93
  OK im_10_arch.tif: mt=1.01 fl=1.09 pa_err=2.37
  OK im_11_arch.tif: mt=1.00 fl=1.06 pa_err=1.46
  OK im_12_arch.tif: mt=1.05 fl=1.11 pa_err=2.92
  OK im_13_arch.tif: mt=1.01 fl=1.04 pa_err=1.98
  OK im_14_arch.tif: mt=0.98 fl=1.03 pa_err=0.12
  OK im_15_arch.tif: mt=0.98 fl=0.94 pa_err=0.12
  OK im_16_arch.tif: mt=1.01 fl=1.05 pa_err=0.80
  OK im_17_arch.tif: mt=1.00 fl=0.98 pa_err=0.06
  OK im_18_arch.tif: mt=0.98 fl=1.06 pa_err=0.69
  OK im_19_arch.tif: mt=0.99 fl=0.99 pa_err=0.93
  BAD im_20_arch.tif: mt=0.53 fl=0.57 pa_err=0.43
  OK im_21_arch.tif: mt=1.01 fl=0.89 pa_err=0.19
  OK im_22_arch.tif: mt=1.00 fl=1.05 pa_err=1.59
  OK im_23_arch.tif: mt=1.03 fl=1.05 pa_err=0.39
  BAD im_24_arch.tif: mt=0.60 fl=0.57 pa_err=1.49
  OK im_25_arch.tif: mt=1.02 fl=1.03 pa_err=0.94
  BAD im_26_arch.tif: mt=0.38 fl=0.40 pa_err=0.25
  OK im_27_arch.tif: mt=1.00 fl=0.95 pa_err=1.27
  OK im_28_arch.tif: mt=1.00 fl=1.04 pa_err=0.72
  OK im_29_arch.tif: mt=0.97 fl=1.02 pa_err=2.03
  BAD im_30_arch.tif: mt=0.73 fl=0.78 pa_err=1.82
  OK im_31_arch.tif: mt=1.01 fl=0.99 pa_err=0.15
  OK im_32_arch.tif: mt=1.02 fl=1.08 pa_err=1.26
  OK im_33_arch.tif: mt=1.00 fl=0.98 pa_err=0.21
  OK im_34_arch.tif: mt=0.98 fl=0.98 pa_err=0.34
  OK im_35_arch.tif: mt=1.00 fl=0.94 pa_err=0.57
Wrote experiments/gate2b_dltrack_pred.json
mt_bad=6/35 fl_bad=12/35 pa_bad=3
GATE2_FAIL
