DL_Track apo=data/external/dl_track/v0.3.1/models_v0.3.0/model-apo-VGG16_DiceBCE_512_300.h5
DL_Track fasc=data/external/dl_track/v0.3.1/models_v0.3.0/model-fasc-VGG16_DiceBCE_200_512.h5
WARNING: All log messages before absl::InitializeLog() is called are written to STDERR
I0000 00:00:1788890166.057867   73836 cpu_feature_guard.cc:227] This TensorFlow binary is optimized to use available CPU instructions in performance-critical operations.
To enable the following instructions: AVX2 FMA, in other operations, rebuild TensorFlow with the appropriate compiler flags.
I0000 00:00:1788890169.163438   73836 gpu_device.cc:2043] Created device /job:localhost/replica:0/task:0/device:GPU:0 with 14784 MB memory:  -> device: 0, name: Tesla T4, pci bus id: 0001:00:00.0, compute capability: 7.5
I0000 00:00:1788890169.165359   73836 gpu_device.cc:2043] Created device /job:localhost/replica:0/task:0/device:GPU:1 with 14784 MB memory:  -> device: 1, name: Tesla T4, pci bus id: 0002:00:00.0, compute capability: 7.5
I0000 00:00:1788890169.167163   73836 gpu_device.cc:2043] Created device /job:localhost/replica:0/task:0/device:GPU:2 with 14784 MB memory:  -> device: 2, name: Tesla T4, pci bus id: 0003:00:00.0, compute capability: 7.5
I0000 00:00:1788890169.168928   73836 gpu_device.cc:2043] Created device /job:localhost/replica:0/task:0/device:GPU:3 with 14784 MB memory:  -> device: 3, name: Tesla T4, pci bus id: 0004:00:00.0, compute capability: 7.5
Loaded DL_Track from data/external/dl_track
Thresholds apo=0.350 fasc=0.100
Usable metadata scale keys: 0
Depth-scale table keys: 414
Loaded scale detector experiments/checkpoints_scale/scale_detector_native.pt
I0000 00:00:1788890173.848140   74183 cuda_dnn.cc:461] Loaded cuDNN version 92501
OCR/tick scales after live+group: 618 keys (live=204, crop_applied=0)
[ WARN:0@352.469] global grfmt_tiff.cpp:123 TIFF_Warning TIFFReadDirectory: Unknown field with tag 50838 (0xc696) encountered
[ WARN:0@352.469] global grfmt_tiff.cpp:123 TIFF_Warning TIFFReadDirectory: Unknown field with tag 50839 (0xc697) encountered
[ WARN:0@352.472] global grfmt_tiff.cpp:123 TIFF_Warning TIFFReadDirectory: Unknown field with tag 50838 (0xc696) encountered
[ WARN:0@352.472] global grfmt_tiff.cpp:123 TIFF_Warning TIFFReadDirectory: Unknown field with tag 50839 (0xc697) encountered
[ WARN:0@352.473] global grfmt_tiff.cpp:123 TIFF_Warning TIFFReadDirectory: Unknown field with tag 50838 (0xc696) encountered
[ WARN:0@352.473] global grfmt_tiff.cpp:123 TIFF_Warning TIFFReadDirectory: Unknown field with tag 50839 (0xc697) encountered
[ WARN:0@352.474] global grfmt_tiff.cpp:123 TIFF_Warning TIFFReadDirectory: Unknown field with tag 50838 (0xc696) encountered
[ WARN:0@352.474] global grfmt_tiff.cpp:123 TIFF_Warning TIFFReadDirectory: Unknown field with tag 50839 (0xc697) encountered
[ WARN:0@352.477] global grfmt_tiff.cpp:123 TIFF_Warning TIFFReadDirectory: Unknown field with tag 50838 (0xc696) encountered
[ WARN:0@352.477] global grfmt_tiff.cpp:123 TIFF_Warning TIFFReadDirectory: Unknown field with tag 50839 (0xc697) encountered
[ WARN:0@352.478] global grfmt_tiff.cpp:123 TIFF_Warning TIFFReadDirectory: Unknown field with tag 50838 (0xc696) encountered
[ WARN:0@352.479] global grfmt_tiff.cpp:123 TIFF_Warning TIFFReadDirectory: Unknown field with tag 50839 (0xc697) encountered
[ WARN:0@352.481] global grfmt_tiff.cpp:123 TIFF_Warning TIFFReadDirectory: Unknown field with tag 50838 (0xc696) encountered
[ WARN:0@352.481] global grfmt_tiff.cpp:123 TIFF_Warning TIFFReadDirectory: Unknown field with tag 50839 (0xc697) encountered
[ WARN:0@352.482] global grfmt_tiff.cpp:123 TIFF_Warning TIFFReadDirectory: Unknown field with tag 50838 (0xc696) encountered
[ WARN:0@352.482] global grfmt_tiff.cpp:123 TIFF_Warning TIFFReadDirectory: Unknown field with tag 50839 (0xc697) encountered
[ WARN:0@352.485] global grfmt_tiff.cpp:123 TIFF_Warning TIFFReadDirectory: Unknown field with tag 50838 (0xc696) encountered
[ WARN:0@352.485] global grfmt_tiff.cpp:123 TIFF_Warning TIFFReadDirectory: Unknown field with tag 50839 (0xc697) encountered
[ WARN:0@352.488] global grfmt_tiff.cpp:123 TIFF_Warning TIFFReadDirectory: Unknown field with tag 50838 (0xc696) encountered
[ WARN:0@352.488] global grfmt_tiff.cpp:123 TIFF_Warning TIFFReadDirectory: Unknown field with tag 50839 (0xc697) encountered
[ WARN:0@352.489] global grfmt_tiff.cpp:123 TIFF_Warning TIFFReadDirectory: Unknown field with tag 50838 (0xc696) encountered
[ WARN:0@352.489] global grfmt_tiff.cpp:123 TIFF_Warning TIFFReadDirectory: Unknown field with tag 50839 (0xc697) encountered
[ WARN:0@352.492] global grfmt_tiff.cpp:123 TIFF_Warning TIFFReadDirectory: Unknown field with tag 50838 (0xc696) encountered
[ WARN:0@352.492] global grfmt_tiff.cpp:123 TIFF_Warning TIFFReadDirectory: Unknown field with tag 50839 (0xc697) encountered
[ WARN:0@352.493] global grfmt_tiff.cpp:123 TIFF_Warning TIFFReadDirectory: Unknown field with tag 50838 (0xc696) encountered
[ WARN:0@352.493] global grfmt_tiff.cpp:123 TIFF_Warning TIFFReadDirectory: Unknown field with tag 50839 (0xc697) encountered
[ WARN:0@352.494] global grfmt_tiff.cpp:123 TIFF_Warning TIFFReadDirectory: Unknown field with tag 50838 (0xc696) encountered
[ WARN:0@352.494] global grfmt_tiff.cpp:123 TIFF_Warning TIFFReadDirectory: Unknown field with tag 50839 (0xc697) encountered
[ WARN:0@352.497] global grfmt_tiff.cpp:123 TIFF_Warning TIFFReadDirectory: Unknown field with tag 50838 (0xc696) encountered
[ WARN:0@352.497] global grfmt_tiff.cpp:123 TIFF_Warning TIFFReadDirectory: Unknown field with tag 50839 (0xc697) encountered
[ WARN:0@352.498] global grfmt_tiff.cpp:123 TIFF_Warning TIFFReadDirectory: Unknown field with tag 50838 (0xc696) encountered
[ WARN:0@352.498] global grfmt_tiff.cpp:123 TIFF_Warning TIFFReadDirectory: Unknown field with tag 50839 (0xc697) encountered
[ WARN:0@352.501] global grfmt_tiff.cpp:123 TIFF_Warning TIFFReadDirectory: Unknown field with tag 50838 (0xc696) encountered
[ WARN:0@352.501] global grfmt_tiff.cpp:123 TIFF_Warning TIFFReadDirectory: Unknown field with tag 50839 (0xc697) encountered
[ WARN:0@352.502] global grfmt_tiff.cpp:123 TIFF_Warning TIFFReadDirectory: Unknown field with tag 50838 (0xc696) encountered
[ WARN:0@352.502] global grfmt_tiff.cpp:123 TIFF_Warning TIFFReadDirectory: Unknown field with tag 50839 (0xc697) encountered
[ WARN:0@352.505] global grfmt_tiff.cpp:123 TIFF_Warning TIFFReadDirectory: Unknown field with tag 50838 (0xc696) encountered
[ WARN:0@352.505] global grfmt_tiff.cpp:123 TIFF_Warning TIFFReadDirectory: Unknown field with tag 50839 (0xc697) encountered
[ WARN:0@352.507] global grfmt_tiff.cpp:123 TIFF_Warning TIFFReadDirectory: Unknown field with tag 50838 (0xc696) encountered
[ WARN:0@352.507] global grfmt_tiff.cpp:123 TIFF_Warning TIFFReadDirectory: Unknown field with tag 50839 (0xc697) encountered
[ WARN:0@352.510] global grfmt_tiff.cpp:123 TIFF_Warning TIFFReadDirectory: Unknown field with tag 50838 (0xc696) encountered
[ WARN:0@352.510] global grfmt_tiff.cpp:123 TIFF_Warning TIFFReadDirectory: Unknown field with tag 50839 (0xc697) encountered
[ WARN:0@352.511] global grfmt_tiff.cpp:123 TIFF_Warning TIFFReadDirectory: Unknown field with tag 50838 (0xc696) encountered
[ WARN:0@352.511] global grfmt_tiff.cpp:123 TIFF_Warning TIFFReadDirectory: Unknown field with tag 50839 (0xc697) encountered
[ WARN:0@352.513] global grfmt_tiff.cpp:123 TIFF_Warning TIFFReadDirectory: Unknown field with tag 50838 (0xc696) encountered
[ WARN:0@352.513] global grfmt_tiff.cpp:123 TIFF_Warning TIFFReadDirectory: Unknown field with tag 50839 (0xc697) encountered
[ WARN:0@352.514] global grfmt_tiff.cpp:123 TIFF_Warning TIFFReadDirectory: Unknown field with tag 50838 (0xc696) encountered
[ WARN:0@352.514] global grfmt_tiff.cpp:123 TIFF_Warning TIFFReadDirectory: Unknown field with tag 50839 (0xc697) encountered
[ WARN:0@352.515] global grfmt_tiff.cpp:123 TIFF_Warning TIFFReadDirectory: Unknown field with tag 50838 (0xc696) encountered
[ WARN:0@352.515] global grfmt_tiff.cpp:123 TIFF_Warning TIFFReadDirectory: Unknown field with tag 50839 (0xc697) encountered
[ WARN:0@352.516] global grfmt_tiff.cpp:123 TIFF_Warning TIFFReadDirectory: Unknown field with tag 50838 (0xc696) encountered
[ WARN:0@352.516] global grfmt_tiff.cpp:123 TIFF_Warning TIFFReadDirectory: Unknown field with tag 50839 (0xc697) encountered
[ WARN:0@352.517] global grfmt_tiff.cpp:123 TIFF_Warning TIFFReadDirectory: Unknown field with tag 50838 (0xc696) encountered
[ WARN:0@352.517] global grfmt_tiff.cpp:123 TIFF_Warning TIFFReadDirectory: Unknown field with tag 50839 (0xc697) encountered
[ WARN:0@352.518] global grfmt_tiff.cpp:123 TIFF_Warning TIFFReadDirectory: Unknown field with tag 50838 (0xc696) encountered
[ WARN:0@352.518] global grfmt_tiff.cpp:123 TIFF_Warning TIFFReadDirectory: Unknown field with tag 50839 (0xc697) encountered
[ WARN:0@352.519] global grfmt_tiff.cpp:123 TIFF_Warning TIFFReadDirectory: Unknown field with tag 50838 (0xc696) encountered
[ WARN:0@352.519] global grfmt_tiff.cpp:123 TIFF_Warning TIFFReadDirectory: Unknown field with tag 50839 (0xc697) encountered
[ WARN:0@352.522] global grfmt_tiff.cpp:123 TIFF_Warning TIFFReadDirectory: Unknown field with tag 50838 (0xc696) encountered
[ WARN:0@352.522] global grfmt_tiff.cpp:123 TIFF_Warning TIFFReadDirectory: Unknown field with tag 50839 (0xc697) encountered
[ WARN:0@352.523] global grfmt_tiff.cpp:123 TIFF_Warning TIFFReadDirectory: Unknown field with tag 50838 (0xc696) encountered
[ WARN:0@352.523] global grfmt_tiff.cpp:123 TIFF_Warning TIFFReadDirectory: Unknown field with tag 50839 (0xc697) encountered
[ WARN:0@352.525] global grfmt_tiff.cpp:123 TIFF_Warning TIFFReadDirectory: Unknown field with tag 50838 (0xc696) encountered
[ WARN:0@352.525] global grfmt_tiff.cpp:123 TIFF_Warning TIFFReadDirectory: Unknown field with tag 50839 (0xc697) encountered
[ WARN:0@352.527] global grfmt_tiff.cpp:123 TIFF_Warning TIFFReadDirectory: Unknown field with tag 50838 (0xc696) encountered
[ WARN:0@352.527] global grfmt_tiff.cpp:123 TIFF_Warning TIFFReadDirectory: Unknown field with tag 50839 (0xc697) encountered
[ WARN:0@352.529] global grfmt_tiff.cpp:123 TIFF_Warning TIFFReadDirectory: Unknown field with tag 50838 (0xc696) encountered
[ WARN:0@352.529] global grfmt_tiff.cpp:123 TIFF_Warning TIFFReadDirectory: Unknown field with tag 50839 (0xc697) encountered
[ WARN:0@352.533] global grfmt_tiff.cpp:123 TIFF_Warning TIFFReadDirectory: Unknown field with tag 50838 (0xc696) encountered
[ WARN:0@352.533] global grfmt_tiff.cpp:123 TIFF_Warning TIFFReadDirectory: Unknown field with tag 50839 (0xc697) encountered
[ WARN:0@352.534] global grfmt_tiff.cpp:123 TIFF_Warning TIFFReadDirectory: Unknown field with tag 50838 (0xc696) encountered
[ WARN:0@352.534] global grfmt_tiff.cpp:123 TIFF_Warning TIFFReadDirectory: Unknown field with tag 50839 (0xc697) encountered
[ WARN:0@352.536] global grfmt_tiff.cpp:123 TIFF_Warning TIFFReadDirectory: Unknown field with tag 50838 (0xc696) encountered
[ WARN:0@352.536] global grfmt_tiff.cpp:123 TIFF_Warning TIFFReadDirectory: Unknown field with tag 50839 (0xc697) encountered
[ WARN:0@352.537] global grfmt_tiff.cpp:123 TIFF_Warning TIFFReadDirectory: Unknown field with tag 50838 (0xc696) encountered
[ WARN:0@352.537] global grfmt_tiff.cpp:123 TIFF_Warning TIFFReadDirectory: Unknown field with tag 50839 (0xc697) encountered
[ WARN:0@352.538] global grfmt_tiff.cpp:123 TIFF_Warning TIFFReadDirectory: Unknown field with tag 50838 (0xc696) encountered
[ WARN:0@352.538] global grfmt_tiff.cpp:123 TIFF_Warning TIFFReadDirectory: Unknown field with tag 50839 (0xc697) encountered
[ WARN:0@352.542] global grfmt_tiff.cpp:123 TIFF_Warning TIFFReadDirectory: Unknown field with tag 50838 (0xc696) encountered
[ WARN:0@352.542] global grfmt_tiff.cpp:123 TIFF_Warning TIFFReadDirectory: Unknown field with tag 50839 (0xc697) encountered
[ WARN:0@352.543] global grfmt_tiff.cpp:123 TIFF_Warning TIFFReadDirectory: Unknown field with tag 50838 (0xc696) encountered
[ WARN:0@352.543] global grfmt_tiff.cpp:123 TIFF_Warning TIFFReadDirectory: Unknown field with tag 50839 (0xc697) encountered
[ WARN:0@352.545] global grfmt_tiff.cpp:123 TIFF_Warning TIFFReadDirectory: Unknown field with tag 50838 (0xc696) encountered
[ WARN:0@352.545] global grfmt_tiff.cpp:123 TIFF_Warning TIFFReadDirectory: Unknown field with tag 50839 (0xc697) encountered
[ WARN:0@352.546] global grfmt_tiff.cpp:123 TIFF_Warning TIFFReadDirectory: Unknown field with tag 50838 (0xc696) encountered
[ WARN:0@352.546] global grfmt_tiff.cpp:123 TIFF_Warning TIFFReadDirectory: Unknown field with tag 50839 (0xc697) encountered
[ WARN:0@352.550] global grfmt_tiff.cpp:123 TIFF_Warning TIFFReadDirectory: Unknown field with tag 50838 (0xc696) encountered
[ WARN:0@352.550] global grfmt_tiff.cpp:123 TIFF_Warning TIFFReadDirectory: Unknown field with tag 50839 (0xc697) encountered
[ WARN:0@352.552] global grfmt_tiff.cpp:123 TIFF_Warning TIFFReadDirectory: Unknown field with tag 50838 (0xc696) encountered
[ WARN:0@352.552] global grfmt_tiff.cpp:123 TIFF_Warning TIFFReadDirectory: Unknown field with tag 50839 (0xc697) encountered
[ WARN:0@352.554] global grfmt_tiff.cpp:123 TIFF_Warning TIFFReadDirectory: Unknown field with tag 50838 (0xc696) encountered
[ WARN:0@352.554] global grfmt_tiff.cpp:123 TIFF_Warning TIFFReadDirectory: Unknown field with tag 50839 (0xc697) encountered
[ WARN:0@352.555] global grfmt_tiff.cpp:123 TIFF_Warning TIFFReadDirectory: Unknown field with tag 50838 (0xc696) encountered
[ WARN:0@352.555] global grfmt_tiff.cpp:123 TIFF_Warning TIFFReadDirectory: Unknown field with tag 50839 (0xc697) encountered
[ WARN:0@352.558] global grfmt_tiff.cpp:123 TIFF_Warning TIFFReadDirectory: Unknown field with tag 50838 (0xc696) encountered
[ WARN:0@352.558] global grfmt_tiff.cpp:123 TIFF_Warning TIFFReadDirectory: Unknown field with tag 50839 (0xc697) encountered
[ WARN:0@352.559] global grfmt_tiff.cpp:123 TIFF_Warning TIFFReadDirectory: Unknown field with tag 50838 (0xc696) encountered
[ WARN:0@352.559] global grfmt_tiff.cpp:123 TIFF_Warning TIFFReadDirectory: Unknown field with tag 50839 (0xc697) encountered
[ WARN:0@352.560] global grfmt_tiff.cpp:123 TIFF_Warning TIFFReadDirectory: Unknown field with tag 50838 (0xc696) encountered
[ WARN:0@352.560] global grfmt_tiff.cpp:123 TIFF_Warning TIFFReadDirectory: Unknown field with tag 50839 (0xc697) encountered
[ WARN:0@352.563] global grfmt_tiff.cpp:123 TIFF_Warning TIFFReadDirectory: Unknown field with tag 50838 (0xc696) encountered
[ WARN:0@352.563] global grfmt_tiff.cpp:123 TIFF_Warning TIFFReadDirectory: Unknown field with tag 50839 (0xc697) encountered
[ WARN:0@352.564] global grfmt_tiff.cpp:123 TIFF_Warning TIFFReadDirectory: Unknown field with tag 50838 (0xc696) encountered
[ WARN:0@352.564] global grfmt_tiff.cpp:123 TIFF_Warning TIFFReadDirectory: Unknown field with tag 50839 (0xc697) encountered
[ WARN:0@352.565] global grfmt_tiff.cpp:123 TIFF_Warning TIFFReadDirectory: Unknown field with tag 50838 (0xc696) encountered
[ WARN:0@352.565] global grfmt_tiff.cpp:123 TIFF_Warning TIFFReadDirectory: Unknown field with tag 50839 (0xc697) encountered
[ WARN:0@352.566] global grfmt_tiff.cpp:123 TIFF_Warning TIFFReadDirectory: Unknown field with tag 50838 (0xc696) encountered
[ WARN:0@352.566] global grfmt_tiff.cpp:123 TIFF_Warning TIFFReadDirectory: Unknown field with tag 50839 (0xc697) encountered
[ WARN:0@352.568] global grfmt_tiff.cpp:123 TIFF_Warning TIFFReadDirectory: Unknown field with tag 50838 (0xc696) encountered
[ WARN:0@352.568] global grfmt_tiff.cpp:123 TIFF_Warning TIFFReadDirectory: Unknown field with tag 50839 (0xc697) encountered
[ WARN:0@352.569] global grfmt_tiff.cpp:123 TIFF_Warning TIFFReadDirectory: Unknown field with tag 50838 (0xc696) encountered
[ WARN:0@352.569] global grfmt_tiff.cpp:123 TIFF_Warning TIFFReadDirectory: Unknown field with tag 50839 (0xc697) encountered
[ WARN:0@352.572] global grfmt_tiff.cpp:123 TIFF_Warning TIFFReadDirectory: Unknown field with tag 50838 (0xc696) encountered
[ WARN:0@352.572] global grfmt_tiff.cpp:123 TIFF_Warning TIFFReadDirectory: Unknown field with tag 50839 (0xc697) encountered
[ WARN:0@352.573] global grfmt_tiff.cpp:123 TIFF_Warning TIFFReadDirectory: Unknown field with tag 50838 (0xc696) encountered
[ WARN:0@352.573] global grfmt_tiff.cpp:123 TIFF_Warning TIFFReadDirectory: Unknown field with tag 50839 (0xc697) encountered
[ WARN:0@352.575] global grfmt_tiff.cpp:123 TIFF_Warning TIFFReadDirectory: Unknown field with tag 50838 (0xc696) encountered
[ WARN:0@352.575] global grfmt_tiff.cpp:123 TIFF_Warning TIFFReadDirectory: Unknown field with tag 50839 (0xc697) encountered
[ WARN:0@352.579] global grfmt_tiff.cpp:123 TIFF_Warning TIFFReadDirectory: Unknown field with tag 50838 (0xc696) encountered
[ WARN:0@352.579] global grfmt_tiff.cpp:123 TIFF_Warning TIFFReadDirectory: Unknown field with tag 50839 (0xc697) encountered
[ WARN:0@352.580] global grfmt_tiff.cpp:123 TIFF_Warning TIFFReadDirectory: Unknown field with tag 50838 (0xc696) encountered
[ WARN:0@352.580] global grfmt_tiff.cpp:123 TIFF_Warning TIFFReadDirectory: Unknown field with tag 50839 (0xc697) encountered
[ WARN:0@352.582] global grfmt_tiff.cpp:123 TIFF_Warning TIFFReadDirectory: Unknown field with tag 50838 (0xc696) encountered
[ WARN:0@352.582] global grfmt_tiff.cpp:123 TIFF_Warning TIFFReadDirectory: Unknown field with tag 50839 (0xc697) encountered
[ WARN:0@352.583] global grfmt_tiff.cpp:123 TIFF_Warning TIFFReadDirectory: Unknown field with tag 50838 (0xc696) encountered
[ WARN:0@352.583] global grfmt_tiff.cpp:123 TIFF_Warning TIFFReadDirectory: Unknown field with tag 50839 (0xc697) encountered
[ WARN:0@352.584] global grfmt_tiff.cpp:123 TIFF_Warning TIFFReadDirectory: Unknown field with tag 50838 (0xc696) encountered
[ WARN:0@352.584] global grfmt_tiff.cpp:123 TIFF_Warning TIFFReadDirectory: Unknown field with tag 50839 (0xc697) encountered
[ WARN:0@352.588] global grfmt_tiff.cpp:123 TIFF_Warning TIFFReadDirectory: Unknown field with tag 50838 (0xc696) encountered
[ WARN:0@352.588] global grfmt_tiff.cpp:123 TIFF_Warning TIFFReadDirectory: Unknown field with tag 50839 (0xc697) encountered
[ WARN:0@352.589] global grfmt_tiff.cpp:123 TIFF_Warning TIFFReadDirectory: Unknown field with tag 50838 (0xc696) encountered
[ WARN:0@352.589] global grfmt_tiff.cpp:123 TIFF_Warning TIFFReadDirectory: Unknown field with tag 50839 (0xc697) encountered
[ WARN:0@352.591] global grfmt_tiff.cpp:123 TIFF_Warning TIFFReadDirectory: Unknown field with tag 50838 (0xc696) encountered
[ WARN:0@352.591] global grfmt_tiff.cpp:123 TIFF_Warning TIFFReadDirectory: Unknown field with tag 50839 (0xc697) encountered
[ WARN:0@352.592] global grfmt_tiff.cpp:123 TIFF_Warning TIFFReadDirectory: Unknown field with tag 50838 (0xc696) encountered
[ WARN:0@352.592] global grfmt_tiff.cpp:123 TIFF_Warning TIFFReadDirectory: Unknown field with tag 50839 (0xc697) encountered
[ WARN:0@352.596] global grfmt_tiff.cpp:123 TIFF_Warning TIFFReadDirectory: Unknown field with tag 50838 (0xc696) encountered
[ WARN:0@352.596] global grfmt_tiff.cpp:123 TIFF_Warning TIFFReadDirectory: Unknown field with tag 50839 (0xc697) encountered
[ WARN:0@352.598] global grfmt_tiff.cpp:123 TIFF_Warning TIFFReadDirectory: Unknown field with tag 50838 (0xc696) encountered
[ WARN:0@352.598] global grfmt_tiff.cpp:123 TIFF_Warning TIFFReadDirectory: Unknown field with tag 50839 (0xc697) encountered
[ WARN:0@352.600] global grfmt_tiff.cpp:123 TIFF_Warning TIFFReadDirectory: Unknown field with tag 50838 (0xc696) encountered
[ WARN:0@352.600] global grfmt_tiff.cpp:123 TIFF_Warning TIFFReadDirectory: Unknown field with tag 50839 (0xc697) encountered
[ WARN:0@352.601] global grfmt_tiff.cpp:123 TIFF_Warning TIFFReadDirectory: Unknown field with tag 50838 (0xc696) encountered
[ WARN:0@352.601] global grfmt_tiff.cpp:123 TIFF_Warning TIFFReadDirectory: Unknown field with tag 50839 (0xc697) encountered
[ WARN:0@352.603] global grfmt_tiff.cpp:123 TIFF_Warning TIFFReadDirectory: Unknown field with tag 50838 (0xc696) encountered
[ WARN:0@352.603] global grfmt_tiff.cpp:123 TIFF_Warning TIFFReadDirectory: Unknown field with tag 50839 (0xc697) encountered
[ WARN:0@352.604] global grfmt_tiff.cpp:123 TIFF_Warning TIFFReadDirectory: Unknown field with tag 50838 (0xc696) encountered
[ WARN:0@352.604] global grfmt_tiff.cpp:123 TIFF_Warning TIFFReadDirectory: Unknown field with tag 50839 (0xc697) encountered
[ WARN:0@352.605] global grfmt_tiff.cpp:123 TIFF_Warning TIFFReadDirectory: Unknown field with tag 50838 (0xc696) encountered
[ WARN:0@352.605] global grfmt_tiff.cpp:123 TIFF_Warning TIFFReadDirectory: Unknown field with tag 50839 (0xc697) encountered
[ WARN:0@352.607] global grfmt_tiff.cpp:123 TIFF_Warning TIFFReadDirectory: Unknown field with tag 50838 (0xc696) encountered
[ WARN:0@352.607] global grfmt_tiff.cpp:123 TIFF_Warning TIFFReadDirectory: Unknown field with tag 50839 (0xc697) encountered
[ WARN:0@352.608] global grfmt_tiff.cpp:123 TIFF_Warning TIFFReadDirectory: Unknown field with tag 50838 (0xc696) encountered
[ WARN:0@352.608] global grfmt_tiff.cpp:123 TIFF_Warning TIFFReadDirectory: Unknown field with tag 50839 (0xc697) encountered
[ WARN:0@352.609] global grfmt_tiff.cpp:123 TIFF_Warning TIFFReadDirectory: Unknown field with tag 50838 (0xc696) encountered
[ WARN:0@352.609] global grfmt_tiff.cpp:123 TIFF_Warning TIFFReadDirectory: Unknown field with tag 50839 (0xc697) encountered
[ WARN:0@352.610] global grfmt_tiff.cpp:123 TIFF_Warning TIFFReadDirectory: Unknown field with tag 50838 (0xc696) encountered
[ WARN:0@352.610] global grfmt_tiff.cpp:123 TIFF_Warning TIFFReadDirectory: Unknown field with tag 50839 (0xc697) encountered
[ WARN:0@352.613] global grfmt_tiff.cpp:123 TIFF_Warning TIFFReadDirectory: Unknown field with tag 50838 (0xc696) encountered
[ WARN:0@352.613] global grfmt_tiff.cpp:123 TIFF_Warning TIFFReadDirectory: Unknown field with tag 50839 (0xc697) encountered
[ WARN:0@352.614] global grfmt_tiff.cpp:123 TIFF_Warning TIFFReadDirectory: Unknown field with tag 50838 (0xc696) encountered
[ WARN:0@352.614] global grfmt_tiff.cpp:123 TIFF_Warning TIFFReadDirectory: Unknown field with tag 50839 (0xc697) encountered
[ WARN:0@352.616] global grfmt_tiff.cpp:123 TIFF_Warning TIFFReadDirectory: Unknown field with tag 50838 (0xc696) encountered
[ WARN:0@352.616] global grfmt_tiff.cpp:123 TIFF_Warning TIFFReadDirectory: Unknown field with tag 50839 (0xc697) encountered
[ WARN:0@352.617] global grfmt_tiff.cpp:123 TIFF_Warning TIFFReadDirectory: Unknown field with tag 50838 (0xc696) encountered
[ WARN:0@352.617] global grfmt_tiff.cpp:123 TIFF_Warning TIFFReadDirectory: Unknown field with tag 50839 (0xc697) encountered
[ WARN:0@352.620] global grfmt_tiff.cpp:123 TIFF_Warning TIFFReadDirectory: Unknown field with tag 50838 (0xc696) encountered
[ WARN:0@352.620] global grfmt_tiff.cpp:123 TIFF_Warning TIFFReadDirectory: Unknown field with tag 50839 (0xc697) encountered
[ WARN:0@352.623] global grfmt_tiff.cpp:123 TIFF_Warning TIFFReadDirectory: Unknown field with tag 50838 (0xc696) encountered
[ WARN:0@352.623] global grfmt_tiff.cpp:123 TIFF_Warning TIFFReadDirectory: Unknown field with tag 50839 (0xc697) encountered
[ WARN:0@352.624] global grfmt_tiff.cpp:123 TIFF_Warning TIFFReadDirectory: Unknown field with tag 50838 (0xc696) encountered
[ WARN:0@352.624] global grfmt_tiff.cpp:123 TIFF_Warning TIFFReadDirectory: Unknown field with tag 50839 (0xc697) encountered
[ WARN:0@352.627] global grfmt_tiff.cpp:123 TIFF_Warning TIFFReadDirectory: Unknown field with tag 50838 (0xc696) encountered
[ WARN:0@352.627] global grfmt_tiff.cpp:123 TIFF_Warning TIFFReadDirectory: Unknown field with tag 50839 (0xc697) encountered
[ WARN:0@352.628] global grfmt_tiff.cpp:123 TIFF_Warning TIFFReadDirectory: Unknown field with tag 50838 (0xc696) encountered
[ WARN:0@352.628] global grfmt_tiff.cpp:123 TIFF_Warning TIFFReadDirectory: Unknown field with tag 50839 (0xc697) encountered
[ WARN:0@352.629] global grfmt_tiff.cpp:123 TIFF_Warning TIFFReadDirectory: Unknown field with tag 50838 (0xc696) encountered
[ WARN:0@352.629] global grfmt_tiff.cpp:123 TIFF_Warning TIFFReadDirectory: Unknown field with tag 50839 (0xc697) encountered
[ WARN:0@352.632] global grfmt_tiff.cpp:123 TIFF_Warning TIFFReadDirectory: Unknown field with tag 50838 (0xc696) encountered
[ WARN:0@352.632] global grfmt_tiff.cpp:123 TIFF_Warning TIFFReadDirectory: Unknown field with tag 50839 (0xc697) encountered
[ WARN:0@352.633] global grfmt_tiff.cpp:123 TIFF_Warning TIFFReadDirectory: Unknown field with tag 50838 (0xc696) encountered
[ WARN:0@352.633] global grfmt_tiff.cpp:123 TIFF_Warning TIFFReadDirectory: Unknown field with tag 50839 (0xc697) encountered
[ WARN:0@352.636] global grfmt_tiff.cpp:123 TIFF_Warning TIFFReadDirectory: Unknown field with tag 50838 (0xc696) encountered
[ WARN:0@352.636] global grfmt_tiff.cpp:123 TIFF_Warning TIFFReadDirectory: Unknown field with tag 50839 (0xc697) encountered
[ WARN:0@352.637] global grfmt_tiff.cpp:123 TIFF_Warning TIFFReadDirectory: Unknown field with tag 50838 (0xc696) encountered
[ WARN:0@352.637] global grfmt_tiff.cpp:123 TIFF_Warning TIFFReadDirectory: Unknown field with tag 50839 (0xc697) encountered
[ WARN:0@352.640] global grfmt_tiff.cpp:123 TIFF_Warning TIFFReadDirectory: Unknown field with tag 50838 (0xc696) encountered
[ WARN:0@352.640] global grfmt_tiff.cpp:123 TIFF_Warning TIFFReadDirectory: Unknown field with tag 50839 (0xc697) encountered
[ WARN:0@352.643] global grfmt_tiff.cpp:123 TIFF_Warning TIFFReadDirectory: Unknown field with tag 50838 (0xc696) encountered
[ WARN:0@352.643] global grfmt_tiff.cpp:123 TIFF_Warning TIFFReadDirectory: Unknown field with tag 50839 (0xc697) encountered
[ WARN:0@352.645] global grfmt_tiff.cpp:123 TIFF_Warning TIFFReadDirectory: Unknown field with tag 50838 (0xc696) encountered
[ WARN:0@352.645] global grfmt_tiff.cpp:123 TIFF_Warning TIFFReadDirectory: Unknown field with tag 50839 (0xc697) encountered
[ WARN:0@352.646] global grfmt_tiff.cpp:123 TIFF_Warning TIFFReadDirectory: Unknown field with tag 50838 (0xc696) encountered
[ WARN:0@352.646] global grfmt_tiff.cpp:123 TIFF_Warning TIFFReadDirectory: Unknown field with tag 50839 (0xc697) encountered
[ WARN:0@352.648] global grfmt_tiff.cpp:123 TIFF_Warning TIFFReadDirectory: Unknown field with tag 50838 (0xc696) encountered
[ WARN:0@352.648] global grfmt_tiff.cpp:123 TIFF_Warning TIFFReadDirectory: Unknown field with tag 50839 (0xc697) encountered
[ WARN:0@352.649] global grfmt_tiff.cpp:123 TIFF_Warning TIFFReadDirectory: Unknown field with tag 50838 (0xc696) encountered
[ WARN:0@352.649] global grfmt_tiff.cpp:123 TIFF_Warning TIFFReadDirectory: Unknown field with tag 50839 (0xc697) encountered
[ WARN:0@352.650] global grfmt_tiff.cpp:123 TIFF_Warning TIFFReadDirectory: Unknown field with tag 50838 (0xc696) encountered
[ WARN:0@352.650] global grfmt_tiff.cpp:123 TIFF_Warning TIFFReadDirectory: Unknown field with tag 50839 (0xc697) encountered
[ WARN:0@352.653] global grfmt_tiff.cpp:123 TIFF_Warning TIFFReadDirectory: Unknown field with tag 50838 (0xc696) encountered
[ WARN:0@352.653] global grfmt_tiff.cpp:123 TIFF_Warning TIFFReadDirectory: Unknown field with tag 50839 (0xc697) encountered
[ WARN:0@352.654] global grfmt_tiff.cpp:123 TIFF_Warning TIFFReadDirectory: Unknown field with tag 50838 (0xc696) encountered
[ WARN:0@352.654] global grfmt_tiff.cpp:123 TIFF_Warning TIFFReadDirectory: Unknown field with tag 50839 (0xc697) encountered
[ WARN:0@352.655] global grfmt_tiff.cpp:123 TIFF_Warning TIFFReadDirectory: Unknown field with tag 50838 (0xc696) encountered
[ WARN:0@352.655] global grfmt_tiff.cpp:123 TIFF_Warning TIFFReadDirectory: Unknown field with tag 50839 (0xc697) encountered
[ WARN:0@352.656] global grfmt_tiff.cpp:123 TIFF_Warning TIFFReadDirectory: Unknown field with tag 50838 (0xc696) encountered
[ WARN:0@352.656] global grfmt_tiff.cpp:123 TIFF_Warning TIFFReadDirectory: Unknown field with tag 50839 (0xc697) encountered
[ WARN:0@352.658] global grfmt_tiff.cpp:123 TIFF_Warning TIFFReadDirectory: Unknown field with tag 50838 (0xc696) encountered
[ WARN:0@352.658] global grfmt_tiff.cpp:123 TIFF_Warning TIFFReadDirectory: Unknown field with tag 50839 (0xc697) encountered
[ WARN:0@352.660] global grfmt_tiff.cpp:123 TIFF_Warning TIFFReadDirectory: Unknown field with tag 50838 (0xc696) encountered
[ WARN:0@352.660] global grfmt_tiff.cpp:123 TIFF_Warning TIFFReadDirectory: Unknown field with tag 50839 (0xc697) encountered
[ WARN:0@352.662] global grfmt_tiff.cpp:123 TIFF_Warning TIFFReadDirectory: Unknown field with tag 50838 (0xc696) encountered
[ WARN:0@352.662] global grfmt_tiff.cpp:123 TIFF_Warning TIFFReadDirectory: Unknown field with tag 50839 (0xc697) encountered
[ WARN:0@352.663] global grfmt_tiff.cpp:123 TIFF_Warning TIFFReadDirectory: Unknown field with tag 50838 (0xc696) encountered
[ WARN:0@352.663] global grfmt_tiff.cpp:123 TIFF_Warning TIFFReadDirectory: Unknown field with tag 50839 (0xc697) encountered
[ WARN:0@352.665] global grfmt_tiff.cpp:123 TIFF_Warning TIFFReadDirectory: Unknown field with tag 50838 (0xc696) encountered
[ WARN:0@352.665] global grfmt_tiff.cpp:123 TIFF_Warning TIFFReadDirectory: Unknown field with tag 50839 (0xc697) encountered
[ WARN:0@352.669] global grfmt_tiff.cpp:123 TIFF_Warning TIFFReadDirectory: Unknown field with tag 50838 (0xc696) encountered
[ WARN:0@352.669] global grfmt_tiff.cpp:123 TIFF_Warning TIFFReadDirectory: Unknown field with tag 50839 (0xc697) encountered
[ WARN:0@352.670] global grfmt_tiff.cpp:123 TIFF_Warning TIFFReadDirectory: Unknown field with tag 50838 (0xc696) encountered
[ WARN:0@352.670] global grfmt_tiff.cpp:123 TIFF_Warning TIFFReadDirectory: Unknown field with tag 50839 (0xc697) encountered
[ WARN:0@352.672] global grfmt_tiff.cpp:123 TIFF_Warning TIFFReadDirectory: Unknown field with tag 50838 (0xc696) encountered
[ WARN:0@352.672] global grfmt_tiff.cpp:123 TIFF_Warning TIFFReadDirectory: Unknown field with tag 50839 (0xc697) encountered
[ WARN:0@352.673] global grfmt_tiff.cpp:123 TIFF_Warning TIFFReadDirectory: Unknown field with tag 50838 (0xc696) encountered
[ WARN:0@352.673] global grfmt_tiff.cpp:123 TIFF_Warning TIFFReadDirectory: Unknown field with tag 50839 (0xc697) encountered
[ WARN:0@352.674] global grfmt_tiff.cpp:123 TIFF_Warning TIFFReadDirectory: Unknown field with tag 50838 (0xc696) encountered
[ WARN:0@352.674] global grfmt_tiff.cpp:123 TIFF_Warning TIFFReadDirectory: Unknown field with tag 50839 (0xc697) encountered
[ WARN:0@352.678] global grfmt_tiff.cpp:123 TIFF_Warning TIFFReadDirectory: Unknown field with tag 50838 (0xc696) encountered
[ WARN:0@352.678] global grfmt_tiff.cpp:123 TIFF_Warning TIFFReadDirectory: Unknown field with tag 50839 (0xc697) encountered
[ WARN:0@352.679] global grfmt_tiff.cpp:123 TIFF_Warning TIFFReadDirectory: Unknown field with tag 50838 (0xc696) encountered
[ WARN:0@352.679] global grfmt_tiff.cpp:123 TIFF_Warning TIFFReadDirectory: Unknown field with tag 50839 (0xc697) encountered
[ WARN:0@352.681] global grfmt_tiff.cpp:123 TIFF_Warning TIFFReadDirectory: Unknown field with tag 50838 (0xc696) encountered
[ WARN:0@352.681] global grfmt_tiff.cpp:123 TIFF_Warning TIFFReadDirectory: Unknown field with tag 50839 (0xc697) encountered
[ WARN:0@352.682] global grfmt_tiff.cpp:123 TIFF_Warning TIFFReadDirectory: Unknown field with tag 50838 (0xc696) encountered
[ WARN:0@352.682] global grfmt_tiff.cpp:123 TIFF_Warning TIFFReadDirectory: Unknown field with tag 50839 (0xc697) encountered
[ WARN:0@352.686] global grfmt_tiff.cpp:123 TIFF_Warning TIFFReadDirectory: Unknown field with tag 50838 (0xc696) encountered
[ WARN:0@352.686] global grfmt_tiff.cpp:123 TIFF_Warning TIFFReadDirectory: Unknown field with tag 50839 (0xc697) encountered
[ WARN:0@352.688] global grfmt_tiff.cpp:123 TIFF_Warning TIFFReadDirectory: Unknown field with tag 50838 (0xc696) encountered
[ WARN:0@352.688] global grfmt_tiff.cpp:123 TIFF_Warning TIFFReadDirectory: Unknown field with tag 50839 (0xc697) encountered
[ WARN:0@352.690] global grfmt_tiff.cpp:123 TIFF_Warning TIFFReadDirectory: Unknown field with tag 50838 (0xc696) encountered
[ WARN:0@352.690] global grfmt_tiff.cpp:123 TIFF_Warning TIFFReadDirectory: Unknown field with tag 50839 (0xc697) encountered
[ WARN:0@352.691] global grfmt_tiff.cpp:123 TIFF_Warning TIFFReadDirectory: Unknown field with tag 50838 (0xc696) encountered
[ WARN:0@352.691] global grfmt_tiff.cpp:123 TIFF_Warning TIFFReadDirectory: Unknown field with tag 50839 (0xc697) encountered
[ WARN:0@352.693] global grfmt_tiff.cpp:123 TIFF_Warning TIFFReadDirectory: Unknown field with tag 50838 (0xc696) encountered
[ WARN:0@352.693] global grfmt_tiff.cpp:123 TIFF_Warning TIFFReadDirectory: Unknown field with tag 50839 (0xc697) encountered
[ WARN:0@352.694] global grfmt_tiff.cpp:123 TIFF_Warning TIFFReadDirectory: Unknown field with tag 50838 (0xc696) encountered
[ WARN:0@352.694] global grfmt_tiff.cpp:123 TIFF_Warning TIFFReadDirectory: Unknown field with tag 50839 (0xc697) encountered
[ WARN:0@352.695] global grfmt_tiff.cpp:123 TIFF_Warning TIFFReadDirectory: Unknown field with tag 50838 (0xc696) encountered
[ WARN:0@352.695] global grfmt_tiff.cpp:123 TIFF_Warning TIFFReadDirectory: Unknown field with tag 50839 (0xc697) encountered
[ WARN:0@352.697] global grfmt_tiff.cpp:123 TIFF_Warning TIFFReadDirectory: Unknown field with tag 50838 (0xc696) encountered
[ WARN:0@352.697] global grfmt_tiff.cpp:123 TIFF_Warning TIFFReadDirectory: Unknown field with tag 50839 (0xc697) encountered
[ WARN:0@352.698] global grfmt_tiff.cpp:123 TIFF_Warning TIFFReadDirectory: Unknown field with tag 50838 (0xc696) encountered
[ WARN:0@352.698] global grfmt_tiff.cpp:123 TIFF_Warning TIFFReadDirectory: Unknown field with tag 50839 (0xc697) encountered
[ WARN:0@352.699] global grfmt_tiff.cpp:123 TIFF_Warning TIFFReadDirectory: Unknown field with tag 50838 (0xc696) encountered
[ WARN:0@352.699] global grfmt_tiff.cpp:123 TIFF_Warning TIFFReadDirectory: Unknown field with tag 50839 (0xc697) encountered
[ WARN:0@352.699] global grfmt_tiff.cpp:123 TIFF_Warning TIFFReadDirectory: Unknown field with tag 50838 (0xc696) encountered
[ WARN:0@352.700] global grfmt_tiff.cpp:123 TIFF_Warning TIFFReadDirectory: Unknown field with tag 50839 (0xc697) encountered
[ WARN:0@352.702] global grfmt_tiff.cpp:123 TIFF_Warning TIFFReadDirectory: Unknown field with tag 50838 (0xc696) encountered
[ WARN:0@352.702] global grfmt_tiff.cpp:123 TIFF_Warning TIFFReadDirectory: Unknown field with tag 50839 (0xc697) encountered
[ WARN:0@352.703] global grfmt_tiff.cpp:123 TIFF_Warning TIFFReadDirectory: Unknown field with tag 50838 (0xc696) encountered
[ WARN:0@352.703] global grfmt_tiff.cpp:123 TIFF_Warning TIFFReadDirectory: Unknown field with tag 50839 (0xc697) encountered
[ WARN:0@352.705] global grfmt_tiff.cpp:123 TIFF_Warning TIFFReadDirectory: Unknown field with tag 50838 (0xc696) encountered
[ WARN:0@352.705] global grfmt_tiff.cpp:123 TIFF_Warning TIFFReadDirectory: Unknown field with tag 50839 (0xc697) encountered
[ WARN:0@352.707] global grfmt_tiff.cpp:123 TIFF_Warning TIFFReadDirectory: Unknown field with tag 50838 (0xc696) encountered
[ WARN:0@352.707] global grfmt_tiff.cpp:123 TIFF_Warning TIFFReadDirectory: Unknown field with tag 50839 (0xc697) encountered
[ WARN:0@352.709] global grfmt_tiff.cpp:123 TIFF_Warning TIFFReadDirectory: Unknown field with tag 50838 (0xc696) encountered
[ WARN:0@352.709] global grfmt_tiff.cpp:123 TIFF_Warning TIFFReadDirectory: Unknown field with tag 50839 (0xc697) encountered
[ WARN:0@352.713] global grfmt_tiff.cpp:123 TIFF_Warning TIFFReadDirectory: Unknown field with tag 50838 (0xc696) encountered
[ WARN:0@352.713] global grfmt_tiff.cpp:123 TIFF_Warning TIFFReadDirectory: Unknown field with tag 50839 (0xc697) encountered
[ WARN:0@352.714] global grfmt_tiff.cpp:123 TIFF_Warning TIFFReadDirectory: Unknown field with tag 50838 (0xc696) encountered
[ WARN:0@352.714] global grfmt_tiff.cpp:123 TIFF_Warning TIFFReadDirectory: Unknown field with tag 50839 (0xc697) encountered
[ WARN:0@352.716] global grfmt_tiff.cpp:123 TIFF_Warning TIFFReadDirectory: Unknown field with tag 50838 (0xc696) encountered
[ WARN:0@352.716] global grfmt_tiff.cpp:123 TIFF_Warning TIFFReadDirectory: Unknown field with tag 50839 (0xc697) encountered
[ WARN:0@352.717] global grfmt_tiff.cpp:123 TIFF_Warning TIFFReadDirectory: Unknown field with tag 50838 (0xc696) encountered
[ WARN:0@352.717] global grfmt_tiff.cpp:123 TIFF_Warning TIFFReadDirectory: Unknown field with tag 50839 (0xc697) encountered
[ WARN:0@352.718] global grfmt_tiff.cpp:123 TIFF_Warning TIFFReadDirectory: Unknown field with tag 50838 (0xc696) encountered
[ WARN:0@352.718] global grfmt_tiff.cpp:123 TIFF_Warning TIFFReadDirectory: Unknown field with tag 50839 (0xc697) encountered
[ WARN:0@352.722] global grfmt_tiff.cpp:123 TIFF_Warning TIFFReadDirectory: Unknown field with tag 50838 (0xc696) encountered
[ WARN:0@352.722] global grfmt_tiff.cpp:123 TIFF_Warning TIFFReadDirectory: Unknown field with tag 50839 (0xc697) encountered
[ WARN:0@352.723] global grfmt_tiff.cpp:123 TIFF_Warning TIFFReadDirectory: Unknown field with tag 50838 (0xc696) encountered
[ WARN:0@352.723] global grfmt_tiff.cpp:123 TIFF_Warning TIFFReadDirectory: Unknown field with tag 50839 (0xc697) encountered
[ WARN:0@352.725] global grfmt_tiff.cpp:123 TIFF_Warning TIFFReadDirectory: Unknown field with tag 50838 (0xc696) encountered
[ WARN:0@352.725] global grfmt_tiff.cpp:123 TIFF_Warning TIFFReadDirectory: Unknown field with tag 50839 (0xc697) encountered
[ WARN:0@352.726] global grfmt_tiff.cpp:123 TIFF_Warning TIFFReadDirectory: Unknown field with tag 50838 (0xc696) encountered
[ WARN:0@352.726] global grfmt_tiff.cpp:123 TIFF_Warning TIFFReadDirectory: Unknown field with tag 50839 (0xc697) encountered
[ WARN:0@352.730] global grfmt_tiff.cpp:123 TIFF_Warning TIFFReadDirectory: Unknown field with tag 50838 (0xc696) encountered
[ WARN:0@352.730] global grfmt_tiff.cpp:123 TIFF_Warning TIFFReadDirectory: Unknown field with tag 50839 (0xc697) encountered
[ WARN:0@352.732] global grfmt_tiff.cpp:123 TIFF_Warning TIFFReadDirectory: Unknown field with tag 50838 (0xc696) encountered
[ WARN:0@352.732] global grfmt_tiff.cpp:123 TIFF_Warning TIFFReadDirectory: Unknown field with tag 50839 (0xc697) encountered
[ WARN:0@352.734] global grfmt_tiff.cpp:123 TIFF_Warning TIFFReadDirectory: Unknown field with tag 50838 (0xc696) encountered
[ WARN:0@352.734] global grfmt_tiff.cpp:123 TIFF_Warning TIFFReadDirectory: Unknown field with tag 50839 (0xc697) encountered
[ WARN:0@352.735] global grfmt_tiff.cpp:123 TIFF_Warning TIFFReadDirectory: Unknown field with tag 50838 (0xc696) encountered
[ WARN:0@352.736] global grfmt_tiff.cpp:123 TIFF_Warning TIFFReadDirectory: Unknown field with tag 50839 (0xc697) encountered
[ WARN:0@352.738] global grfmt_tiff.cpp:123 TIFF_Warning TIFFReadDirectory: Unknown field with tag 50838 (0xc696) encountered
[ WARN:0@352.738] global grfmt_tiff.cpp:123 TIFF_Warning TIFFReadDirectory: Unknown field with tag 50839 (0xc697) encountered
[ WARN:0@352.739] global grfmt_tiff.cpp:123 TIFF_Warning TIFFReadDirectory: Unknown field with tag 50838 (0xc696) encountered
[ WARN:0@352.739] global grfmt_tiff.cpp:123 TIFF_Warning TIFFReadDirectory: Unknown field with tag 50839 (0xc697) encountered
[ WARN:0@352.740] global grfmt_tiff.cpp:123 TIFF_Warning TIFFReadDirectory: Unknown field with tag 50838 (0xc696) encountered
[ WARN:0@352.740] global grfmt_tiff.cpp:123 TIFF_Warning TIFFReadDirectory: Unknown field with tag 50839 (0xc697) encountered
[ WARN:0@352.743] global grfmt_tiff.cpp:123 TIFF_Warning TIFFReadDirectory: Unknown field with tag 50838 (0xc696) encountered
[ WARN:0@352.743] global grfmt_tiff.cpp:123 TIFF_Warning TIFFReadDirectory: Unknown field with tag 50839 (0xc697) encountered
[ WARN:0@352.744] global grfmt_tiff.cpp:123 TIFF_Warning TIFFReadDirectory: Unknown field with tag 50838 (0xc696) encountered
[ WARN:0@352.744] global grfmt_tiff.cpp:123 TIFF_Warning TIFFReadDirectory: Unknown field with tag 50839 (0xc697) encountered
[ WARN:0@352.745] global grfmt_tiff.cpp:123 TIFF_Warning TIFFReadDirectory: Unknown field with tag 50838 (0xc696) encountered
[ WARN:0@352.745] global grfmt_tiff.cpp:123 TIFF_Warning TIFFReadDirectory: Unknown field with tag 50839 (0xc697) encountered
[ WARN:0@352.746] global grfmt_tiff.cpp:123 TIFF_Warning TIFFReadDirectory: Unknown field with tag 50838 (0xc696) encountered
[ WARN:0@352.746] global grfmt_tiff.cpp:123 TIFF_Warning TIFFReadDirectory: Unknown field with tag 50839 (0xc697) encountered
[ WARN:0@352.748] global grfmt_tiff.cpp:123 TIFF_Warning TIFFReadDirectory: Unknown field with tag 50838 (0xc696) encountered
[ WARN:0@352.748] global grfmt_tiff.cpp:123 TIFF_Warning TIFFReadDirectory: Unknown field with tag 50839 (0xc697) encountered
[ WARN:0@352.749] global grfmt_tiff.cpp:123 TIFF_Warning TIFFReadDirectory: Unknown field with tag 50838 (0xc696) encountered
[ WARN:0@352.750] global grfmt_tiff.cpp:123 TIFF_Warning TIFFReadDirectory: Unknown field with tag 50839 (0xc697) encountered
[ WARN:0@352.752] global grfmt_tiff.cpp:123 TIFF_Warning TIFFReadDirectory: Unknown field with tag 50838 (0xc696) encountered
[ WARN:0@352.752] global grfmt_tiff.cpp:123 TIFF_Warning TIFFReadDirectory: Unknown field with tag 50839 (0xc697) encountered
[ WARN:0@352.753] global grfmt_tiff.cpp:123 TIFF_Warning TIFFReadDirectory: Unknown field with tag 50838 (0xc696) encountered
[ WARN:0@352.753] global grfmt_tiff.cpp:123 TIFF_Warning TIFFReadDirectory: Unknown field with tag 50839 (0xc697) encountered
[ WARN:0@352.755] global grfmt_tiff.cpp:123 TIFF_Warning TIFFReadDirectory: Unknown field with tag 50838 (0xc696) encountered
[ WARN:0@352.755] global grfmt_tiff.cpp:123 TIFF_Warning TIFFReadDirectory: Unknown field with tag 50839 (0xc697) encountered
[ WARN:0@352.759] global grfmt_tiff.cpp:123 TIFF_Warning TIFFReadDirectory: Unknown field with tag 50838 (0xc696) encountered
[ WARN:0@352.759] global grfmt_tiff.cpp:123 TIFF_Warning TIFFReadDirectory: Unknown field with tag 50839 (0xc697) encountered
[ WARN:0@352.760] global grfmt_tiff.cpp:123 TIFF_Warning TIFFReadDirectory: Unknown field with tag 50838 (0xc696) encountered
[ WARN:0@352.760] global grfmt_tiff.cpp:123 TIFF_Warning TIFFReadDirectory: Unknown field with tag 50839 (0xc697) encountered
[ WARN:0@352.762] global grfmt_tiff.cpp:123 TIFF_Warning TIFFReadDirectory: Unknown field with tag 50838 (0xc696) encountered
[ WARN:0@352.762] global grfmt_tiff.cpp:123 TIFF_Warning TIFFReadDirectory: Unknown field with tag 50839 (0xc697) encountered
[ WARN:0@352.763] global grfmt_tiff.cpp:123 TIFF_Warning TIFFReadDirectory: Unknown field with tag 50838 (0xc696) encountered
[ WARN:0@352.763] global grfmt_tiff.cpp:123 TIFF_Warning TIFFReadDirectory: Unknown field with tag 50839 (0xc697) encountered
[ WARN:0@352.764] global grfmt_tiff.cpp:123 TIFF_Warning TIFFReadDirectory: Unknown field with tag 50838 (0xc696) encountered
[ WARN:0@352.764] global grfmt_tiff.cpp:123 TIFF_Warning TIFFReadDirectory: Unknown field with tag 50839 (0xc697) encountered
[ WARN:0@352.768] global grfmt_tiff.cpp:123 TIFF_Warning TIFFReadDirectory: Unknown field with tag 50838 (0xc696) encountered
[ WARN:0@352.768] global grfmt_tiff.cpp:123 TIFF_Warning TIFFReadDirectory: Unknown field with tag 50839 (0xc697) encountered
[ WARN:0@352.769] global grfmt_tiff.cpp:123 TIFF_Warning TIFFReadDirectory: Unknown field with tag 50838 (0xc696) encountered
[ WARN:0@352.769] global grfmt_tiff.cpp:123 TIFF_Warning TIFFReadDirectory: Unknown field with tag 50839 (0xc697) encountered
[ WARN:0@352.771] global grfmt_tiff.cpp:123 TIFF_Warning TIFFReadDirectory: Unknown field with tag 50838 (0xc696) encountered
[ WARN:0@352.771] global grfmt_tiff.cpp:123 TIFF_Warning TIFFReadDirectory: Unknown field with tag 50839 (0xc697) encountered
[ WARN:0@352.772] global grfmt_tiff.cpp:123 TIFF_Warning TIFFReadDirectory: Unknown field with tag 50838 (0xc696) encountered
[ WARN:0@352.772] global grfmt_tiff.cpp:123 TIFF_Warning TIFFReadDirectory: Unknown field with tag 50839 (0xc697) encountered
[ WARN:0@352.776] global grfmt_tiff.cpp:123 TIFF_Warning TIFFReadDirectory: Unknown field with tag 50838 (0xc696) encountered
[ WARN:0@352.776] global grfmt_tiff.cpp:123 TIFF_Warning TIFFReadDirectory: Unknown field with tag 50839 (0xc697) encountered
[ WARN:0@352.778] global grfmt_tiff.cpp:123 TIFF_Warning TIFFReadDirectory: Unknown field with tag 50838 (0xc696) encountered
[ WARN:0@352.778] global grfmt_tiff.cpp:123 TIFF_Warning TIFFReadDirectory: Unknown field with tag 50839 (0xc697) encountered
[ WARN:0@352.780] global grfmt_tiff.cpp:123 TIFF_Warning TIFFReadDirectory: Unknown field with tag 50838 (0xc696) encountered
[ WARN:0@352.780] global grfmt_tiff.cpp:123 TIFF_Warning TIFFReadDirectory: Unknown field with tag 50839 (0xc697) encountered
[ WARN:0@352.781] global grfmt_tiff.cpp:123 TIFF_Warning TIFFReadDirectory: Unknown field with tag 50838 (0xc696) encountered
[ WARN:0@352.781] global grfmt_tiff.cpp:123 TIFF_Warning TIFFReadDirectory: Unknown field with tag 50839 (0xc697) encountered
[ WARN:0@352.783] global grfmt_tiff.cpp:123 TIFF_Warning TIFFReadDirectory: Unknown field with tag 50838 (0xc696) encountered
[ WARN:0@352.784] global grfmt_tiff.cpp:123 TIFF_Warning TIFFReadDirectory: Unknown field with tag 50839 (0xc697) encountered
[ WARN:0@352.785] global grfmt_tiff.cpp:123 TIFF_Warning TIFFReadDirectory: Unknown field with tag 50838 (0xc696) encountered
[ WARN:0@352.785] global grfmt_tiff.cpp:123 TIFF_Warning TIFFReadDirectory: Unknown field with tag 50839 (0xc697) encountered
[ WARN:0@352.786] global grfmt_tiff.cpp:123 TIFF_Warning TIFFReadDirectory: Unknown field with tag 50838 (0xc696) encountered
[ WARN:0@352.786] global grfmt_tiff.cpp:123 TIFF_Warning TIFFReadDirectory: Unknown field with tag 50839 (0xc697) encountered
[ WARN:0@352.787] global grfmt_tiff.cpp:123 TIFF_Warning TIFFReadDirectory: Unknown field with tag 50838 (0xc696) encountered
[ WARN:0@352.787] global grfmt_tiff.cpp:123 TIFF_Warning TIFFReadDirectory: Unknown field with tag 50839 (0xc697) encountered
[ WARN:0@352.788] global grfmt_tiff.cpp:123 TIFF_Warning TIFFReadDirectory: Unknown field with tag 50838 (0xc696) encountered
[ WARN:0@352.788] global grfmt_tiff.cpp:123 TIFF_Warning TIFFReadDirectory: Unknown field with tag 50839 (0xc697) encountered
[ WARN:0@352.789] global grfmt_tiff.cpp:123 TIFF_Warning TIFFReadDirectory: Unknown field with tag 50838 (0xc696) encountered
[ WARN:0@352.789] global grfmt_tiff.cpp:123 TIFF_Warning TIFFReadDirectory: Unknown field with tag 50839 (0xc697) encountered
[ WARN:0@352.790] global grfmt_tiff.cpp:123 TIFF_Warning TIFFReadDirectory: Unknown field with tag 50838 (0xc696) encountered
[ WARN:0@352.790] global grfmt_tiff.cpp:123 TIFF_Warning TIFFReadDirectory: Unknown field with tag 50839 (0xc697) encountered
[ WARN:0@352.793] global grfmt_tiff.cpp:123 TIFF_Warning TIFFReadDirectory: Unknown field with tag 50838 (0xc696) encountered
[ WARN:0@352.793] global grfmt_tiff.cpp:123 TIFF_Warning TIFFReadDirectory: Unknown field with tag 50839 (0xc697) encountered
[ WARN:0@352.794] global grfmt_tiff.cpp:123 TIFF_Warning TIFFReadDirectory: Unknown field with tag 50838 (0xc696) encountered
[ WARN:0@352.794] global grfmt_tiff.cpp:123 TIFF_Warning TIFFReadDirectory: Unknown field with tag 50839 (0xc697) encountered
[ WARN:0@352.796] global grfmt_tiff.cpp:123 TIFF_Warning TIFFReadDirectory: Unknown field with tag 50838 (0xc696) encountered
[ WARN:0@352.796] global grfmt_tiff.cpp:123 TIFF_Warning TIFFReadDirectory: Unknown field with tag 50839 (0xc697) encountered
[ WARN:0@352.797] global grfmt_tiff.cpp:123 TIFF_Warning TIFFReadDirectory: Unknown field with tag 50838 (0xc696) encountered
[ WARN:0@352.797] global grfmt_tiff.cpp:123 TIFF_Warning TIFFReadDirectory: Unknown field with tag 50839 (0xc697) encountered
[ WARN:0@352.800] global grfmt_tiff.cpp:123 TIFF_Warning TIFFReadDirectory: Unknown field with tag 50838 (0xc696) encountered
[ WARN:0@352.800] global grfmt_tiff.cpp:123 TIFF_Warning TIFFReadDirectory: Unknown field with tag 50839 (0xc697) encountered
[ WARN:0@352.803] global grfmt_tiff.cpp:123 TIFF_Warning TIFFReadDirectory: Unknown field with tag 50838 (0xc696) encountered
[ WARN:0@352.803] global grfmt_tiff.cpp:123 TIFF_Warning TIFFReadDirectory: Unknown field with tag 50839 (0xc697) encountered
[ WARN:0@352.804] global grfmt_tiff.cpp:123 TIFF_Warning TIFFReadDirectory: Unknown field with tag 50838 (0xc696) encountered
[ WARN:0@352.804] global grfmt_tiff.cpp:123 TIFF_Warning TIFFReadDirectory: Unknown field with tag 50839 (0xc697) encountered
[ WARN:0@352.807] global grfmt_tiff.cpp:123 TIFF_Warning TIFFReadDirectory: Unknown field with tag 50838 (0xc696) encountered
[ WARN:0@352.807] global grfmt_tiff.cpp:123 TIFF_Warning TIFFReadDirectory: Unknown field with tag 50839 (0xc697) encountered
[ WARN:0@352.808] global grfmt_tiff.cpp:123 TIFF_Warning TIFFReadDirectory: Unknown field with tag 50838 (0xc696) encountered
[ WARN:0@352.808] global grfmt_tiff.cpp:123 TIFF_Warning TIFFReadDirectory: Unknown field with tag 50839 (0xc697) encountered
[ WARN:0@352.809] global grfmt_tiff.cpp:123 TIFF_Warning TIFFReadDirectory: Unknown field with tag 50838 (0xc696) encountered
[ WARN:0@352.809] global grfmt_tiff.cpp:123 TIFF_Warning TIFFReadDirectory: Unknown field with tag 50839 (0xc697) encountered
[ WARN:0@352.812] global grfmt_tiff.cpp:123 TIFF_Warning TIFFReadDirectory: Unknown field with tag 50838 (0xc696) encountered
[ WARN:0@352.812] global grfmt_tiff.cpp:123 TIFF_Warning TIFFReadDirectory: Unknown field with tag 50839 (0xc697) encountered
[ WARN:0@352.813] global grfmt_tiff.cpp:123 TIFF_Warning TIFFReadDirectory: Unknown field with tag 50838 (0xc696) encountered
[ WARN:0@352.813] global grfmt_tiff.cpp:123 TIFF_Warning TIFFReadDirectory: Unknown field with tag 50839 (0xc697) encountered
[ WARN:0@352.816] global grfmt_tiff.cpp:123 TIFF_Warning TIFFReadDirectory: Unknown field with tag 50838 (0xc696) encountered
[ WARN:0@352.816] global grfmt_tiff.cpp:123 TIFF_Warning TIFFReadDirectory: Unknown field with tag 50839 (0xc697) encountered
[ WARN:0@352.817] global grfmt_tiff.cpp:123 TIFF_Warning TIFFReadDirectory: Unknown field with tag 50838 (0xc696) encountered
[ WARN:0@352.817] global grfmt_tiff.cpp:123 TIFF_Warning TIFFReadDirectory: Unknown field with tag 50839 (0xc697) encountered
[ WARN:0@352.820] global grfmt_tiff.cpp:123 TIFF_Warning TIFFReadDirectory: Unknown field with tag 50838 (0xc696) encountered
[ WARN:0@352.820] global grfmt_tiff.cpp:123 TIFF_Warning TIFFReadDirectory: Unknown field with tag 50839 (0xc697) encountered
[ WARN:0@352.823] global grfmt_tiff.cpp:123 TIFF_Warning TIFFReadDirectory: Unknown field with tag 50838 (0xc696) encountered
[ WARN:0@352.823] global grfmt_tiff.cpp:123 TIFF_Warning TIFFReadDirectory: Unknown field with tag 50839 (0xc697) encountered
[ WARN:0@352.825] global grfmt_tiff.cpp:123 TIFF_Warning TIFFReadDirectory: Unknown field with tag 50838 (0xc696) encountered
[ WARN:0@352.825] global grfmt_tiff.cpp:123 TIFF_Warning TIFFReadDirectory: Unknown field with tag 50839 (0xc697) encountered
[ WARN:0@352.826] global grfmt_tiff.cpp:123 TIFF_Warning TIFFReadDirectory: Unknown field with tag 50838 (0xc696) encountered
[ WARN:0@352.826] global grfmt_tiff.cpp:123 TIFF_Warning TIFFReadDirectory: Unknown field with tag 50839 (0xc697) encountered
[ WARN:0@352.828] global grfmt_tiff.cpp:123 TIFF_Warning TIFFReadDirectory: Unknown field with tag 50838 (0xc696) encountered
[ WARN:0@352.828] global grfmt_tiff.cpp:123 TIFF_Warning TIFFReadDirectory: Unknown field with tag 50839 (0xc697) encountered
[ WARN:0@352.829] global grfmt_tiff.cpp:123 TIFF_Warning TIFFReadDirectory: Unknown field with tag 50838 (0xc696) encountered
[ WARN:0@352.829] global grfmt_tiff.cpp:123 TIFF_Warning TIFFReadDirectory: Unknown field with tag 50839 (0xc697) encountered
[ WARN:0@352.830] global grfmt_tiff.cpp:123 TIFF_Warning TIFFReadDirectory: Unknown field with tag 50838 (0xc696) encountered
[ WARN:0@352.830] global grfmt_tiff.cpp:123 TIFF_Warning TIFFReadDirectory: Unknown field with tag 50839 (0xc697) encountered
[ WARN:0@352.833] global grfmt_tiff.cpp:123 TIFF_Warning TIFFReadDirectory: Unknown field with tag 50838 (0xc696) encountered
[ WARN:0@352.833] global grfmt_tiff.cpp:123 TIFF_Warning TIFFReadDirectory: Unknown field with tag 50839 (0xc697) encountered
[ WARN:0@352.834] global grfmt_tiff.cpp:123 TIFF_Warning TIFFReadDirectory: Unknown field with tag 50838 (0xc696) encountered
[ WARN:0@352.834] global grfmt_tiff.cpp:123 TIFF_Warning TIFFReadDirectory: Unknown field with tag 50839 (0xc697) encountered
[ WARN:0@352.835] global grfmt_tiff.cpp:123 TIFF_Warning TIFFReadDirectory: Unknown field with tag 50838 (0xc696) encountered
[ WARN:0@352.835] global grfmt_tiff.cpp:123 TIFF_Warning TIFFReadDirectory: Unknown field with tag 50839 (0xc697) encountered
[ WARN:0@352.836] global grfmt_tiff.cpp:123 TIFF_Warning TIFFReadDirectory: Unknown field with tag 50838 (0xc696) encountered
[ WARN:0@352.836] global grfmt_tiff.cpp:123 TIFF_Warning TIFFReadDirectory: Unknown field with tag 50839 (0xc697) encountered
[ WARN:0@352.839] global grfmt_tiff.cpp:123 TIFF_Warning TIFFReadDirectory: Unknown field with tag 50838 (0xc696) encountered
[ WARN:0@352.839] global grfmt_tiff.cpp:123 TIFF_Warning TIFFReadDirectory: Unknown field with tag 50839 (0xc697) encountered
[ WARN:0@352.840] global grfmt_tiff.cpp:123 TIFF_Warning TIFFReadDirectory: Unknown field with tag 50838 (0xc696) encountered
[ WARN:0@352.840] global grfmt_tiff.cpp:123 TIFF_Warning TIFFReadDirectory: Unknown field with tag 50839 (0xc697) encountered
[ WARN:0@352.842] global grfmt_tiff.cpp:123 TIFF_Warning TIFFReadDirectory: Unknown field with tag 50838 (0xc696) encountered
[ WARN:0@352.842] global grfmt_tiff.cpp:123 TIFF_Warning TIFFReadDirectory: Unknown field with tag 50839 (0xc697) encountered
[ WARN:0@352.843] global grfmt_tiff.cpp:123 TIFF_Warning TIFFReadDirectory: Unknown field with tag 50838 (0xc696) encountered
[ WARN:0@352.843] global grfmt_tiff.cpp:123 TIFF_Warning TIFFReadDirectory: Unknown field with tag 50839 (0xc697) encountered
[ WARN:0@352.846] global grfmt_tiff.cpp:123 TIFF_Warning TIFFReadDirectory: Unknown field with tag 50838 (0xc696) encountered
[ WARN:0@352.846] global grfmt_tiff.cpp:123 TIFF_Warning TIFFReadDirectory: Unknown field with tag 50839 (0xc697) encountered
[ WARN:0@352.849] global grfmt_tiff.cpp:123 TIFF_Warning TIFFReadDirectory: Unknown field with tag 50838 (0xc696) encountered
[ WARN:0@352.849] global grfmt_tiff.cpp:123 TIFF_Warning TIFFReadDirectory: Unknown field with tag 50839 (0xc697) encountered
[ WARN:0@352.850] global grfmt_tiff.cpp:123 TIFF_Warning TIFFReadDirectory: Unknown field with tag 50838 (0xc696) encountered
[ WARN:0@352.850] global grfmt_tiff.cpp:123 TIFF_Warning TIFFReadDirectory: Unknown field with tag 50839 (0xc697) encountered
[ WARN:0@352.853] global grfmt_tiff.cpp:123 TIFF_Warning TIFFReadDirectory: Unknown field with tag 50838 (0xc696) encountered
[ WARN:0@352.853] global grfmt_tiff.cpp:123 TIFF_Warning TIFFReadDirectory: Unknown field with tag 50839 (0xc697) encountered
[ WARN:0@352.854] global grfmt_tiff.cpp:123 TIFF_Warning TIFFReadDirectory: Unknown field with tag 50838 (0xc696) encountered
[ WARN:0@352.854] global grfmt_tiff.cpp:123 TIFF_Warning TIFFReadDirectory: Unknown field with tag 50839 (0xc697) encountered
[ WARN:0@352.855] global grfmt_tiff.cpp:123 TIFF_Warning TIFFReadDirectory: Unknown field with tag 50838 (0xc696) encountered
[ WARN:0@352.855] global grfmt_tiff.cpp:123 TIFF_Warning TIFFReadDirectory: Unknown field with tag 50839 (0xc697) encountered
[ WARN:0@352.858] global grfmt_tiff.cpp:123 TIFF_Warning TIFFReadDirectory: Unknown field with tag 50838 (0xc696) encountered
[ WARN:0@352.858] global grfmt_tiff.cpp:123 TIFF_Warning TIFFReadDirectory: Unknown field with tag 50839 (0xc697) encountered
[ WARN:0@352.859] global grfmt_tiff.cpp:123 TIFF_Warning TIFFReadDirectory: Unknown field with tag 50838 (0xc696) encountered
[ WARN:0@352.859] global grfmt_tiff.cpp:123 TIFF_Warning TIFFReadDirectory: Unknown field with tag 50839 (0xc697) encountered
[ WARN:0@352.862] global grfmt_tiff.cpp:123 TIFF_Warning TIFFReadDirectory: Unknown field with tag 50838 (0xc696) encountered
[ WARN:0@352.862] global grfmt_tiff.cpp:123 TIFF_Warning TIFFReadDirectory: Unknown field with tag 50839 (0xc697) encountered
[ WARN:0@352.863] global grfmt_tiff.cpp:123 TIFF_Warning TIFFReadDirectory: Unknown field with tag 50838 (0xc696) encountered
[ WARN:0@352.863] global grfmt_tiff.cpp:123 TIFF_Warning TIFFReadDirectory: Unknown field with tag 50839 (0xc697) encountered
[ WARN:0@352.866] global grfmt_tiff.cpp:123 TIFF_Warning TIFFReadDirectory: Unknown field with tag 50838 (0xc696) encountered
[ WARN:0@352.866] global grfmt_tiff.cpp:123 TIFF_Warning TIFFReadDirectory: Unknown field with tag 50839 (0xc697) encountered
[ WARN:0@352.868] global grfmt_tiff.cpp:123 TIFF_Warning TIFFReadDirectory: Unknown field with tag 50838 (0xc696) encountered
[ WARN:0@352.868] global grfmt_tiff.cpp:123 TIFF_Warning TIFFReadDirectory: Unknown field with tag 50839 (0xc697) encountered
[ WARN:0@352.871] global grfmt_tiff.cpp:123 TIFF_Warning TIFFReadDirectory: Unknown field with tag 50838 (0xc696) encountered
[ WARN:0@352.871] global grfmt_tiff.cpp:123 TIFF_Warning TIFFReadDirectory: Unknown field with tag 50839 (0xc697) encountered
[ WARN:0@352.872] global grfmt_tiff.cpp:123 TIFF_Warning TIFFReadDirectory: Unknown field with tag 50838 (0xc696) encountered
[ WARN:0@352.872] global grfmt_tiff.cpp:123 TIFF_Warning TIFFReadDirectory: Unknown field with tag 50839 (0xc697) encountered
[ WARN:0@352.874] global grfmt_tiff.cpp:123 TIFF_Warning TIFFReadDirectory: Unknown field with tag 50838 (0xc696) encountered
[ WARN:0@352.874] global grfmt_tiff.cpp:123 TIFF_Warning TIFFReadDirectory: Unknown field with tag 50839 (0xc697) encountered
[ WARN:0@352.875] global grfmt_tiff.cpp:123 TIFF_Warning TIFFReadDirectory: Unknown field with tag 50838 (0xc696) encountered
[ WARN:0@352.875] global grfmt_tiff.cpp:123 TIFF_Warning TIFFReadDirectory: Unknown field with tag 50839 (0xc697) encountered
[ WARN:0@352.876] global grfmt_tiff.cpp:123 TIFF_Warning TIFFReadDirectory: Unknown field with tag 50838 (0xc696) encountered
[ WARN:0@352.876] global grfmt_tiff.cpp:123 TIFF_Warning TIFFReadDirectory: Unknown field with tag 50839 (0xc697) encountered
[ WARN:0@352.877] global grfmt_tiff.cpp:123 TIFF_Warning TIFFReadDirectory: Unknown field with tag 50838 (0xc696) encountered
[ WARN:0@352.877] global grfmt_tiff.cpp:123 TIFF_Warning TIFFReadDirectory: Unknown field with tag 50839 (0xc697) encountered
[ WARN:0@352.878] global grfmt_tiff.cpp:123 TIFF_Warning TIFFReadDirectory: Unknown field with tag 50838 (0xc696) encountered
[ WARN:0@352.878] global grfmt_tiff.cpp:123 TIFF_Warning TIFFReadDirectory: Unknown field with tag 50839 (0xc697) encountered
[ WARN:0@352.879] global grfmt_tiff.cpp:123 TIFF_Warning TIFFReadDirectory: Unknown field with tag 50838 (0xc696) encountered
[ WARN:0@352.879] global grfmt_tiff.cpp:123 TIFF_Warning TIFFReadDirectory: Unknown field with tag 50839 (0xc697) encountered
[ WARN:0@352.880] global grfmt_tiff.cpp:123 TIFF_Warning TIFFReadDirectory: Unknown field with tag 50838 (0xc696) encountered
[ WARN:0@352.880] global grfmt_tiff.cpp:123 TIFF_Warning TIFFReadDirectory: Unknown field with tag 50839 (0xc697) encountered
[ WARN:0@352.883] global grfmt_tiff.cpp:123 TIFF_Warning TIFFReadDirectory: Unknown field with tag 50838 (0xc696) encountered
[ WARN:0@352.883] global grfmt_tiff.cpp:123 TIFF_Warning TIFFReadDirectory: Unknown field with tag 50839 (0xc697) encountered
[ WARN:0@352.884] global grfmt_tiff.cpp:123 TIFF_Warning TIFFReadDirectory: Unknown field with tag 50838 (0xc696) encountered
[ WARN:0@352.884] global grfmt_tiff.cpp:123 TIFF_Warning TIFFReadDirectory: Unknown field with tag 50839 (0xc697) encountered
[ WARN:0@352.886] global grfmt_tiff.cpp:123 TIFF_Warning TIFFReadDirectory: Unknown field with tag 50838 (0xc696) encountered
[ WARN:0@352.886] global grfmt_tiff.cpp:123 TIFF_Warning TIFFReadDirectory: Unknown field with tag 50839 (0xc697) encountered
[ WARN:0@352.887] global grfmt_tiff.cpp:123 TIFF_Warning TIFFReadDirectory: Unknown field with tag 50838 (0xc696) encountered
[ WARN:0@352.888] global grfmt_tiff.cpp:123 TIFF_Warning TIFFReadDirectory: Unknown field with tag 50839 (0xc697) encountered
[ WARN:0@352.890] global grfmt_tiff.cpp:123 TIFF_Warning TIFFReadDirectory: Unknown field with tag 50838 (0xc696) encountered
[ WARN:0@352.890] global grfmt_tiff.cpp:123 TIFF_Warning TIFFReadDirectory: Unknown field with tag 50839 (0xc697) encountered
[ WARN:0@352.893] global grfmt_tiff.cpp:123 TIFF_Warning TIFFReadDirectory: Unknown field with tag 50838 (0xc696) encountered
[ WARN:0@352.893] global grfmt_tiff.cpp:123 TIFF_Warning TIFFReadDirectory: Unknown field with tag 50839 (0xc697) encountered
[ WARN:0@352.894] global grfmt_tiff.cpp:123 TIFF_Warning TIFFReadDirectory: Unknown field with tag 50838 (0xc696) encountered
[ WARN:0@352.894] global grfmt_tiff.cpp:123 TIFF_Warning TIFFReadDirectory: Unknown field with tag 50839 (0xc697) encountered
[ WARN:0@352.897] global grfmt_tiff.cpp:123 TIFF_Warning TIFFReadDirectory: Unknown field with tag 50838 (0xc696) encountered
[ WARN:0@352.897] global grfmt_tiff.cpp:123 TIFF_Warning TIFFReadDirectory: Unknown field with tag 50839 (0xc697) encountered
[ WARN:0@352.898] global grfmt_tiff.cpp:123 TIFF_Warning TIFFReadDirectory: Unknown field with tag 50838 (0xc696) encountered
[ WARN:0@352.898] global grfmt_tiff.cpp:123 TIFF_Warning TIFFReadDirectory: Unknown field with tag 50839 (0xc697) encountered
[ WARN:0@352.899] global grfmt_tiff.cpp:123 TIFF_Warning TIFFReadDirectory: Unknown field with tag 50838 (0xc696) encountered
[ WARN:0@352.899] global grfmt_tiff.cpp:123 TIFF_Warning TIFFReadDirectory: Unknown field with tag 50839 (0xc697) encountered
[ WARN:0@352.903] global grfmt_tiff.cpp:123 TIFF_Warning TIFFReadDirectory: Unknown field with tag 50838 (0xc696) encountered
[ WARN:0@352.903] global grfmt_tiff.cpp:123 TIFF_Warning TIFFReadDirectory: Unknown field with tag 50839 (0xc697) encountered
[ WARN:0@352.904] global grfmt_tiff.cpp:123 TIFF_Warning TIFFReadDirectory: Unknown field with tag 50838 (0xc696) encountered
[ WARN:0@352.904] global grfmt_tiff.cpp:123 TIFF_Warning TIFFReadDirectory: Unknown field with tag 50839 (0xc697) encountered
[ WARN:0@352.906] global grfmt_tiff.cpp:123 TIFF_Warning TIFFReadDirectory: Unknown field with tag 50838 (0xc696) encountered
[ WARN:0@352.906] global grfmt_tiff.cpp:123 TIFF_Warning TIFFReadDirectory: Unknown field with tag 50839 (0xc697) encountered
[ WARN:0@352.907] global grfmt_tiff.cpp:123 TIFF_Warning TIFFReadDirectory: Unknown field with tag 50838 (0xc696) encountered
[ WARN:0@352.907] global grfmt_tiff.cpp:123 TIFF_Warning TIFFReadDirectory: Unknown field with tag 50839 (0xc697) encountered
[ WARN:0@352.911] global grfmt_tiff.cpp:123 TIFF_Warning TIFFReadDirectory: Unknown field with tag 50838 (0xc696) encountered
[ WARN:0@352.911] global grfmt_tiff.cpp:123 TIFF_Warning TIFFReadDirectory: Unknown field with tag 50839 (0xc697) encountered
[ WARN:0@352.913] global grfmt_tiff.cpp:123 TIFF_Warning TIFFReadDirectory: Unknown field with tag 50838 (0xc696) encountered
[ WARN:0@352.913] global grfmt_tiff.cpp:123 TIFF_Warning TIFFReadDirectory: Unknown field with tag 50839 (0xc697) encountered
[ WARN:0@352.915] global grfmt_tiff.cpp:123 TIFF_Warning TIFFReadDirectory: Unknown field with tag 50838 (0xc696) encountered
[ WARN:0@352.915] global grfmt_tiff.cpp:123 TIFF_Warning TIFFReadDirectory: Unknown field with tag 50839 (0xc697) encountered
[ WARN:0@352.916] global grfmt_tiff.cpp:123 TIFF_Warning TIFFReadDirectory: Unknown field with tag 50838 (0xc696) encountered
[ WARN:0@352.916] global grfmt_tiff.cpp:123 TIFF_Warning TIFFReadDirectory: Unknown field with tag 50839 (0xc697) encountered
[ WARN:0@352.918] global grfmt_tiff.cpp:123 TIFF_Warning TIFFReadDirectory: Unknown field with tag 50838 (0xc696) encountered
[ WARN:0@352.918] global grfmt_tiff.cpp:123 TIFF_Warning TIFFReadDirectory: Unknown field with tag 50839 (0xc697) encountered
[ WARN:0@352.919] global grfmt_tiff.cpp:123 TIFF_Warning TIFFReadDirectory: Unknown field with tag 50838 (0xc696) encountered
[ WARN:0@352.919] global grfmt_tiff.cpp:123 TIFF_Warning TIFFReadDirectory: Unknown field with tag 50839 (0xc697) encountered
[ WARN:0@352.920] global grfmt_tiff.cpp:123 TIFF_Warning TIFFReadDirectory: Unknown field with tag 50838 (0xc696) encountered
[ WARN:0@352.920] global grfmt_tiff.cpp:123 TIFF_Warning TIFFReadDirectory: Unknown field with tag 50839 (0xc697) encountered
[ WARN:0@352.923] global grfmt_tiff.cpp:123 TIFF_Warning TIFFReadDirectory: Unknown field with tag 50838 (0xc696) encountered
[ WARN:0@352.923] global grfmt_tiff.cpp:123 TIFF_Warning TIFFReadDirectory: Unknown field with tag 50839 (0xc697) encountered
[ WARN:0@352.924] global grfmt_tiff.cpp:123 TIFF_Warning TIFFReadDirectory: Unknown field with tag 50838 (0xc696) encountered
[ WARN:0@352.924] global grfmt_tiff.cpp:123 TIFF_Warning TIFFReadDirectory: Unknown field with tag 50839 (0xc697) encountered
[ WARN:0@352.925] global grfmt_tiff.cpp:123 TIFF_Warning TIFFReadDirectory: Unknown field with tag 50838 (0xc696) encountered
[ WARN:0@352.925] global grfmt_tiff.cpp:123 TIFF_Warning TIFFReadDirectory: Unknown field with tag 50839 (0xc697) encountered
[ WARN:0@352.926] global grfmt_tiff.cpp:123 TIFF_Warning TIFFReadDirectory: Unknown field with tag 50838 (0xc696) encountered
[ WARN:0@352.926] global grfmt_tiff.cpp:123 TIFF_Warning TIFFReadDirectory: Unknown field with tag 50839 (0xc697) encountered
[ WARN:0@352.929] global grfmt_tiff.cpp:123 TIFF_Warning TIFFReadDirectory: Unknown field with tag 50838 (0xc696) encountered
[ WARN:0@352.929] global grfmt_tiff.cpp:123 TIFF_Warning TIFFReadDirectory: Unknown field with tag 50839 (0xc697) encountered
[ WARN:0@352.930] global grfmt_tiff.cpp:123 TIFF_Warning TIFFReadDirectory: Unknown field with tag 50838 (0xc696) encountered
[ WARN:0@352.930] global grfmt_tiff.cpp:123 TIFF_Warning TIFFReadDirectory: Unknown field with tag 50839 (0xc697) encountered
[ WARN:0@352.932] global grfmt_tiff.cpp:123 TIFF_Warning TIFFReadDirectory: Unknown field with tag 50838 (0xc696) encountered
[ WARN:0@352.932] global grfmt_tiff.cpp:123 TIFF_Warning TIFFReadDirectory: Unknown field with tag 50839 (0xc697) encountered
[ WARN:0@352.934] global grfmt_tiff.cpp:123 TIFF_Warning TIFFReadDirectory: Unknown field with tag 50838 (0xc696) encountered
[ WARN:0@352.934] global grfmt_tiff.cpp:123 TIFF_Warning TIFFReadDirectory: Unknown field with tag 50839 (0xc697) encountered
[ WARN:0@352.936] global grfmt_tiff.cpp:123 TIFF_Warning TIFFReadDirectory: Unknown field with tag 50838 (0xc696) encountered
[ WARN:0@352.936] global grfmt_tiff.cpp:123 TIFF_Warning TIFFReadDirectory: Unknown field with tag 50839 (0xc697) encountered
[ WARN:0@352.939] global grfmt_tiff.cpp:123 TIFF_Warning TIFFReadDirectory: Unknown field with tag 50838 (0xc696) encountered
[ WARN:0@352.939] global grfmt_tiff.cpp:123 TIFF_Warning TIFFReadDirectory: Unknown field with tag 50839 (0xc697) encountered
[ WARN:0@352.940] global grfmt_tiff.cpp:123 TIFF_Warning TIFFReadDirectory: Unknown field with tag 50838 (0xc696) encountered
[ WARN:0@352.940] global grfmt_tiff.cpp:123 TIFF_Warning TIFFReadDirectory: Unknown field with tag 50839 (0xc697) encountered
[ WARN:0@352.943] global grfmt_tiff.cpp:123 TIFF_Warning TIFFReadDirectory: Unknown field with tag 50838 (0xc696) encountered
[ WARN:0@352.943] global grfmt_tiff.cpp:123 TIFF_Warning TIFFReadDirectory: Unknown field with tag 50839 (0xc697) encountered
[ WARN:0@352.944] global grfmt_tiff.cpp:123 TIFF_Warning TIFFReadDirectory: Unknown field with tag 50838 (0xc696) encountered
[ WARN:0@352.944] global grfmt_tiff.cpp:123 TIFF_Warning TIFFReadDirectory: Unknown field with tag 50839 (0xc697) encountered
[ WARN:0@352.945] global grfmt_tiff.cpp:123 TIFF_Warning TIFFReadDirectory: Unknown field with tag 50838 (0xc696) encountered
[ WARN:0@352.945] global grfmt_tiff.cpp:123 TIFF_Warning TIFFReadDirectory: Unknown field with tag 50839 (0xc697) encountered
[ WARN:0@352.949] global grfmt_tiff.cpp:123 TIFF_Warning TIFFReadDirectory: Unknown field with tag 50838 (0xc696) encountered
[ WARN:0@352.949] global grfmt_tiff.cpp:123 TIFF_Warning TIFFReadDirectory: Unknown field with tag 50839 (0xc697) encountered
[ WARN:0@352.950] global grfmt_tiff.cpp:123 TIFF_Warning TIFFReadDirectory: Unknown field with tag 50838 (0xc696) encountered
[ WARN:0@352.950] global grfmt_tiff.cpp:123 TIFF_Warning TIFFReadDirectory: Unknown field with tag 50839 (0xc697) encountered
[ WARN:0@352.952] global grfmt_tiff.cpp:123 TIFF_Warning TIFFReadDirectory: Unknown field with tag 50838 (0xc696) encountered
[ WARN:0@352.952] global grfmt_tiff.cpp:123 TIFF_Warning TIFFReadDirectory: Unknown field with tag 50839 (0xc697) encountered
[ WARN:0@352.953] global grfmt_tiff.cpp:123 TIFF_Warning TIFFReadDirectory: Unknown field with tag 50838 (0xc696) encountered
[ WARN:0@352.953] global grfmt_tiff.cpp:123 TIFF_Warning TIFFReadDirectory: Unknown field with tag 50839 (0xc697) encountered
[ WARN:0@352.956] global grfmt_tiff.cpp:123 TIFF_Warning TIFFReadDirectory: Unknown field with tag 50838 (0xc696) encountered
[ WARN:0@352.956] global grfmt_tiff.cpp:123 TIFF_Warning TIFFReadDirectory: Unknown field with tag 50839 (0xc697) encountered
[ WARN:0@352.959] global grfmt_tiff.cpp:123 TIFF_Warning TIFFReadDirectory: Unknown field with tag 50838 (0xc696) encountered
[ WARN:0@352.959] global grfmt_tiff.cpp:123 TIFF_Warning TIFFReadDirectory: Unknown field with tag 50839 (0xc697) encountered
[ WARN:0@352.961] global grfmt_tiff.cpp:123 TIFF_Warning TIFFReadDirectory: Unknown field with tag 50838 (0xc696) encountered
[ WARN:0@352.961] global grfmt_tiff.cpp:123 TIFF_Warning TIFFReadDirectory: Unknown field with tag 50839 (0xc697) encountered
[ WARN:0@352.962] global grfmt_tiff.cpp:123 TIFF_Warning TIFFReadDirectory: Unknown field with tag 50838 (0xc696) encountered
[ WARN:0@352.962] global grfmt_tiff.cpp:123 TIFF_Warning TIFFReadDirectory: Unknown field with tag 50839 (0xc697) encountered
[ WARN:0@352.964] global grfmt_tiff.cpp:123 TIFF_Warning TIFFReadDirectory: Unknown field with tag 50838 (0xc696) encountered
[ WARN:0@352.964] global grfmt_tiff.cpp:123 TIFF_Warning TIFFReadDirectory: Unknown field with tag 50839 (0xc697) encountered
[ WARN:0@352.965] global grfmt_tiff.cpp:123 TIFF_Warning TIFFReadDirectory: Unknown field with tag 50838 (0xc696) encountered
[ WARN:0@352.965] global grfmt_tiff.cpp:123 TIFF_Warning TIFFReadDirectory: Unknown field with tag 50839 (0xc697) encountered
[ WARN:0@352.966] global grfmt_tiff.cpp:123 TIFF_Warning TIFFReadDirectory: Unknown field with tag 50838 (0xc696) encountered
[ WARN:0@352.966] global grfmt_tiff.cpp:123 TIFF_Warning TIFFReadDirectory: Unknown field with tag 50839 (0xc697) encountered
[ WARN:0@352.968] global grfmt_tiff.cpp:123 TIFF_Warning TIFFReadDirectory: Unknown field with tag 50838 (0xc696) encountered
[ WARN:0@352.968] global grfmt_tiff.cpp:123 TIFF_Warning TIFFReadDirectory: Unknown field with tag 50839 (0xc697) encountered
[ WARN:0@352.969] global grfmt_tiff.cpp:123 TIFF_Warning TIFFReadDirectory: Unknown field with tag 50838 (0xc696) encountered
[ WARN:0@352.969] global grfmt_tiff.cpp:123 TIFF_Warning TIFFReadDirectory: Unknown field with tag 50839 (0xc697) encountered
[ WARN:0@352.970] global grfmt_tiff.cpp:123 TIFF_Warning TIFFReadDirectory: Unknown field with tag 50838 (0xc696) encountered
[ WARN:0@352.970] global grfmt_tiff.cpp:123 TIFF_Warning TIFFReadDirectory: Unknown field with tag 50839 (0xc697) encountered
[ WARN:0@352.971] global grfmt_tiff.cpp:123 TIFF_Warning TIFFReadDirectory: Unknown field with tag 50838 (0xc696) encountered
[ WARN:0@352.971] global grfmt_tiff.cpp:123 TIFF_Warning TIFFReadDirectory: Unknown field with tag 50839 (0xc697) encountered
[ WARN:0@352.973] global grfmt_tiff.cpp:123 TIFF_Warning TIFFReadDirectory: Unknown field with tag 50838 (0xc696) encountered
[ WARN:0@352.973] global grfmt_tiff.cpp:123 TIFF_Warning TIFFReadDirectory: Unknown field with tag 50839 (0xc697) encountered
[ WARN:0@352.974] global grfmt_tiff.cpp:123 TIFF_Warning TIFFReadDirectory: Unknown field with tag 50838 (0xc696) encountered
[ WARN:0@352.974] global grfmt_tiff.cpp:123 TIFF_Warning TIFFReadDirectory: Unknown field with tag 50839 (0xc697) encountered
[ WARN:0@352.977] global grfmt_tiff.cpp:123 TIFF_Warning TIFFReadDirectory: Unknown field with tag 50838 (0xc696) encountered
[ WARN:0@352.977] global grfmt_tiff.cpp:123 TIFF_Warning TIFFReadDirectory: Unknown field with tag 50839 (0xc697) encountered
[ WARN:0@352.978] global grfmt_tiff.cpp:123 TIFF_Warning TIFFReadDirectory: Unknown field with tag 50838 (0xc696) encountered
[ WARN:0@352.978] global grfmt_tiff.cpp:123 TIFF_Warning TIFFReadDirectory: Unknown field with tag 50839 (0xc697) encountered
[ WARN:0@352.980] global grfmt_tiff.cpp:123 TIFF_Warning TIFFReadDirectory: Unknown field with tag 50838 (0xc696) encountered
[ WARN:0@352.980] global grfmt_tiff.cpp:123 TIFF_Warning TIFFReadDirectory: Unknown field with tag 50839 (0xc697) encountered
[ WARN:0@352.984] global grfmt_tiff.cpp:123 TIFF_Warning TIFFReadDirectory: Unknown field with tag 50838 (0xc696) encountered
[ WARN:0@352.984] global grfmt_tiff.cpp:123 TIFF_Warning TIFFReadDirectory: Unknown field with tag 50839 (0xc697) encountered
[ WARN:0@352.985] global grfmt_tiff.cpp:123 TIFF_Warning TIFFReadDirectory: Unknown field with tag 50838 (0xc696) encountered
[ WARN:0@352.985] global grfmt_tiff.cpp:123 TIFF_Warning TIFFReadDirectory: Unknown field with tag 50839 (0xc697) encountered
[ WARN:0@352.987] global grfmt_tiff.cpp:123 TIFF_Warning TIFFReadDirectory: Unknown field with tag 50838 (0xc696) encountered
[ WARN:0@352.987] global grfmt_tiff.cpp:123 TIFF_Warning TIFFReadDirectory: Unknown field with tag 50839 (0xc697) encountered
[ WARN:0@352.988] global grfmt_tiff.cpp:123 TIFF_Warning TIFFReadDirectory: Unknown field with tag 50838 (0xc696) encountered
[ WARN:0@352.988] global grfmt_tiff.cpp:123 TIFF_Warning TIFFReadDirectory: Unknown field with tag 50839 (0xc697) encountered
[ WARN:0@352.989] global grfmt_tiff.cpp:123 TIFF_Warning TIFFReadDirectory: Unknown field with tag 50838 (0xc696) encountered
[ WARN:0@352.989] global grfmt_tiff.cpp:123 TIFF_Warning TIFFReadDirectory: Unknown field with tag 50839 (0xc697) encountered
[ WARN:0@352.993] global grfmt_tiff.cpp:123 TIFF_Warning TIFFReadDirectory: Unknown field with tag 50838 (0xc696) encountered
[ WARN:0@352.993] global grfmt_tiff.cpp:123 TIFF_Warning TIFFReadDirectory: Unknown field with tag 50839 (0xc697) encountered
[ WARN:0@352.994] global grfmt_tiff.cpp:123 TIFF_Warning TIFFReadDirectory: Unknown field with tag 50838 (0xc696) encountered
[ WARN:0@352.994] global grfmt_tiff.cpp:123 TIFF_Warning TIFFReadDirectory: Unknown field with tag 50839 (0xc697) encountered
[ WARN:0@352.996] global grfmt_tiff.cpp:123 TIFF_Warning TIFFReadDirectory: Unknown field with tag 50838 (0xc696) encountered
[ WARN:0@352.996] global grfmt_tiff.cpp:123 TIFF_Warning TIFFReadDirectory: Unknown field with tag 50839 (0xc697) encountered
[ WARN:0@352.997] global grfmt_tiff.cpp:123 TIFF_Warning TIFFReadDirectory: Unknown field with tag 50838 (0xc696) encountered
[ WARN:0@352.997] global grfmt_tiff.cpp:123 TIFF_Warning TIFFReadDirectory: Unknown field with tag 50839 (0xc697) encountered
[ WARN:0@353.001] global grfmt_tiff.cpp:123 TIFF_Warning TIFFReadDirectory: Unknown field with tag 50838 (0xc696) encountered
[ WARN:0@353.001] global grfmt_tiff.cpp:123 TIFF_Warning TIFFReadDirectory: Unknown field with tag 50839 (0xc697) encountered
[ WARN:0@353.003] global grfmt_tiff.cpp:123 TIFF_Warning TIFFReadDirectory: Unknown field with tag 50838 (0xc696) encountered
[ WARN:0@353.003] global grfmt_tiff.cpp:123 TIFF_Warning TIFFReadDirectory: Unknown field with tag 50839 (0xc697) encountered
[ WARN:0@353.005] global grfmt_tiff.cpp:123 TIFF_Warning TIFFReadDirectory: Unknown field with tag 50838 (0xc696) encountered
[ WARN:0@353.005] global grfmt_tiff.cpp:123 TIFF_Warning TIFFReadDirectory: Unknown field with tag 50839 (0xc697) encountered
[ WARN:0@353.006] global grfmt_tiff.cpp:123 TIFF_Warning TIFFReadDirectory: Unknown field with tag 50838 (0xc696) encountered
[ WARN:0@353.006] global grfmt_tiff.cpp:123 TIFF_Warning TIFFReadDirectory: Unknown field with tag 50839 (0xc697) encountered
[ WARN:0@353.009] global grfmt_tiff.cpp:123 TIFF_Warning TIFFReadDirectory: Unknown field with tag 50838 (0xc696) encountered
[ WARN:0@353.009] global grfmt_tiff.cpp:123 TIFF_Warning TIFFReadDirectory: Unknown field with tag 50839 (0xc697) encountered
[ WARN:0@353.010] global grfmt_tiff.cpp:123 TIFF_Warning TIFFReadDirectory: Unknown field with tag 50838 (0xc696) encountered
[ WARN:0@353.010] global grfmt_tiff.cpp:123 TIFF_Warning TIFFReadDirectory: Unknown field with tag 50839 (0xc697) encountered
[ WARN:0@353.011] global grfmt_tiff.cpp:123 TIFF_Warning TIFFReadDirectory: Unknown field with tag 50838 (0xc696) encountered
[ WARN:0@353.011] global grfmt_tiff.cpp:123 TIFF_Warning TIFFReadDirectory: Unknown field with tag 50839 (0xc697) encountered
[ WARN:0@353.014] global grfmt_tiff.cpp:123 TIFF_Warning TIFFReadDirectory: Unknown field with tag 50838 (0xc696) encountered
[ WARN:0@353.014] global grfmt_tiff.cpp:123 TIFF_Warning TIFFReadDirectory: Unknown field with tag 50839 (0xc697) encountered
[ WARN:0@353.014] global grfmt_tiff.cpp:123 TIFF_Warning TIFFReadDirectory: Unknown field with tag 50838 (0xc696) encountered
[ WARN:0@353.014] global grfmt_tiff.cpp:123 TIFF_Warning TIFFReadDirectory: Unknown field with tag 50839 (0xc697) encountered
[ WARN:0@353.015] global grfmt_tiff.cpp:123 TIFF_Warning TIFFReadDirectory: Unknown field with tag 50838 (0xc696) encountered
[ WARN:0@353.015] global grfmt_tiff.cpp:123 TIFF_Warning TIFFReadDirectory: Unknown field with tag 50839 (0xc697) encountered
[ WARN:0@353.017] global grfmt_tiff.cpp:123 TIFF_Warning TIFFReadDirectory: Unknown field with tag 50838 (0xc696) encountered
[ WARN:0@353.017] global grfmt_tiff.cpp:123 TIFF_Warning TIFFReadDirectory: Unknown field with tag 50839 (0xc697) encountered
[ WARN:0@353.019] global grfmt_tiff.cpp:123 TIFF_Warning TIFFReadDirectory: Unknown field with tag 50838 (0xc696) encountered
[ WARN:0@353.019] global grfmt_tiff.cpp:123 TIFF_Warning TIFFReadDirectory: Unknown field with tag 50839 (0xc697) encountered
[ WARN:0@353.020] global grfmt_tiff.cpp:123 TIFF_Warning TIFFReadDirectory: Unknown field with tag 50838 (0xc696) encountered
[ WARN:0@353.020] global grfmt_tiff.cpp:123 TIFF_Warning TIFFReadDirectory: Unknown field with tag 50839 (0xc697) encountered
[ WARN:0@353.022] global grfmt_tiff.cpp:123 TIFF_Warning TIFFReadDirectory: Unknown field with tag 50838 (0xc696) encountered
[ WARN:0@353.022] global grfmt_tiff.cpp:123 TIFF_Warning TIFFReadDirectory: Unknown field with tag 50839 (0xc697) encountered
[ WARN:0@353.024] global grfmt_tiff.cpp:123 TIFF_Warning TIFFReadDirectory: Unknown field with tag 50838 (0xc696) encountered
[ WARN:0@353.024] global grfmt_tiff.cpp:123 TIFF_Warning TIFFReadDirectory: Unknown field with tag 50839 (0xc697) encountered
[ WARN:0@353.026] global grfmt_tiff.cpp:123 TIFF_Warning TIFFReadDirectory: Unknown field with tag 50838 (0xc696) encountered
[ WARN:0@353.026] global grfmt_tiff.cpp:123 TIFF_Warning TIFFReadDirectory: Unknown field with tag 50839 (0xc697) encountered
[ WARN:0@353.030] global grfmt_tiff.cpp:123 TIFF_Warning TIFFReadDirectory: Unknown field with tag 50838 (0xc696) encountered
[ WARN:0@353.030] global grfmt_tiff.cpp:123 TIFF_Warning TIFFReadDirectory: Unknown field with tag 50839 (0xc697) encountered
[ WARN:0@353.030] global grfmt_tiff.cpp:123 TIFF_Warning TIFFReadDirectory: Unknown field with tag 50838 (0xc696) encountered
[ WARN:0@353.030] global grfmt_tiff.cpp:123 TIFF_Warning TIFFReadDirectory: Unknown field with tag 50839 (0xc697) encountered
[ WARN:0@353.033] global grfmt_tiff.cpp:123 TIFF_Warning TIFFReadDirectory: Unknown field with tag 50838 (0xc696) encountered
[ WARN:0@353.033] global grfmt_tiff.cpp:123 TIFF_Warning TIFFReadDirectory: Unknown field with tag 50839 (0xc697) encountered
[ WARN:0@353.034] global grfmt_tiff.cpp:123 TIFF_Warning TIFFReadDirectory: Unknown field with tag 50838 (0xc696) encountered
[ WARN:0@353.034] global grfmt_tiff.cpp:123 TIFF_Warning TIFFReadDirectory: Unknown field with tag 50839 (0xc697) encountered
[ WARN:0@353.035] global grfmt_tiff.cpp:123 TIFF_Warning TIFFReadDirectory: Unknown field with tag 50838 (0xc696) encountered
[ WARN:0@353.035] global grfmt_tiff.cpp:123 TIFF_Warning TIFFReadDirectory: Unknown field with tag 50839 (0xc697) encountered
[ WARN:0@353.039] global grfmt_tiff.cpp:123 TIFF_Warning TIFFReadDirectory: Unknown field with tag 50838 (0xc696) encountered
[ WARN:0@353.039] global grfmt_tiff.cpp:123 TIFF_Warning TIFFReadDirectory: Unknown field with tag 50839 (0xc697) encountered
[ WARN:0@353.040] global grfmt_tiff.cpp:123 TIFF_Warning TIFFReadDirectory: Unknown field with tag 50838 (0xc696) encountered
[ WARN:0@353.040] global grfmt_tiff.cpp:123 TIFF_Warning TIFFReadDirectory: Unknown field with tag 50839 (0xc697) encountered
[ WARN:0@353.042] global grfmt_tiff.cpp:123 TIFF_Warning TIFFReadDirectory: Unknown field with tag 50838 (0xc696) encountered
[ WARN:0@353.042] global grfmt_tiff.cpp:123 TIFF_Warning TIFFReadDirectory: Unknown field with tag 50839 (0xc697) encountered
[ WARN:0@353.043] global grfmt_tiff.cpp:123 TIFF_Warning TIFFReadDirectory: Unknown field with tag 50838 (0xc696) encountered
[ WARN:0@353.043] global grfmt_tiff.cpp:123 TIFF_Warning TIFFReadDirectory: Unknown field with tag 50839 (0xc697) encountered
[ WARN:0@353.046] global grfmt_tiff.cpp:123 TIFF_Warning TIFFReadDirectory: Unknown field with tag 50838 (0xc696) encountered
[ WARN:0@353.047] global grfmt_tiff.cpp:123 TIFF_Warning TIFFReadDirectory: Unknown field with tag 50839 (0xc697) encountered
[ WARN:0@353.049] global grfmt_tiff.cpp:123 TIFF_Warning TIFFReadDirectory: Unknown field with tag 50838 (0xc696) encountered
[ WARN:0@353.049] global grfmt_tiff.cpp:123 TIFF_Warning TIFFReadDirectory: Unknown field with tag 50839 (0xc697) encountered
[ WARN:0@353.051] global grfmt_tiff.cpp:123 TIFF_Warning TIFFReadDirectory: Unknown field with tag 50838 (0xc696) encountered
[ WARN:0@353.051] global grfmt_tiff.cpp:123 TIFF_Warning TIFFReadDirectory: Unknown field with tag 50839 (0xc697) encountered
[ WARN:0@353.052] global grfmt_tiff.cpp:123 TIFF_Warning TIFFReadDirectory: Unknown field with tag 50838 (0xc696) encountered
[ WARN:0@353.052] global grfmt_tiff.cpp:123 TIFF_Warning TIFFReadDirectory: Unknown field with tag 50839 (0xc697) encountered
[ WARN:0@353.054] global grfmt_tiff.cpp:123 TIFF_Warning TIFFReadDirectory: Unknown field with tag 50838 (0xc696) encountered
[ WARN:0@353.054] global grfmt_tiff.cpp:123 TIFF_Warning TIFFReadDirectory: Unknown field with tag 50839 (0xc697) encountered
[ WARN:0@353.055] global grfmt_tiff.cpp:123 TIFF_Warning TIFFReadDirectory: Unknown field with tag 50838 (0xc696) encountered
[ WARN:0@353.055] global grfmt_tiff.cpp:123 TIFF_Warning TIFFReadDirectory: Unknown field with tag 50839 (0xc697) encountered
[ WARN:0@353.056] global grfmt_tiff.cpp:123 TIFF_Warning TIFFReadDirectory: Unknown field with tag 50838 (0xc696) encountered
[ WARN:0@353.056] global grfmt_tiff.cpp:123 TIFF_Warning TIFFReadDirectory: Unknown field with tag 50839 (0xc697) encountered
[ WARN:0@353.058] global grfmt_tiff.cpp:123 TIFF_Warning TIFFReadDirectory: Unknown field with tag 50838 (0xc696) encountered
[ WARN:0@353.058] global grfmt_tiff.cpp:123 TIFF_Warning TIFFReadDirectory: Unknown field with tag 50839 (0xc697) encountered
[ WARN:0@353.059] global grfmt_tiff.cpp:123 TIFF_Warning TIFFReadDirectory: Unknown field with tag 50838 (0xc696) encountered
[ WARN:0@353.059] global grfmt_tiff.cpp:123 TIFF_Warning TIFFReadDirectory: Unknown field with tag 50839 (0xc697) encountered
[ WARN:0@353.060] global grfmt_tiff.cpp:123 TIFF_Warning TIFFReadDirectory: Unknown field with tag 50838 (0xc696) encountered
[ WARN:0@353.060] global grfmt_tiff.cpp:123 TIFF_Warning TIFFReadDirectory: Unknown field with tag 50839 (0xc697) encountered
[ WARN:0@353.061] global grfmt_tiff.cpp:123 TIFF_Warning TIFFReadDirectory: Unknown field with tag 50838 (0xc696) encountered
[ WARN:0@353.061] global grfmt_tiff.cpp:123 TIFF_Warning TIFFReadDirectory: Unknown field with tag 50839 (0xc697) encountered
[ WARN:0@353.063] global grfmt_tiff.cpp:123 TIFF_Warning TIFFReadDirectory: Unknown field with tag 50838 (0xc696) encountered
[ WARN:0@353.063] global grfmt_tiff.cpp:123 TIFF_Warning TIFFReadDirectory: Unknown field with tag 50839 (0xc697) encountered
[ WARN:0@353.064] global grfmt_tiff.cpp:123 TIFF_Warning TIFFReadDirectory: Unknown field with tag 50838 (0xc696) encountered
[ WARN:0@353.064] global grfmt_tiff.cpp:123 TIFF_Warning TIFFReadDirectory: Unknown field with tag 50839 (0xc697) encountered
[ WARN:0@353.067] global grfmt_tiff.cpp:123 TIFF_Warning TIFFReadDirectory: Unknown field with tag 50838 (0xc696) encountered
[ WARN:0@353.067] global grfmt_tiff.cpp:123 TIFF_Warning TIFFReadDirectory: Unknown field with tag 50839 (0xc697) encountered
[ WARN:0@353.068] global grfmt_tiff.cpp:123 TIFF_Warning TIFFReadDirectory: Unknown field with tag 50838 (0xc696) encountered
[ WARN:0@353.068] global grfmt_tiff.cpp:123 TIFF_Warning TIFFReadDirectory: Unknown field with tag 50839 (0xc697) encountered
[ WARN:0@353.070] global grfmt_tiff.cpp:123 TIFF_Warning TIFFReadDirectory: Unknown field with tag 50838 (0xc696) encountered
[ WARN:0@353.070] global grfmt_tiff.cpp:123 TIFF_Warning TIFFReadDirectory: Unknown field with tag 50839 (0xc697) encountered
[ WARN:0@353.074] global grfmt_tiff.cpp:123 TIFF_Warning TIFFReadDirectory: Unknown field with tag 50838 (0xc696) encountered
[ WARN:0@353.074] global grfmt_tiff.cpp:123 TIFF_Warning TIFFReadDirectory: Unknown field with tag 50839 (0xc697) encountered
[ WARN:0@353.075] global grfmt_tiff.cpp:123 TIFF_Warning TIFFReadDirectory: Unknown field with tag 50838 (0xc696) encountered
[ WARN:0@353.075] global grfmt_tiff.cpp:123 TIFF_Warning TIFFReadDirectory: Unknown field with tag 50839 (0xc697) encountered
[ WARN:0@353.077] global grfmt_tiff.cpp:123 TIFF_Warning TIFFReadDirectory: Unknown field with tag 50838 (0xc696) encountered
[ WARN:0@353.077] global grfmt_tiff.cpp:123 TIFF_Warning TIFFReadDirectory: Unknown field with tag 50839 (0xc697) encountered
[ WARN:0@353.078] global grfmt_tiff.cpp:123 TIFF_Warning TIFFReadDirectory: Unknown field with tag 50838 (0xc696) encountered
[ WARN:0@353.078] global grfmt_tiff.cpp:123 TIFF_Warning TIFFReadDirectory: Unknown field with tag 50839 (0xc697) encountered
[ WARN:0@353.079] global grfmt_tiff.cpp:123 TIFF_Warning TIFFReadDirectory: Unknown field with tag 50838 (0xc696) encountered
[ WARN:0@353.079] global grfmt_tiff.cpp:123 TIFF_Warning TIFFReadDirectory: Unknown field with tag 50839 (0xc697) encountered
[ WARN:0@353.083] global grfmt_tiff.cpp:123 TIFF_Warning TIFFReadDirectory: Unknown field with tag 50838 (0xc696) encountered
[ WARN:0@353.083] global grfmt_tiff.cpp:123 TIFF_Warning TIFFReadDirectory: Unknown field with tag 50839 (0xc697) encountered
[ WARN:0@353.084] global grfmt_tiff.cpp:123 TIFF_Warning TIFFReadDirectory: Unknown field with tag 50838 (0xc696) encountered
[ WARN:0@353.084] global grfmt_tiff.cpp:123 TIFF_Warning TIFFReadDirectory: Unknown field with tag 50839 (0xc697) encountered
[ WARN:0@353.086] global grfmt_tiff.cpp:123 TIFF_Warning TIFFReadDirectory: Unknown field with tag 50838 (0xc696) encountered
[ WARN:0@353.086] global grfmt_tiff.cpp:123 TIFF_Warning TIFFReadDirectory: Unknown field with tag 50839 (0xc697) encountered
[ WARN:0@353.088] global grfmt_tiff.cpp:123 TIFF_Warning TIFFReadDirectory: Unknown field with tag 50838 (0xc696) encountered
[ WARN:0@353.088] global grfmt_tiff.cpp:123 TIFF_Warning TIFFReadDirectory: Unknown field with tag 50839 (0xc697) encountered
[ WARN:0@353.091] global grfmt_tiff.cpp:123 TIFF_Warning TIFFReadDirectory: Unknown field with tag 50838 (0xc696) encountered
[ WARN:0@353.091] global grfmt_tiff.cpp:123 TIFF_Warning TIFFReadDirectory: Unknown field with tag 50839 (0xc697) encountered
[ WARN:0@353.093] global grfmt_tiff.cpp:123 TIFF_Warning TIFFReadDirectory: Unknown field with tag 50838 (0xc696) encountered
[ WARN:0@353.093] global grfmt_tiff.cpp:123 TIFF_Warning TIFFReadDirectory: Unknown field with tag 50839 (0xc697) encountered
[ WARN:0@353.095] global grfmt_tiff.cpp:123 TIFF_Warning TIFFReadDirectory: Unknown field with tag 50838 (0xc696) encountered
[ WARN:0@353.095] global grfmt_tiff.cpp:123 TIFF_Warning TIFFReadDirectory: Unknown field with tag 50839 (0xc697) encountered
[ WARN:0@353.096] global grfmt_tiff.cpp:123 TIFF_Warning TIFFReadDirectory: Unknown field with tag 50838 (0xc696) encountered
[ WARN:0@353.096] global grfmt_tiff.cpp:123 TIFF_Warning TIFFReadDirectory: Unknown field with tag 50839 (0xc697) encountered
[ WARN:0@353.099] global grfmt_tiff.cpp:123 TIFF_Warning TIFFReadDirectory: Unknown field with tag 50838 (0xc696) encountered
[ WARN:0@353.099] global grfmt_tiff.cpp:123 TIFF_Warning TIFFReadDirectory: Unknown field with tag 50839 (0xc697) encountered
[ WARN:0@353.100] global grfmt_tiff.cpp:123 TIFF_Warning TIFFReadDirectory: Unknown field with tag 50838 (0xc696) encountered
[ WARN:0@353.100] global grfmt_tiff.cpp:123 TIFF_Warning TIFFReadDirectory: Unknown field with tag 50839 (0xc697) encountered
[ WARN:0@353.101] global grfmt_tiff.cpp:123 TIFF_Warning TIFFReadDirectory: Unknown field with tag 50838 (0xc696) encountered
[ WARN:0@353.101] global grfmt_tiff.cpp:123 TIFF_Warning TIFFReadDirectory: Unknown field with tag 50839 (0xc697) encountered
[ WARN:0@353.104] global grfmt_tiff.cpp:123 TIFF_Warning TIFFReadDirectory: Unknown field with tag 50838 (0xc696) encountered
[ WARN:0@353.104] global grfmt_tiff.cpp:123 TIFF_Warning TIFFReadDirectory: Unknown field with tag 50839 (0xc697) encountered
[ WARN:0@353.105] global grfmt_tiff.cpp:123 TIFF_Warning TIFFReadDirectory: Unknown field with tag 50838 (0xc696) encountered
[ WARN:0@353.105] global grfmt_tiff.cpp:123 TIFF_Warning TIFFReadDirectory: Unknown field with tag 50839 (0xc697) encountered
[ WARN:0@353.106] global grfmt_tiff.cpp:123 TIFF_Warning TIFFReadDirectory: Unknown field with tag 50838 (0xc696) encountered
[ WARN:0@353.106] global grfmt_tiff.cpp:123 TIFF_Warning TIFFReadDirectory: Unknown field with tag 50839 (0xc697) encountered
[ WARN:0@353.107] global grfmt_tiff.cpp:123 TIFF_Warning TIFFReadDirectory: Unknown field with tag 50838 (0xc696) encountered
[ WARN:0@353.107] global grfmt_tiff.cpp:123 TIFF_Warning TIFFReadDirectory: Unknown field with tag 50839 (0xc697) encountered
[ WARN:0@353.109] global grfmt_tiff.cpp:123 TIFF_Warning TIFFReadDirectory: Unknown field with tag 50838 (0xc696) encountered
[ WARN:0@353.109] global grfmt_tiff.cpp:123 TIFF_Warning TIFFReadDirectory: Unknown field with tag 50839 (0xc697) encountered
[ WARN:0@353.110] global grfmt_tiff.cpp:123 TIFF_Warning TIFFReadDirectory: Unknown field with tag 50838 (0xc696) encountered
[ WARN:0@353.110] global grfmt_tiff.cpp:123 TIFF_Warning TIFFReadDirectory: Unknown field with tag 50839 (0xc697) encountered
[ WARN:0@353.112] global grfmt_tiff.cpp:123 TIFF_Warning TIFFReadDirectory: Unknown field with tag 50838 (0xc696) encountered
[ WARN:0@353.112] global grfmt_tiff.cpp:123 TIFF_Warning TIFFReadDirectory: Unknown field with tag 50839 (0xc697) encountered
[ WARN:0@353.114] global grfmt_tiff.cpp:123 TIFF_Warning TIFFReadDirectory: Unknown field with tag 50838 (0xc696) encountered
[ WARN:0@353.114] global grfmt_tiff.cpp:123 TIFF_Warning TIFFReadDirectory: Unknown field with tag 50839 (0xc697) encountered
[ WARN:0@353.116] global grfmt_tiff.cpp:123 TIFF_Warning TIFFReadDirectory: Unknown field with tag 50838 (0xc696) encountered
[ WARN:0@353.116] global grfmt_tiff.cpp:123 TIFF_Warning TIFFReadDirectory: Unknown field with tag 50839 (0xc697) encountered
[ WARN:0@353.119] global grfmt_tiff.cpp:123 TIFF_Warning TIFFReadDirectory: Unknown field with tag 50838 (0xc696) encountered
[ WARN:0@353.119] global grfmt_tiff.cpp:123 TIFF_Warning TIFFReadDirectory: Unknown field with tag 50839 (0xc697) encountered
[ WARN:0@353.120] global grfmt_tiff.cpp:123 TIFF_Warning TIFFReadDirectory: Unknown field with tag 50838 (0xc696) encountered
[ WARN:0@353.120] global grfmt_tiff.cpp:123 TIFF_Warning TIFFReadDirectory: Unknown field with tag 50839 (0xc697) encountered
[ WARN:0@353.123] global grfmt_tiff.cpp:123 TIFF_Warning TIFFReadDirectory: Unknown field with tag 50838 (0xc696) encountered
[ WARN:0@353.123] global grfmt_tiff.cpp:123 TIFF_Warning TIFFReadDirectory: Unknown field with tag 50839 (0xc697) encountered
[ WARN:0@353.124] global grfmt_tiff.cpp:123 TIFF_Warning TIFFReadDirectory: Unknown field with tag 50838 (0xc696) encountered
[ WARN:0@353.124] global grfmt_tiff.cpp:123 TIFF_Warning TIFFReadDirectory: Unknown field with tag 50839 (0xc697) encountered
[ WARN:0@353.125] global grfmt_tiff.cpp:123 TIFF_Warning TIFFReadDirectory: Unknown field with tag 50838 (0xc696) encountered
[ WARN:0@353.125] global grfmt_tiff.cpp:123 TIFF_Warning TIFFReadDirectory: Unknown field with tag 50839 (0xc697) encountered
[ WARN:0@353.129] global grfmt_tiff.cpp:123 TIFF_Warning TIFFReadDirectory: Unknown field with tag 50838 (0xc696) encountered
[ WARN:0@353.129] global grfmt_tiff.cpp:123 TIFF_Warning TIFFReadDirectory: Unknown field with tag 50839 (0xc697) encountered
[ WARN:0@353.130] global grfmt_tiff.cpp:123 TIFF_Warning TIFFReadDirectory: Unknown field with tag 50838 (0xc696) encountered
[ WARN:0@353.130] global grfmt_tiff.cpp:123 TIFF_Warning TIFFReadDirectory: Unknown field with tag 50839 (0xc697) encountered
[ WARN:0@353.132] global grfmt_tiff.cpp:123 TIFF_Warning TIFFReadDirectory: Unknown field with tag 50838 (0xc696) encountered
[ WARN:0@353.132] global grfmt_tiff.cpp:123 TIFF_Warning TIFFReadDirectory: Unknown field with tag 50839 (0xc697) encountered
[ WARN:0@353.133] global grfmt_tiff.cpp:123 TIFF_Warning TIFFReadDirectory: Unknown field with tag 50838 (0xc696) encountered
[ WARN:0@353.133] global grfmt_tiff.cpp:123 TIFF_Warning TIFFReadDirectory: Unknown field with tag 50839 (0xc697) encountered
[ WARN:0@353.136] global grfmt_tiff.cpp:123 TIFF_Warning TIFFReadDirectory: Unknown field with tag 50838 (0xc696) encountered
[ WARN:0@353.136] global grfmt_tiff.cpp:123 TIFF_Warning TIFFReadDirectory: Unknown field with tag 50839 (0xc697) encountered
[ WARN:0@353.138] global grfmt_tiff.cpp:123 TIFF_Warning TIFFReadDirectory: Unknown field with tag 50838 (0xc696) encountered
[ WARN:0@353.139] global grfmt_tiff.cpp:123 TIFF_Warning TIFFReadDirectory: Unknown field with tag 50839 (0xc697) encountered
[ WARN:0@353.141] global grfmt_tiff.cpp:123 TIFF_Warning TIFFReadDirectory: Unknown field with tag 50838 (0xc696) encountered
[ WARN:0@353.141] global grfmt_tiff.cpp:123 TIFF_Warning TIFFReadDirectory: Unknown field with tag 50839 (0xc697) encountered
[ WARN:0@353.142] global grfmt_tiff.cpp:123 TIFF_Warning TIFFReadDirectory: Unknown field with tag 50838 (0xc696) encountered
[ WARN:0@353.142] global grfmt_tiff.cpp:123 TIFF_Warning TIFFReadDirectory: Unknown field with tag 50839 (0xc697) encountered
[ WARN:0@353.144] global grfmt_tiff.cpp:123 TIFF_Warning TIFFReadDirectory: Unknown field with tag 50838 (0xc696) encountered
[ WARN:0@353.144] global grfmt_tiff.cpp:123 TIFF_Warning TIFFReadDirectory: Unknown field with tag 50839 (0xc697) encountered
[ WARN:0@353.145] global grfmt_tiff.cpp:123 TIFF_Warning TIFFReadDirectory: Unknown field with tag 50838 (0xc696) encountered
[ WARN:0@353.145] global grfmt_tiff.cpp:123 TIFF_Warning TIFFReadDirectory: Unknown field with tag 50839 (0xc697) encountered
[ WARN:0@353.146] global grfmt_tiff.cpp:123 TIFF_Warning TIFFReadDirectory: Unknown field with tag 50838 (0xc696) encountered
[ WARN:0@353.146] global grfmt_tiff.cpp:123 TIFF_Warning TIFFReadDirectory: Unknown field with tag 50839 (0xc697) encountered
[ WARN:0@353.147] global grfmt_tiff.cpp:123 TIFF_Warning TIFFReadDirectory: Unknown field with tag 50838 (0xc696) encountered
[ WARN:0@353.147] global grfmt_tiff.cpp:123 TIFF_Warning TIFFReadDirectory: Unknown field with tag 50839 (0xc697) encountered
[ WARN:0@353.148] global grfmt_tiff.cpp:123 TIFF_Warning TIFFReadDirectory: Unknown field with tag 50838 (0xc696) encountered
[ WARN:0@353.148] global grfmt_tiff.cpp:123 TIFF_Warning TIFFReadDirectory: Unknown field with tag 50839 (0xc697) encountered
[ WARN:0@353.149] global grfmt_tiff.cpp:123 TIFF_Warning TIFFReadDirectory: Unknown field with tag 50838 (0xc696) encountered
[ WARN:0@353.149] global grfmt_tiff.cpp:123 TIFF_Warning TIFFReadDirectory: Unknown field with tag 50839 (0xc697) encountered
[ WARN:0@353.150] global grfmt_tiff.cpp:123 TIFF_Warning TIFFReadDirectory: Unknown field with tag 50838 (0xc696) encountered
[ WARN:0@353.150] global grfmt_tiff.cpp:123 TIFF_Warning TIFFReadDirectory: Unknown field with tag 50839 (0xc697) encountered
[ WARN:0@353.153] global grfmt_tiff.cpp:123 TIFF_Warning TIFFReadDirectory: Unknown field with tag 50838 (0xc696) encountered
[ WARN:0@353.153] global grfmt_tiff.cpp:123 TIFF_Warning TIFFReadDirectory: Unknown field with tag 50839 (0xc697) encountered
[ WARN:0@353.154] global grfmt_tiff.cpp:123 TIFF_Warning TIFFReadDirectory: Unknown field with tag 50838 (0xc696) encountered
[ WARN:0@353.154] global grfmt_tiff.cpp:123 TIFF_Warning TIFFReadDirectory: Unknown field with tag 50839 (0xc697) encountered
[ WARN:0@353.156] global grfmt_tiff.cpp:123 TIFF_Warning TIFFReadDirectory: Unknown field with tag 50838 (0xc696) encountered
[ WARN:0@353.156] global grfmt_tiff.cpp:123 TIFF_Warning TIFFReadDirectory: Unknown field with tag 50839 (0xc697) encountered
[ WARN:0@353.157] global grfmt_tiff.cpp:123 TIFF_Warning TIFFReadDirectory: Unknown field with tag 50838 (0xc696) encountered
[ WARN:0@353.157] global grfmt_tiff.cpp:123 TIFF_Warning TIFFReadDirectory: Unknown field with tag 50839 (0xc697) encountered
[ WARN:0@353.160] global grfmt_tiff.cpp:123 TIFF_Warning TIFFReadDirectory: Unknown field with tag 50838 (0xc696) encountered
[ WARN:0@353.160] global grfmt_tiff.cpp:123 TIFF_Warning TIFFReadDirectory: Unknown field with tag 50839 (0xc697) encountered
[ WARN:0@353.163] global grfmt_tiff.cpp:123 TIFF_Warning TIFFReadDirectory: Unknown field with tag 50838 (0xc696) encountered
[ WARN:0@353.163] global grfmt_tiff.cpp:123 TIFF_Warning TIFFReadDirectory: Unknown field with tag 50839 (0xc697) encountered
[ WARN:0@353.164] global grfmt_tiff.cpp:123 TIFF_Warning TIFFReadDirectory: Unknown field with tag 50838 (0xc696) encountered
[ WARN:0@353.164] global grfmt_tiff.cpp:123 TIFF_Warning TIFFReadDirectory: Unknown field with tag 50839 (0xc697) encountered
[ WARN:0@353.167] global grfmt_tiff.cpp:123 TIFF_Warning TIFFReadDirectory: Unknown field with tag 50838 (0xc696) encountered
[ WARN:0@353.167] global grfmt_tiff.cpp:123 TIFF_Warning TIFFReadDirectory: Unknown field with tag 50839 (0xc697) encountered
[ WARN:0@353.168] global grfmt_tiff.cpp:123 TIFF_Warning TIFFReadDirectory: Unknown field with tag 50838 (0xc696) encountered
[ WARN:0@353.168] global grfmt_tiff.cpp:123 TIFF_Warning TIFFReadDirectory: Unknown field with tag 50839 (0xc697) encountered
[ WARN:0@353.169] global grfmt_tiff.cpp:123 TIFF_Warning TIFFReadDirectory: Unknown field with tag 50838 (0xc696) encountered
[ WARN:0@353.169] global grfmt_tiff.cpp:123 TIFF_Warning TIFFReadDirectory: Unknown field with tag 50839 (0xc697) encountered
[ WARN:0@353.173] global grfmt_tiff.cpp:123 TIFF_Warning TIFFReadDirectory: Unknown field with tag 50838 (0xc696) encountered
[ WARN:0@353.173] global grfmt_tiff.cpp:123 TIFF_Warning TIFFReadDirectory: Unknown field with tag 50839 (0xc697) encountered
[ WARN:0@353.174] global grfmt_tiff.cpp:123 TIFF_Warning TIFFReadDirectory: Unknown field with tag 50838 (0xc696) encountered
[ WARN:0@353.174] global grfmt_tiff.cpp:123 TIFF_Warning TIFFReadDirectory: Unknown field with tag 50839 (0xc697) encountered
[ WARN:0@353.176] global grfmt_tiff.cpp:123 TIFF_Warning TIFFReadDirectory: Unknown field with tag 50838 (0xc696) encountered
[ WARN:0@353.176] global grfmt_tiff.cpp:123 TIFF_Warning TIFFReadDirectory: Unknown field with tag 50839 (0xc697) encountered
[ WARN:0@353.177] global grfmt_tiff.cpp:123 TIFF_Warning TIFFReadDirectory: Unknown field with tag 50838 (0xc696) encountered
[ WARN:0@353.177] global grfmt_tiff.cpp:123 TIFF_Warning TIFFReadDirectory: Unknown field with tag 50839 (0xc697) encountered
[ WARN:0@353.180] global grfmt_tiff.cpp:123 TIFF_Warning TIFFReadDirectory: Unknown field with tag 50838 (0xc696) encountered
[ WARN:0@353.180] global grfmt_tiff.cpp:123 TIFF_Warning TIFFReadDirectory: Unknown field with tag 50839 (0xc697) encountered
[ WARN:0@353.183] global grfmt_tiff.cpp:123 TIFF_Warning TIFFReadDirectory: Unknown field with tag 50838 (0xc696) encountered
[ WARN:0@353.183] global grfmt_tiff.cpp:123 TIFF_Warning TIFFReadDirectory: Unknown field with tag 50839 (0xc697) encountered
[ WARN:0@353.185] global grfmt_tiff.cpp:123 TIFF_Warning TIFFReadDirectory: Unknown field with tag 50838 (0xc696) encountered
[ WARN:0@353.185] global grfmt_tiff.cpp:123 TIFF_Warning TIFFReadDirectory: Unknown field with tag 50839 (0xc697) encountered
[ WARN:0@353.186] global grfmt_tiff.cpp:123 TIFF_Warning TIFFReadDirectory: Unknown field with tag 50838 (0xc696) encountered
[ WARN:0@353.186] global grfmt_tiff.cpp:123 TIFF_Warning TIFFReadDirectory: Unknown field with tag 50839 (0xc697) encountered
[ WARN:0@353.188] global grfmt_tiff.cpp:123 TIFF_Warning TIFFReadDirectory: Unknown field with tag 50838 (0xc696) encountered
[ WARN:0@353.188] global grfmt_tiff.cpp:123 TIFF_Warning TIFFReadDirectory: Unknown field with tag 50839 (0xc697) encountered
[ WARN:0@353.189] global grfmt_tiff.cpp:123 TIFF_Warning TIFFReadDirectory: Unknown field with tag 50838 (0xc696) encountered
[ WARN:0@353.189] global grfmt_tiff.cpp:123 TIFF_Warning TIFFReadDirectory: Unknown field with tag 50839 (0xc697) encountered
[ WARN:0@353.190] global grfmt_tiff.cpp:123 TIFF_Warning TIFFReadDirectory: Unknown field with tag 50838 (0xc696) encountered
[ WARN:0@353.190] global grfmt_tiff.cpp:123 TIFF_Warning TIFFReadDirectory: Unknown field with tag 50839 (0xc697) encountered
[ WARN:0@353.193] global grfmt_tiff.cpp:123 TIFF_Warning TIFFReadDirectory: Unknown field with tag 50838 (0xc696) encountered
[ WARN:0@353.193] global grfmt_tiff.cpp:123 TIFF_Warning TIFFReadDirectory: Unknown field with tag 50839 (0xc697) encountered
[ WARN:0@353.194] global grfmt_tiff.cpp:123 TIFF_Warning TIFFReadDirectory: Unknown field with tag 50838 (0xc696) encountered
[ WARN:0@353.194] global grfmt_tiff.cpp:123 TIFF_Warning TIFFReadDirectory: Unknown field with tag 50839 (0xc697) encountered
[ WARN:0@353.195] global grfmt_tiff.cpp:123 TIFF_Warning TIFFReadDirectory: Unknown field with tag 50838 (0xc696) encountered
[ WARN:0@353.195] global grfmt_tiff.cpp:123 TIFF_Warning TIFFReadDirectory: Unknown field with tag 50839 (0xc697) encountered
[ WARN:0@353.196] global grfmt_tiff.cpp:123 TIFF_Warning TIFFReadDirectory: Unknown field with tag 50838 (0xc696) encountered
[ WARN:0@353.196] global grfmt_tiff.cpp:123 TIFF_Warning TIFFReadDirectory: Unknown field with tag 50839 (0xc697) encountered
[ WARN:0@353.199] global grfmt_tiff.cpp:123 TIFF_Warning TIFFReadDirectory: Unknown field with tag 50838 (0xc696) encountered
[ WARN:0@353.199] global grfmt_tiff.cpp:123 TIFF_Warning TIFFReadDirectory: Unknown field with tag 50839 (0xc697) encountered
[ WARN:0@353.200] global grfmt_tiff.cpp:123 TIFF_Warning TIFFReadDirectory: Unknown field with tag 50838 (0xc696) encountered
[ WARN:0@353.200] global grfmt_tiff.cpp:123 TIFF_Warning TIFFReadDirectory: Unknown field with tag 50839 (0xc697) encountered
[ WARN:0@353.202] global grfmt_tiff.cpp:123 TIFF_Warning TIFFReadDirectory: Unknown field with tag 50838 (0xc696) encountered
[ WARN:0@353.202] global grfmt_tiff.cpp:123 TIFF_Warning TIFFReadDirectory: Unknown field with tag 50839 (0xc697) encountered
[ WARN:0@353.203] global grfmt_tiff.cpp:123 TIFF_Warning TIFFReadDirectory: Unknown field with tag 50838 (0xc696) encountered
[ WARN:0@353.203] global grfmt_tiff.cpp:123 TIFF_Warning TIFFReadDirectory: Unknown field with tag 50839 (0xc697) encountered
[ WARN:0@353.206] global grfmt_tiff.cpp:123 TIFF_Warning TIFFReadDirectory: Unknown field with tag 50838 (0xc696) encountered
[ WARN:0@353.206] global grfmt_tiff.cpp:123 TIFF_Warning TIFFReadDirectory: Unknown field with tag 50839 (0xc697) encountered
[ WARN:0@353.209] global grfmt_tiff.cpp:123 TIFF_Warning TIFFReadDirectory: Unknown field with tag 50838 (0xc696) encountered
[ WARN:0@353.209] global grfmt_tiff.cpp:123 TIFF_Warning TIFFReadDirectory: Unknown field with tag 50839 (0xc697) encountered
[ WARN:0@353.210] global grfmt_tiff.cpp:123 TIFF_Warning TIFFReadDirectory: Unknown field with tag 50838 (0xc696) encountered
[ WARN:0@353.210] global grfmt_tiff.cpp:123 TIFF_Warning TIFFReadDirectory: Unknown field with tag 50839 (0xc697) encountered
[ WARN:0@353.213] global grfmt_tiff.cpp:123 TIFF_Warning TIFFReadDirectory: Unknown field with tag 50838 (0xc696) encountered
[ WARN:0@353.213] global grfmt_tiff.cpp:123 TIFF_Warning TIFFReadDirectory: Unknown field with tag 50839 (0xc697) encountered
[ WARN:0@353.214] global grfmt_tiff.cpp:123 TIFF_Warning TIFFReadDirectory: Unknown field with tag 50838 (0xc696) encountered
[ WARN:0@353.214] global grfmt_tiff.cpp:123 TIFF_Warning TIFFReadDirectory: Unknown field with tag 50839 (0xc697) encountered
[ WARN:0@353.215] global grfmt_tiff.cpp:123 TIFF_Warning TIFFReadDirectory: Unknown field with tag 50838 (0xc696) encountered
[ WARN:0@353.215] global grfmt_tiff.cpp:123 TIFF_Warning TIFFReadDirectory: Unknown field with tag 50839 (0xc697) encountered
[ WARN:0@353.218] global grfmt_tiff.cpp:123 TIFF_Warning TIFFReadDirectory: Unknown field with tag 50838 (0xc696) encountered
[ WARN:0@353.218] global grfmt_tiff.cpp:123 TIFF_Warning TIFFReadDirectory: Unknown field with tag 50839 (0xc697) encountered
[ WARN:0@353.220] global grfmt_tiff.cpp:123 TIFF_Warning TIFFReadDirectory: Unknown field with tag 50838 (0xc696) encountered
[ WARN:0@353.220] global grfmt_tiff.cpp:123 TIFF_Warning TIFFReadDirectory: Unknown field with tag 50839 (0xc697) encountered
[ WARN:0@353.222] global grfmt_tiff.cpp:123 TIFF_Warning TIFFReadDirectory: Unknown field with tag 50838 (0xc696) encountered
[ WARN:0@353.222] global grfmt_tiff.cpp:123 TIFF_Warning TIFFReadDirectory: Unknown field with tag 50839 (0xc697) encountered
[ WARN:0@353.223] global grfmt_tiff.cpp:123 TIFF_Warning TIFFReadDirectory: Unknown field with tag 50838 (0xc696) encountered
[ WARN:0@353.223] global grfmt_tiff.cpp:123 TIFF_Warning TIFFReadDirectory: Unknown field with tag 50839 (0xc697) encountered
[ WARN:0@353.226] global grfmt_tiff.cpp:123 TIFF_Warning TIFFReadDirectory: Unknown field with tag 50838 (0xc696) encountered
[ WARN:0@353.226] global grfmt_tiff.cpp:123 TIFF_Warning TIFFReadDirectory: Unknown field with tag 50839 (0xc697) encountered
[ WARN:0@353.228] global grfmt_tiff.cpp:123 TIFF_Warning TIFFReadDirectory: Unknown field with tag 50838 (0xc696) encountered
[ WARN:0@353.228] global grfmt_tiff.cpp:123 TIFF_Warning TIFFReadDirectory: Unknown field with tag 50839 (0xc697) encountered
[ WARN:0@353.231] global grfmt_tiff.cpp:123 TIFF_Warning TIFFReadDirectory: Unknown field with tag 50838 (0xc696) encountered
[ WARN:0@353.231] global grfmt_tiff.cpp:123 TIFF_Warning TIFFReadDirectory: Unknown field with tag 50839 (0xc697) encountered
[ WARN:0@353.232] global grfmt_tiff.cpp:123 TIFF_Warning TIFFReadDirectory: Unknown field with tag 50838 (0xc696) encountered
[ WARN:0@353.232] global grfmt_tiff.cpp:123 TIFF_Warning TIFFReadDirectory: Unknown field with tag 50839 (0xc697) encountered
[ WARN:0@353.234] global grfmt_tiff.cpp:123 TIFF_Warning TIFFReadDirectory: Unknown field with tag 50838 (0xc696) encountered
[ WARN:0@353.234] global grfmt_tiff.cpp:123 TIFF_Warning TIFFReadDirectory: Unknown field with tag 50839 (0xc697) encountered
[ WARN:0@353.235] global grfmt_tiff.cpp:123 TIFF_Warning TIFFReadDirectory: Unknown field with tag 50838 (0xc696) encountered
[ WARN:0@353.235] global grfmt_tiff.cpp:123 TIFF_Warning TIFFReadDirectory: Unknown field with tag 50839 (0xc697) encountered
[ WARN:0@353.236] global grfmt_tiff.cpp:123 TIFF_Warning TIFFReadDirectory: Unknown field with tag 50838 (0xc696) encountered
[ WARN:0@353.236] global grfmt_tiff.cpp:123 TIFF_Warning TIFFReadDirectory: Unknown field with tag 50839 (0xc697) encountered
[ WARN:0@353.237] global grfmt_tiff.cpp:123 TIFF_Warning TIFFReadDirectory: Unknown field with tag 50838 (0xc696) encountered
[ WARN:0@353.237] global grfmt_tiff.cpp:123 TIFF_Warning TIFFReadDirectory: Unknown field with tag 50839 (0xc697) encountered
[ WARN:0@353.238] global grfmt_tiff.cpp:123 TIFF_Warning TIFFReadDirectory: Unknown field with tag 50838 (0xc696) encountered
[ WARN:0@353.238] global grfmt_tiff.cpp:123 TIFF_Warning TIFFReadDirectory: Unknown field with tag 50839 (0xc697) encountered
[ WARN:0@353.239] global grfmt_tiff.cpp:123 TIFF_Warning TIFFReadDirectory: Unknown field with tag 50838 (0xc696) encountered
[ WARN:0@353.239] global grfmt_tiff.cpp:123 TIFF_Warning TIFFReadDirectory: Unknown field with tag 50839 (0xc697) encountered
[ WARN:0@353.240] global grfmt_tiff.cpp:123 TIFF_Warning TIFFReadDirectory: Unknown field with tag 50838 (0xc696) encountered
[ WARN:0@353.240] global grfmt_tiff.cpp:123 TIFF_Warning TIFFReadDirectory: Unknown field with tag 50839 (0xc697) encountered
[ WARN:0@353.243] global grfmt_tiff.cpp:123 TIFF_Warning TIFFReadDirectory: Unknown field with tag 50838 (0xc696) encountered
[ WARN:0@353.243] global grfmt_tiff.cpp:123 TIFF_Warning TIFFReadDirectory: Unknown field with tag 50839 (0xc697) encountered
[ WARN:0@353.244] global grfmt_tiff.cpp:123 TIFF_Warning TIFFReadDirectory: Unknown field with tag 50838 (0xc696) encountered
[ WARN:0@353.244] global grfmt_tiff.cpp:123 TIFF_Warning TIFFReadDirectory: Unknown field with tag 50839 (0xc697) encountered
[ WARN:0@353.246] global grfmt_tiff.cpp:123 TIFF_Warning TIFFReadDirectory: Unknown field with tag 50838 (0xc696) encountered
[ WARN:0@353.246] global grfmt_tiff.cpp:123 TIFF_Warning TIFFReadDirectory: Unknown field with tag 50839 (0xc697) encountered
[ WARN:0@353.248] global grfmt_tiff.cpp:123 TIFF_Warning TIFFReadDirectory: Unknown field with tag 50838 (0xc696) encountered
[ WARN:0@353.248] global grfmt_tiff.cpp:123 TIFF_Warning TIFFReadDirectory: Unknown field with tag 50839 (0xc697) encountered
[ WARN:0@353.250] global grfmt_tiff.cpp:123 TIFF_Warning TIFFReadDirectory: Unknown field with tag 50838 (0xc696) encountered
[ WARN:0@353.250] global grfmt_tiff.cpp:123 TIFF_Warning TIFFReadDirectory: Unknown field with tag 50839 (0xc697) encountered
[ WARN:0@353.253] global grfmt_tiff.cpp:123 TIFF_Warning TIFFReadDirectory: Unknown field with tag 50838 (0xc696) encountered
[ WARN:0@353.254] global grfmt_tiff.cpp:123 TIFF_Warning TIFFReadDirectory: Unknown field with tag 50839 (0xc697) encountered
[ WARN:0@353.254] global grfmt_tiff.cpp:123 TIFF_Warning TIFFReadDirectory: Unknown field with tag 50838 (0xc696) encountered
[ WARN:0@353.254] global grfmt_tiff.cpp:123 TIFF_Warning TIFFReadDirectory: Unknown field with tag 50839 (0xc697) encountered
[ WARN:0@353.257] global grfmt_tiff.cpp:123 TIFF_Warning TIFFReadDirectory: Unknown field with tag 50838 (0xc696) encountered
[ WARN:0@353.257] global grfmt_tiff.cpp:123 TIFF_Warning TIFFReadDirectory: Unknown field with tag 50839 (0xc697) encountered
[ WARN:0@353.258] global grfmt_tiff.cpp:123 TIFF_Warning TIFFReadDirectory: Unknown field with tag 50838 (0xc696) encountered
[ WARN:0@353.258] global grfmt_tiff.cpp:123 TIFF_Warning TIFFReadDirectory: Unknown field with tag 50839 (0xc697) encountered
[ WARN:0@353.259] global grfmt_tiff.cpp:123 TIFF_Warning TIFFReadDirectory: Unknown field with tag 50838 (0xc696) encountered
[ WARN:0@353.259] global grfmt_tiff.cpp:123 TIFF_Warning TIFFReadDirectory: Unknown field with tag 50839 (0xc697) encountered
[ WARN:0@353.263] global grfmt_tiff.cpp:123 TIFF_Warning TIFFReadDirectory: Unknown field with tag 50838 (0xc696) encountered
[ WARN:0@353.263] global grfmt_tiff.cpp:123 TIFF_Warning TIFFReadDirectory: Unknown field with tag 50839 (0xc697) encountered
[ WARN:0@353.264] global grfmt_tiff.cpp:123 TIFF_Warning TIFFReadDirectory: Unknown field with tag 50838 (0xc696) encountered
[ WARN:0@353.264] global grfmt_tiff.cpp:123 TIFF_Warning TIFFReadDirectory: Unknown field with tag 50839 (0xc697) encountered
[ WARN:0@353.266] global grfmt_tiff.cpp:123 TIFF_Warning TIFFReadDirectory: Unknown field with tag 50838 (0xc696) encountered
[ WARN:0@353.266] global grfmt_tiff.cpp:123 TIFF_Warning TIFFReadDirectory: Unknown field with tag 50839 (0xc697) encountered
[ WARN:0@353.267] global grfmt_tiff.cpp:123 TIFF_Warning TIFFReadDirectory: Unknown field with tag 50838 (0xc696) encountered
[ WARN:0@353.267] global grfmt_tiff.cpp:123 TIFF_Warning TIFFReadDirectory: Unknown field with tag 50839 (0xc697) encountered
[ WARN:0@353.271] global grfmt_tiff.cpp:123 TIFF_Warning TIFFReadDirectory: Unknown field with tag 50838 (0xc696) encountered
[ WARN:0@353.271] global grfmt_tiff.cpp:123 TIFF_Warning TIFFReadDirectory: Unknown field with tag 50839 (0xc697) encountered
[ WARN:0@353.273] global grfmt_tiff.cpp:123 TIFF_Warning TIFFReadDirectory: Unknown field with tag 50838 (0xc696) encountered
[ WARN:0@353.273] global grfmt_tiff.cpp:123 TIFF_Warning TIFFReadDirectory: Unknown field with tag 50839 (0xc697) encountered
[ WARN:0@353.275] global grfmt_tiff.cpp:123 TIFF_Warning TIFFReadDirectory: Unknown field with tag 50838 (0xc696) encountered
[ WARN:0@353.275] global grfmt_tiff.cpp:123 TIFF_Warning TIFFReadDirectory: Unknown field with tag 50839 (0xc697) encountered
[ WARN:0@353.276] global grfmt_tiff.cpp:123 TIFF_Warning TIFFReadDirectory: Unknown field with tag 50838 (0xc696) encountered
[ WARN:0@353.276] global grfmt_tiff.cpp:123 TIFF_Warning TIFFReadDirectory: Unknown field with tag 50839 (0xc697) encountered
[ WARN:0@353.278] global grfmt_tiff.cpp:123 TIFF_Warning TIFFReadDirectory: Unknown field with tag 50838 (0xc696) encountered
[ WARN:0@353.278] global grfmt_tiff.cpp:123 TIFF_Warning TIFFReadDirectory: Unknown field with tag 50839 (0xc697) encountered
[ WARN:0@353.279] global grfmt_tiff.cpp:123 TIFF_Warning TIFFReadDirectory: Unknown field with tag 50838 (0xc696) encountered
[ WARN:0@353.279] global grfmt_tiff.cpp:123 TIFF_Warning TIFFReadDirectory: Unknown field with tag 50839 (0xc697) encountered
[ WARN:0@353.280] global grfmt_tiff.cpp:123 TIFF_Warning TIFFReadDirectory: Unknown field with tag 50838 (0xc696) encountered
[ WARN:0@353.281] global grfmt_tiff.cpp:123 TIFF_Warning TIFFReadDirectory: Unknown field with tag 50839 (0xc697) encountered
[ WARN:0@353.283] global grfmt_tiff.cpp:123 TIFF_Warning TIFFReadDirectory: Unknown field with tag 50838 (0xc696) encountered
[ WARN:0@353.283] global grfmt_tiff.cpp:123 TIFF_Warning TIFFReadDirectory: Unknown field with tag 50839 (0xc697) encountered
[ WARN:0@353.284] global grfmt_tiff.cpp:123 TIFF_Warning TIFFReadDirectory: Unknown field with tag 50838 (0xc696) encountered
[ WARN:0@353.284] global grfmt_tiff.cpp:123 TIFF_Warning TIFFReadDirectory: Unknown field with tag 50839 (0xc697) encountered
[ WARN:0@353.285] global grfmt_tiff.cpp:123 TIFF_Warning TIFFReadDirectory: Unknown field with tag 50838 (0xc696) encountered
[ WARN:0@353.285] global grfmt_tiff.cpp:123 TIFF_Warning TIFFReadDirectory: Unknown field with tag 50839 (0xc697) encountered
[ WARN:0@353.286] global grfmt_tiff.cpp:123 TIFF_Warning TIFFReadDirectory: Unknown field with tag 50838 (0xc696) encountered
[ WARN:0@353.286] global grfmt_tiff.cpp:123 TIFF_Warning TIFFReadDirectory: Unknown field with tag 50839 (0xc697) encountered
[ WARN:0@353.289] global grfmt_tiff.cpp:123 TIFF_Warning TIFFReadDirectory: Unknown field with tag 50838 (0xc696) encountered
[ WARN:0@353.289] global grfmt_tiff.cpp:123 TIFF_Warning TIFFReadDirectory: Unknown field with tag 50839 (0xc697) encountered
[ WARN:0@353.290] global grfmt_tiff.cpp:123 TIFF_Warning TIFFReadDirectory: Unknown field with tag 50838 (0xc696) encountered
[ WARN:0@353.290] global grfmt_tiff.cpp:123 TIFF_Warning TIFFReadDirectory: Unknown field with tag 50839 (0xc697) encountered
[ WARN:0@353.292] global grfmt_tiff.cpp:123 TIFF_Warning TIFFReadDirectory: Unknown field with tag 50838 (0xc696) encountered
[ WARN:0@353.292] global grfmt_tiff.cpp:123 TIFF_Warning TIFFReadDirectory: Unknown field with tag 50839 (0xc697) encountered
[ WARN:0@353.294] global grfmt_tiff.cpp:123 TIFF_Warning TIFFReadDirectory: Unknown field with tag 50838 (0xc696) encountered
[ WARN:0@353.294] global grfmt_tiff.cpp:123 TIFF_Warning TIFFReadDirectory: Unknown field with tag 50839 (0xc697) encountered
[ WARN:0@353.296] global grfmt_tiff.cpp:123 TIFF_Warning TIFFReadDirectory: Unknown field with tag 50838 (0xc696) encountered
[ WARN:0@353.296] global grfmt_tiff.cpp:123 TIFF_Warning TIFFReadDirectory: Unknown field with tag 50839 (0xc697) encountered
[ WARN:0@353.299] global grfmt_tiff.cpp:123 TIFF_Warning TIFFReadDirectory: Unknown field with tag 50838 (0xc696) encountered
[ WARN:0@353.300] global grfmt_tiff.cpp:123 TIFF_Warning TIFFReadDirectory: Unknown field with tag 50839 (0xc697) encountered
[ WARN:0@353.300] global grfmt_tiff.cpp:123 TIFF_Warning TIFFReadDirectory: Unknown field with tag 50838 (0xc696) encountered
[ WARN:0@353.300] global grfmt_tiff.cpp:123 TIFF_Warning TIFFReadDirectory: Unknown field with tag 50839 (0xc697) encountered
[ WARN:0@353.303] global grfmt_tiff.cpp:123 TIFF_Warning TIFFReadDirectory: Unknown field with tag 50838 (0xc696) encountered
[ WARN:0@353.303] global grfmt_tiff.cpp:123 TIFF_Warning TIFFReadDirectory: Unknown field with tag 50839 (0xc697) encountered
[ WARN:0@353.304] global grfmt_tiff.cpp:123 TIFF_Warning TIFFReadDirectory: Unknown field with tag 50838 (0xc696) encountered
[ WARN:0@353.304] global grfmt_tiff.cpp:123 TIFF_Warning TIFFReadDirectory: Unknown field with tag 50839 (0xc697) encountered
[ WARN:0@353.305] global grfmt_tiff.cpp:123 TIFF_Warning TIFFReadDirectory: Unknown field with tag 50838 (0xc696) encountered
[ WARN:0@353.305] global grfmt_tiff.cpp:123 TIFF_Warning TIFFReadDirectory: Unknown field with tag 50839 (0xc697) encountered
[ WARN:0@353.309] global grfmt_tiff.cpp:123 TIFF_Warning TIFFReadDirectory: Unknown field with tag 50838 (0xc696) encountered
[ WARN:0@353.309] global grfmt_tiff.cpp:123 TIFF_Warning TIFFReadDirectory: Unknown field with tag 50839 (0xc697) encountered
[ WARN:0@353.310] global grfmt_tiff.cpp:123 TIFF_Warning TIFFReadDirectory: Unknown field with tag 50838 (0xc696) encountered
[ WARN:0@353.310] global grfmt_tiff.cpp:123 TIFF_Warning TIFFReadDirectory: Unknown field with tag 50839 (0xc697) encountered
[ WARN:0@353.312] global grfmt_tiff.cpp:123 TIFF_Warning TIFFReadDirectory: Unknown field with tag 50838 (0xc696) encountered
[ WARN:0@353.312] global grfmt_tiff.cpp:123 TIFF_Warning TIFFReadDirectory: Unknown field with tag 50839 (0xc697) encountered
[ WARN:0@353.313] global grfmt_tiff.cpp:123 TIFF_Warning TIFFReadDirectory: Unknown field with tag 50838 (0xc696) encountered
[ WARN:0@353.313] global grfmt_tiff.cpp:123 TIFF_Warning TIFFReadDirectory: Unknown field with tag 50839 (0xc697) encountered
[ WARN:0@353.316] global grfmt_tiff.cpp:123 TIFF_Warning TIFFReadDirectory: Unknown field with tag 50838 (0xc696) encountered
[ WARN:0@353.316] global grfmt_tiff.cpp:123 TIFF_Warning TIFFReadDirectory: Unknown field with tag 50839 (0xc697) encountered
[ WARN:0@353.319] global grfmt_tiff.cpp:123 TIFF_Warning TIFFReadDirectory: Unknown field with tag 50838 (0xc696) encountered
[ WARN:0@353.319] global grfmt_tiff.cpp:123 TIFF_Warning TIFFReadDirectory: Unknown field with tag 50839 (0xc697) encountered
[ WARN:0@353.321] global grfmt_tiff.cpp:123 TIFF_Warning TIFFReadDirectory: Unknown field with tag 50838 (0xc696) encountered
[ WARN:0@353.321] global grfmt_tiff.cpp:123 TIFF_Warning TIFFReadDirectory: Unknown field with tag 50839 (0xc697) encountered
[ WARN:0@353.322] global grfmt_tiff.cpp:123 TIFF_Warning TIFFReadDirectory: Unknown field with tag 50838 (0xc696) encountered
[ WARN:0@353.322] global grfmt_tiff.cpp:123 TIFF_Warning TIFFReadDirectory: Unknown field with tag 50839 (0xc697) encountered
[ WARN:0@353.324] global grfmt_tiff.cpp:123 TIFF_Warning TIFFReadDirectory: Unknown field with tag 50838 (0xc696) encountered
[ WARN:0@353.324] global grfmt_tiff.cpp:123 TIFF_Warning TIFFReadDirectory: Unknown field with tag 50839 (0xc697) encountered
[ WARN:0@353.325] global grfmt_tiff.cpp:123 TIFF_Warning TIFFReadDirectory: Unknown field with tag 50838 (0xc696) encountered
[ WARN:0@353.325] global grfmt_tiff.cpp:123 TIFF_Warning TIFFReadDirectory: Unknown field with tag 50839 (0xc697) encountered
[ WARN:0@353.326] global grfmt_tiff.cpp:123 TIFF_Warning TIFFReadDirectory: Unknown field with tag 50838 (0xc696) encountered
[ WARN:0@353.326] global grfmt_tiff.cpp:123 TIFF_Warning TIFFReadDirectory: Unknown field with tag 50839 (0xc697) encountered
[ WARN:0@353.328] global grfmt_tiff.cpp:123 TIFF_Warning TIFFReadDirectory: Unknown field with tag 50838 (0xc696) encountered
[ WARN:0@353.328] global grfmt_tiff.cpp:123 TIFF_Warning TIFFReadDirectory: Unknown field with tag 50839 (0xc697) encountered
[ WARN:0@353.329] global grfmt_tiff.cpp:123 TIFF_Warning TIFFReadDirectory: Unknown field with tag 50838 (0xc696) encountered
[ WARN:0@353.329] global grfmt_tiff.cpp:123 TIFF_Warning TIFFReadDirectory: Unknown field with tag 50839 (0xc697) encountered
[ WARN:0@353.330] global grfmt_tiff.cpp:123 TIFF_Warning TIFFReadDirectory: Unknown field with tag 50838 (0xc696) encountered
[ WARN:0@353.330] global grfmt_tiff.cpp:123 TIFF_Warning TIFFReadDirectory: Unknown field with tag 50839 (0xc697) encountered
[ WARN:0@353.331] global grfmt_tiff.cpp:123 TIFF_Warning TIFFReadDirectory: Unknown field with tag 50838 (0xc696) encountered
[ WARN:0@353.331] global grfmt_tiff.cpp:123 TIFF_Warning TIFFReadDirectory: Unknown field with tag 50839 (0xc697) encountered
[ WARN:0@353.333] global grfmt_tiff.cpp:123 TIFF_Warning TIFFReadDirectory: Unknown field with tag 50838 (0xc696) encountered
[ WARN:0@353.333] global grfmt_tiff.cpp:123 TIFF_Warning TIFFReadDirectory: Unknown field with tag 50839 (0xc697) encountered
[ WARN:0@353.334] global grfmt_tiff.cpp:123 TIFF_Warning TIFFReadDirectory: Unknown field with tag 50838 (0xc696) encountered
[ WARN:0@353.334] global grfmt_tiff.cpp:123 TIFF_Warning TIFFReadDirectory: Unknown field with tag 50839 (0xc697) encountered
[ WARN:0@353.337] global grfmt_tiff.cpp:123 TIFF_Warning TIFFReadDirectory: Unknown field with tag 50838 (0xc696) encountered
[ WARN:0@353.337] global grfmt_tiff.cpp:123 TIFF_Warning TIFFReadDirectory: Unknown field with tag 50839 (0xc697) encountered
[ WARN:0@353.338] global grfmt_tiff.cpp:123 TIFF_Warning TIFFReadDirectory: Unknown field with tag 50838 (0xc696) encountered
[ WARN:0@353.338] global grfmt_tiff.cpp:123 TIFF_Warning TIFFReadDirectory: Unknown field with tag 50839 (0xc697) encountered
[ WARN:0@353.340] global grfmt_tiff.cpp:123 TIFF_Warning TIFFReadDirectory: Unknown field with tag 50838 (0xc696) encountered
[ WARN:0@353.340] global grfmt_tiff.cpp:123 TIFF_Warning TIFFReadDirectory: Unknown field with tag 50839 (0xc697) encountered
[ WARN:0@353.344] global grfmt_tiff.cpp:123 TIFF_Warning TIFFReadDirectory: Unknown field with tag 50838 (0xc696) encountered
[ WARN:0@353.344] global grfmt_tiff.cpp:123 TIFF_Warning TIFFReadDirectory: Unknown field with tag 50839 (0xc697) encountered
[ WARN:0@353.345] global grfmt_tiff.cpp:123 TIFF_Warning TIFFReadDirectory: Unknown field with tag 50838 (0xc696) encountered
[ WARN:0@353.345] global grfmt_tiff.cpp:123 TIFF_Warning TIFFReadDirectory: Unknown field with tag 50839 (0xc697) encountered
[ WARN:0@353.347] global grfmt_tiff.cpp:123 TIFF_Warning TIFFReadDirectory: Unknown field with tag 50838 (0xc696) encountered
[ WARN:0@353.347] global grfmt_tiff.cpp:123 TIFF_Warning TIFFReadDirectory: Unknown field with tag 50839 (0xc697) encountered
[ WARN:0@353.348] global grfmt_tiff.cpp:123 TIFF_Warning TIFFReadDirectory: Unknown field with tag 50838 (0xc696) encountered
[ WARN:0@353.348] global grfmt_tiff.cpp:123 TIFF_Warning TIFFReadDirectory: Unknown field with tag 50839 (0xc697) encountered
[ WARN:0@353.349] global grfmt_tiff.cpp:123 TIFF_Warning TIFFReadDirectory: Unknown field with tag 50838 (0xc696) encountered
[ WARN:0@353.349] global grfmt_tiff.cpp:123 TIFF_Warning TIFFReadDirectory: Unknown field with tag 50839 (0xc697) encountered
[ WARN:0@353.353] global grfmt_tiff.cpp:123 TIFF_Warning TIFFReadDirectory: Unknown field with tag 50838 (0xc696) encountered
[ WARN:0@353.353] global grfmt_tiff.cpp:123 TIFF_Warning TIFFReadDirectory: Unknown field with tag 50839 (0xc697) encountered
[ WARN:0@353.354] global grfmt_tiff.cpp:123 TIFF_Warning TIFFReadDirectory: Unknown field with tag 50838 (0xc696) encountered
[ WARN:0@353.354] global grfmt_tiff.cpp:123 TIFF_Warning TIFFReadDirectory: Unknown field with tag 50839 (0xc697) encountered
[ WARN:0@353.356] global grfmt_tiff.cpp:123 TIFF_Warning TIFFReadDirectory: Unknown field with tag 50838 (0xc696) encountered
[ WARN:0@353.356] global grfmt_tiff.cpp:123 TIFF_Warning TIFFReadDirectory: Unknown field with tag 50839 (0xc697) encountered
[ WARN:0@353.357] global grfmt_tiff.cpp:123 TIFF_Warning TIFFReadDirectory: Unknown field with tag 50838 (0xc696) encountered
[ WARN:0@353.357] global grfmt_tiff.cpp:123 TIFF_Warning TIFFReadDirectory: Unknown field with tag 50839 (0xc697) encountered
[ WARN:0@353.361] global grfmt_tiff.cpp:123 TIFF_Warning TIFFReadDirectory: Unknown field with tag 50838 (0xc696) encountered
[ WARN:0@353.361] global grfmt_tiff.cpp:123 TIFF_Warning TIFFReadDirectory: Unknown field with tag 50839 (0xc697) encountered
[ WARN:0@353.363] global grfmt_tiff.cpp:123 TIFF_Warning TIFFReadDirectory: Unknown field with tag 50838 (0xc696) encountered
[ WARN:0@353.363] global grfmt_tiff.cpp:123 TIFF_Warning TIFFReadDirectory: Unknown field with tag 50839 (0xc697) encountered
[ WARN:0@353.365] global grfmt_tiff.cpp:123 TIFF_Warning TIFFReadDirectory: Unknown field with tag 50838 (0xc696) encountered
[ WARN:0@353.365] global grfmt_tiff.cpp:123 TIFF_Warning TIFFReadDirectory: Unknown field with tag 50839 (0xc697) encountered
[ WARN:0@353.366] global grfmt_tiff.cpp:123 TIFF_Warning TIFFReadDirectory: Unknown field with tag 50838 (0xc696) encountered
[ WARN:0@353.366] global grfmt_tiff.cpp:123 TIFF_Warning TIFFReadDirectory: Unknown field with tag 50839 (0xc697) encountered
[ WARN:0@353.369] global grfmt_tiff.cpp:123 TIFF_Warning TIFFReadDirectory: Unknown field with tag 50838 (0xc696) encountered
[ WARN:0@353.369] global grfmt_tiff.cpp:123 TIFF_Warning TIFFReadDirectory: Unknown field with tag 50839 (0xc697) encountered
[ WARN:0@353.370] global grfmt_tiff.cpp:123 TIFF_Warning TIFFReadDirectory: Unknown field with tag 50838 (0xc696) encountered
[ WARN:0@353.370] global grfmt_tiff.cpp:123 TIFF_Warning TIFFReadDirectory: Unknown field with tag 50839 (0xc697) encountered
[ WARN:0@353.371] global grfmt_tiff.cpp:123 TIFF_Warning TIFFReadDirectory: Unknown field with tag 50838 (0xc696) encountered
[ WARN:0@353.371] global grfmt_tiff.cpp:123 TIFF_Warning TIFFReadDirectory: Unknown field with tag 50839 (0xc697) encountered
OSF shape lookup entries: 10
GT IMG_00001.tif (wider_hL_dark): pa=17.334 fl=79.423 mt=21.778 | pred pa=6.20 fl_px=1114.8 mt_px=235.0
GT IMG_00002.tif (wider_hL_dark): pa=12.876 fl=69.424 mt=15.478 | pred pa=9.09 fl_px=1406.2 mt_px=274.6
Scale assignment: {'n_meta': 0, 'n_ocr': 309, 'n_cluster': 0, 'n_prefix': 0, 'n_shape': 0, 'n_primary': 0, 'primary_mt': 0.07452122140872364, 'primary_fl': 0.06030716369942282, 'clusters': ['wider_hL_dark']}
Residual models skipped (off or missing)
Sample residual gains disabled (n_ocr=309)
Temporal PA-only EMA over 18 groups (OCR scales preserved)
Wrote submissions/submission_dltrack_g0.csv (309 rows)
           pa_deg       fl_mm       mt_mm
count  309.000000  309.000000  309.000000
mean    13.568952   82.982501   18.987485
std      3.155514   24.754133    4.397681
min      6.341130   25.000000    6.000000
25%     11.803747   67.446038   17.329027
50%     13.097900   85.536778   19.952662
75%     14.590696   99.027876   20.506822
max     38.809141  140.000000   35.298148
geom_stats fasc_comp=19833 hough=10 radon=308 pa_apo=308 pa_nan=1 fl_x=305 fl_trig=198 fl_nan=3 mt_ok=245 mt_nan=64
clip hits pa_deg: low=0 high=0
clip hits fl_mm: low=7 high=5
clip hits mt_mm: low=3 high=0
Wrote debug submissions/submission_dltrack_g0_debug.csv
GATE_B IMG_00001.tif: PA_err=9.18 FL_err=2.89 MT_err=4.43
GATE_B IMG_00002.tif: PA_err=3.17 FL_err=22.93 MT_err=2.55
